0 4369
0 3675
0 4551
0 7979
4369 8874
4369 7609
4551 6191
4551 8731
2 8825
2 7508
2 9400
7508 9981
3 278
3 2386
3 9616
3 2358
278 4787
278 1587
2386 9624
2386 6276
2386 7437
2358 6804
2358 8295
2358 4397
4 1093
4 9354
4 887
4 604
4 8979
4 9506
4 8311
1093 9100
1093 3704
9354 9357
887 5427
887 7175
887 999
887 2542
604 3965
5 9944
5 3316
5 2606
5 1441
3316 6560
3316 7787
2606 4024
2606 4198
2606 5717
2606 9067
1441 6412
1441 9049
1441 1772
6 6243
6 5076
6 2830
6 6823
6 6747
6 8336
6 5597
6243 8376
6243 8652
6243 9429
5076 7328
5076 6702
2830 3257
2830 7290
2830 7741
6747 7407
5597 6637
5597 8802
5597 8666
7 2661
7 8727
7 2139
7 3274
7 3354
7 1373
7 6007
2661 8094
2661 9007
2139 6710
2139 8721
3274 9560
3274 7459
3274 4105
3274 4619
3354 6170
1373 8702
1373 7799
1373 7125
1373 3125
8 4552
8 8458
8 9882
8 780
4552 8304
780 2551
780 9077
780 3784
780 8332
9 9549
9 6164
9 9517
6164 7313
10 6369
6369 9357
11 5519
11 9630
11 5667
5519 6989
5519 5614
5519 6658
5667 6579
5667 6424
12 4968
12 7976
12 3932
12 3457
12 9578
12 5188
4968 9411
4968 8066
4968 6139
4968 9965
3932 6388
3932 8572
3932 3961
3932 9353
3457 4122
3457 8448
3457 8149
5188 7776
13 415
13 5423
13 6069
13 9293
415 6704
415 4774
415 8081
415 6106
415 3772
5423 5875
5423 9297
5423 6344
5423 9737
5423 7559
9293 9644
14 6064
14 3771
14 1384
6064 6138
3771 9759
3771 8860
1384 7324
15 5880
15 8621
5880 8965
5880 8462
16 3561
16 8959
3561 7746
3561 7128
17 7631
17 8441
17 9048
17 5455
17 9134
17 5259
7631 9458
7631 8762
8441 9146
8441 8747
5455 7129
9134 9729
5259 8738
5259 6439
5259 6659
18 5166
18 753
18 6107
18 8820
18 2148
18 3171
18 4626
5166 8062
753 5802
753 2498
753 6921
753 3753
753 1228
6107 8132
2148 3601
2148 4424
3171 4894
3171 9426
3171 7564
3171 7153
3171 3696
3171 8277
4626 9057
4626 9334
19 7603
19 2775
19 8651
19 268
2775 3597
268 9769
268 9429
268 2485
268 5149
268 8791
20 1083
20 6291
20 3645
20 2095
20 5425
20 4002
1083 3241
1083 6628
1083 1144
1083 2681
1083 6844
1083 7671
6291 8367
3645 9492
3645 4894
3645 8768
2095 2903
5425 6569
4002 8572
21 1267
21 3297
21 2608
21 8547
21 959
1267 7652
1267 4711
1267 5675
1267 1424
3297 4343
3297 9342
2608 8642
959 8588
22 7898
23 5693
23 5948
23 2268
23 8412
5948 9246
2268 5574
8412 9270
24 6355
24 1134
24 5216
6355 7741
6355 8395
6355 8553
1134 7211
1134 3272
1134 7198
5216 8105
25 4332
25 1424
25 1254
1424 2464
1254 2965
1254 1691
1254 2484
1254 5849
26 3154
26 4412
26 4846
3154 4868
3154 9807
4412 6814
4412 7483
4846 8188
4846 6332
27 4319
27 4905
4319 7012
4319 9823
4905 6573
4905 8159
4905 6260
4905 7407
4905 6312
28 2167
28 4121
2167 8326
2167 8520
2167 4892
2167 4951
2167 9606
2167 7443
4121 8900
4121 7827
29 3290
29 5685
29 876
29 5909
29 8623
3290 5826
3290 6406
3290 9419
5685 6221
5685 7464
5685 7521
5685 7216
5685 6300
876 3390
876 8535
876 2420
876 7385
5909 6670
5909 6127
5909 7526
30 9616
31 7248
31 2598
31 5229
31 8350
31 5547
31 6042
31 739
7248 8431
7248 7430
2598 8959
2598 9057
2598 2710
5229 8185
5229 6469
8350 9502
5547 8692
5547 7619
5547 9064
5547 9698
6042 7681
6042 9689
6042 9243
6042 9120
739 9937
739 8002
32 4517
32 461
32 3454
32 6808
32 5987
32 4449
4517 8598
4517 5375
4517 6314
461 9040
461 5891
461 2492
461 5262
461 2191
3454 7505
3454 4866
6808 8541
5987 9176
4449 9182
33 2337
33 5902
33 7352
33 5420
33 1600
33 739
2337 5405
2337 7128
2337 8484
2337 2380
5902 6209
7352 7691
7352 8686
5420 7234
5420 6607
1600 7563
1600 3192
1600 8934
34 8175
34 238
34 1729
8175 8626
238 4481
238 4634
238 368
238 5377
1729 6888
1729 7497
35 841
841 1864
841 7398
841 6143
36 7892
36 7794
36 4728
36 5950
36 1174
36 2514
7892 8123
7892 9418
7794 8195
7794 8068
4728 9904
4728 7533
4728 6856
4728 5315
5950 9681
1174 8332
1174 4894
1174 5951
1174 3786
1174 1916
1174 7518
2514 9276
2514 9610
2514 5319
2514 9635
2514 5324
37 6620
37 1609
37 538
37 2184
37 3364
37 9559
1609 4060
1609 9454
1609 4488
1609 8113
1609 9352
538 7493
2184 9281
3364 6184
9559 9741
38 8469
38 4251
8469 9416
8469 9917
4251 8886
4251 8036
39 7507
7507 7998
7507 9005
40 5495
40 1222
40 5165
40 6268
40 9960
40 1478
5495 8472
1222 9949
1222 6060
5165 5629
5165 7210
6268 7045
1478 7554
1478 6956
1478 4379
1478 8312
1478 8124
41 2223
41 4393
41 4704
41 268
41 1512
41 2472
2223 7118
2223 3011
4393 8421
4393 7474
4393 7342
4393 8442
4704 6177
1512 1850
1512 5969
1512 3871
1512 4590
2472 2484
42 2789
42 3856
42 4760
42 5746
42 3349
42 2213
42 3853
2789 6623
2789 6685
3856 7547
3856 4939
4760 6758
4760 4848
5746 9673
3349 6813
3349 4477
3349 4793
3349 7070
2213 9430
3853 4136
43 7724
43 7907
43 3914
7907 8597
7907 9671
3914 5840
44 6423
44 7471
44 8815
44 5960
6423 7591
8815 9566
5960 6304
45 1781
45 9152
45 3111
1781 3052
1781 2661
1781 7113
3111 9932
3111 6224
46 7827
46 867
46 5646
46 4779
46 4349
46 3649
46 7050
46 8102
46 370
867 9395
867 2538
867 1819
867 5816
867 6561
867 2288
867 8149
5646 6046
5646 9091
4779 7925
4779 9787
4779 6829
4349 6296
4349 8302
4349 5619
4349 4869
3649 7885
370 9020
370 9980
47 536
47 9085
47 3670
536 9899
536 2635
536 4262
536 2855
536 4264
536 3419
3670 8257
3670 4498
3670 7727
3670 6336
3670 4440
3670 9877
3670 5267
3670 6983
48 4558
48 8303
48 1095
48 3047
48 1339
48 7459
4558 6571
4558 7475
8303 8607
1095 3340
1095 3497
1095 1768
1095 1578
1095 3352
1095 3810
1095 7889
1095 9316
3047 6704
3047 8091
1339 7978
1339 2316
1339 4431
1339 5993
7459 8330
7459 8505
49 315
49 2276
315 5818
315 7661
315 7996
315 5823
2276 2698
2276 4032
2276 8457
2276 9273
50 3754
3754 9505
3754 8171
3754 7116
51 7779
7779 8240
52 744
52 309
52 3620
52 6535
744 1101
53 8029
53 7764
53 7151
53 9355
7764 9340
7764 8601
7764 8164
7151 7509
54 2329
54 2969
54 2852
54 5044
2329 3246
2969 6387
2969 7596
2969 7184
2852 7860
2852 5105
2852 3247
5044 5607
5044 5190
5044 7347
55 435
55 2229
55 7626
435 3317
435 8072
435 1017
435 7574
435 9911
435 3966
435 7872
2229 3615
2229 9945
2229 3264
56 4429
56 3359
56 6275
56 1299
4429 5186
4429 6145
3359 8147
3359 5308
6275 8305
1299 7703
1299 2262
57 4185
57 606
57 839
4185 6514
606 2567
606 3717
606 8242
839 7994
839 2622
58 4890
58 9995
58 2573
58 2672
58 6897
4890 9328
4890 5029
2573 7424
2573 2770
2573 8314
2573 9804
2573 7935
2672 4574
2672 5099
6897 7916
59 8309
59 3749
59 2827
8309 8684
3749 7753
2827 6140
2827 9396
2827 8257
2827 7502
60 3479
60 2996
60 629
60 6857
2996 7982
2996 8507
2996 3894
2996 4817
2996 6047
2996 8629
629 8365
629 4922
629 1561
629 2351
6857 6905
6857 7317
61 396
61 795
61 1098
61 7272
396 6975
396 4940
795 8242
795 1292
795 2687
795 7187
1098 6248
1098 9489
1098 2821
7272 8117
62 9075
63 3742
63 9311
63 1141
3742 9957
3742 9825
3742 6994
1141 2016
1141 9354
64 4066
64 4985
64 3608
64 9531
64 2167
4066 8963
4066 8549
4066 9234
4066 5021
4066 5155
4985 5226
4985 7285
3608 8854
65 8082
65 5652
8082 8347
5652 8943
66 321
321 6715
321 9869
321 1591
321 5147
67 7408
67 3208
67 8210
67 7214
67 942
67 438
67 5826
67 7279
7408 9285
3208 6794
3208 4674
3208 3758
8210 9804
8210 9098
7214 9729
942 8366
438 7994
438 7269
438 4587
5826 7584
5826 7402
7279 9303
68 3741
68 5646
68 9867
68 4206
3741 5859
3741 5333
3741 4779
3741 7215
3741 3865
4206 7181
4206 8579
4206 6542
69 6753
69 8337
69 635
6753 9823
6753 7188
6753 9675
635 5924
635 8937
635 8428
635 3597
70 5050
70 1077
70 8657
70 4014
5050 5123
5050 6536
5050 9489
5050 5833
1077 1742
1077 2220
1077 8010
1077 9153
1077 7845
1077 1518
4014 7995
4014 4348
71 9786
71 8630
71 3971
8630 9050
3971 6290
3971 4250
3971 7886
72 6634
72 823
72 4274
72 7016
72 1185
72 8193
823 3266
823 7142
823 8936
4274 7619
4274 6488
4274 7243
4274 9908
4274 8338
1185 2342
1185 2415
8193 8748
73 3061
73 9937
73 6324
3061 7491
74 847
74 7861
74 6911
847 5882
847 9759
847 9614
7861 8844
7861 8456
6911 7125
6911 7455
6911 9925
75 4243
75 2021
75 3184
75 6903
75 4005
75 2734
75 4661
75 1885
4243 9301
4243 5218
4243 9495
2021 4636
2021 4669
2021 7075
2021 7419
3184 7405
6903 8711
6903 8034
4005 7271
4005 5562
4005 7515
2734 4894
2734 5565
2734 4574
4661 8317
4661 9427
4661 8724
4661 6807
4661 7702
4661 9819
4661 9543
4661 5219
1885 4346
1885 2647
1885 4039
1885 9200
76 5341
76 8554
76 9107
5341 9877
8554 8992
77 2255
77 2165
77 6156
77 4098
77 983
77 9444
77 1183
77 9112
2255 8273
2255 3794
2255 3632
2165 3094
2165 4237
2165 3220
2165 3343
6156 6259
6156 6181
6156 6610
6156 8858
4098 4739
4098 4476
4098 9276
983 4275
1183 8049
1183 7700
1183 7901
78 2343
78 1786
78 9626
2343 7485
2343 7624
2343 3633
1786 7565
79 8106
79 9160
79 8860
79 2566
8106 8826
2566 6826
80 9725
80 5066
5066 6696
5066 7254
81 549
81 1762
81 3703
81 8414
81 8019
81 3626
549 4295
549 6610
549 8295
1762 7949
1762 6327
3703 4300
3703 5997
3703 8302
3703 5608
3703 4402
3703 4655
3703 7193
8414 9787
82 4977
82 842
82 4970
82 6331
82 9146
82 2237
82 4198
4977 5289
4977 6215
4977 9858
842 2332
842 8708
6331 9887
9146 9865
2237 9699
2237 2875
2237 5972
2237 3254
4198 5299
4198 5929
4198 7081
4198 8371
4198 5044
83 3678
83 4547
83 1189
3678 5829
3678 8036
4547 5301
4547 9477
1189 6332
1189 7424
1189 5934
84 4220
84 1470
84 5019
84 2534
4220 9824
4220 4407
4220 6136
1470 9490
5019 5749
5019 7983
2534 5035
2534 6453
2534 6943
85 2475
85 9348
85 9922
85 1387
85 326
85 2423
85 8315
85 6803
2475 7828
1387 3172
1387 8953
2423 9993
2423 7667
2423 4449
2423 6693
8315 8789
86 8873
86 1669
1669 7270
1669 4569
1669 3375
1669 9891
1669 2697
1669 7290
1669 5031
87 7779
87 3187
87 2485
87 5676
87 7705
3187 6184
3187 4355
3187 9292
2485 7796
2485 3015
2485 8029
5676 7713
5676 6579
7705 7953
7705 7753
88 3458
88 7461
88 4005
88 7135
3458 6232
3458 5097
3458 6937
89 3607
89 8463
89 5882
89 2143
3607 8820
3607 9076
3607 6250
3607 5116
3607 5845
5882 6312
2143 7257
2143 2732
2143 7336
2143 6617
90 6808
90 692
90 2854
90 9142
90 7644
90 8010
692 7904
692 6364
692 8398
692 1726
692 1370
2854 5602
2854 6753
2854 4808
7644 9784
8010 8923
8010 9202
8010 8799
91 9067
91 7352
91 5012
91 4013
5012 8544
5012 7134
5012 7672
5012 8824
4013 5483
92 9162
92 3183
92 5368
92 9924
3183 4053
3183 6189
3183 3202
3183 6408
3183 7343
5368 6240
5368 7718
5368 5947
93 4905
93 1303
93 527
93 9656
93 5919
93 2710
1303 7683
1303 6788
527 4314
527 7773
5919 6631
5919 9026
94 1905
94 9729
94 9832
94 8252
94 1252
1905 9694
1905 9450
1905 3723
1905 6176
8252 9964
1252 7361
1252 3468
1252 7588
95 7541
95 6350
95 8923
95 1685
95 7324
7541 8612
7541 8016
6350 7854
1685 2398
1685 6970
1685 4014
7324 8570
96 7286
96 3899
96 3349
96 5943
96 4244
96 7586
7286 7509
3899 9318
3899 4102
5943 6946
5943 9095
4244 5693
7586 9662
7586 8025
97 4267
97 2138
97 5285
97 8982
97 7880
97 9842
97 2842
97 5468
97 4037
97 2189
4267 6729
4267 7322
4267 6092
4267 7990
4267 9220
2138 5569
2138 5080
8982 9250
8982 9475
7880 8565
2842 9099
2842 6482
5468 6267
5468 5743
4037 5961
4037 7592
2189 3048
2189 9505
2189 8944
2189 5392
98 7054
98 6572
98 591
98 9932
98 8322
98 3721
98 8054
98 2521
7054 8985
6572 8697
6572 8258
591 4175
591 5138
591 1319
591 2756
591 5762
591 4382
591 2905
8322 9990
8322 9220
3721 4146
2521 8500
2521 2658
99 6504
99 9727
99 1995
99 3573
6504 9425
1995 8661
1995 5624
3573 7175
3573 8910
3573 5953
100 413
100 8545
100 5106
413 9776
413 9177
413 5109
413 4037
8545 8892
101 2260
101 696
101 4833
2260 8836
2260 8207
696 4514
696 3697
4833 8838
4833 6533
102 6393
102 6592
102 2236
102 869
102 4418
102 962
6592 7221
6592 8810
2236 5835
869 5521
869 4376
869 4936
869 5253
869 9436
869 5688
962 3991
962 1549
103 9084
103 6269
103 3035
6269 6951
6269 8160
3035 3551
104 4082
104 7411
104 3305
104 2149
104 8763
104 266
104 433
104 5856
104 9543
4082 9573
4082 4569
4082 8353
4082 4407
7411 9091
3305 5037
3305 7297
3305 8001
2149 6915
2149 6367
2149 3734
2149 3950
8763 9357
266 1719
266 7255
266 2760
433 9831
433 9771
433 1416
5856 6713
5856 6933
9543 9971
105 5298
105 741
105 9289
105 9472
105 4321
5298 7134
5298 6714
741 4328
741 4683
741 4585
741 2067
741 3500
9289 9982
9472 9949
4321 6900
4321 8777
4321 9282
4321 4605
4321 6038
106 9859
106 4099
106 180
4099 6888
4099 9963
4099 4611
180 1202
180 4993
180 6924
180 9128
180 1098
107 927
107 7876
107 3739
927 8899
927 9737
7876 9553
3739 9108
3739 6132
3739 6795
3739 4468
3739 5220
108 304
108 4579
108 5598
304 337
304 5247
304 346
304 8843
304 2982
304 7353
304 479
109 8242
109 905
109 5707
109 4576
109 6560
8242 9635
905 4449
905 5889
905 3444
905 1585
905 7743
4576 9859
4576 7611
110 9937
110 8804
110 7013
110 8717
110 9496
8804 9705
7013 8822
7013 7569
7013 7489
8717 9926
8717 9714
111 4536
111 968
111 8076
111 3208
4536 9642
4536 7147
4536 9700
4536 5233
968 4608
968 4048
968 4405
968 7351
8076 9272
112 1372
112 7114
112 3991
1372 5746
1372 7932
1372 1579
3991 6685
3991 4036
3991 5892
113 9764
113 4431
4431 7687
114 8069
114 1199
1199 9310
1199 7502
1199 2182
1199 5940
1199 6245
1199 7373
115 2510
2510 4261
2510 9838
2510 7366
116 8962
116 6180
116 1371
6180 9152
6180 7424
1371 7468
1371 3147
1371 8904
1371 4370
1371 3320
1371 2633
1371 2241
1371 9156
1371 6342
117 5276
117 5113
117 7116
5276 6233
5276 5353
5276 9902
5276 8995
5113 9518
5113 8233
5113 9014
5113 8302
7116 9580
118 5830
118 4464
5830 7689
5830 8211
4464 5968
4464 8997
4464 4786
119 8956
119 2011
119 276
119 7044
2011 9627
276 756
276 867
276 2696
276 606
276 7449
7044 7716
120 2974
120 7423
120 4827
120 6644
120 4180
120 4346
120 1642
2974 8974
2974 9868
2974 9724
7423 9115
7423 8569
7423 9300
7423 8654
4827 7740
6644 7377
4346 5824
4346 4863
1642 7561
1642 4979
1642 4416
1642 7060
1642 4746
1642 2719
1642 5906
1642 4347
121 320
121 4086
121 2310
121 3793
121 6376
320 8857
320 2734
320 8264
320 6211
320 4268
320 5675
320 1068
4086 6081
4086 9949
4086 8322
4086 6713
4086 7557
4086 7956
2310 8849
2310 4808
2310 5642
3793 9916
3793 5170
6376 9230
122 1862
122 3591
122 3716
122 3137
122 6596
122 8001
1862 5993
1862 7029
1862 2147
1862 6323
3591 4704
3591 5815
3591 7352
3591 3884
3716 3863
3716 4337
3716 7959
3137 5190
3137 9196
6596 9198
6596 9068
6596 8989
123 2162
123 6069
123 4697
2162 4519
4697 5778
4697 5678
124 787
124 3695
124 2210
124 9150
787 974
787 1500
787 9176
3695 4390
3695 5252
3695 4200
2210 6472
125 3892
125 456
125 1476
125 1302
125 1802
125 1738
125 8660
3892 5058
3892 9434
3892 6325
456 4545
456 1361
456 1676
1476 8015
1476 6478
1476 6014
1802 7868
1802 5978
1802 7714
1802 6478
1738 9745
1738 3653
1738 2322
1738 3348
1738 3236
8660 9547
126 6770
126 2323
126 6701
126 8449
126 5161
126 2429
2323 9501
2323 9063
8449 9564
8449 8729
5161 6399
2429 4216
2429 3977
2429 7506
2429 4984
2429 2669
2429 6229
127 9102
127 6549
127 4954
127 1987
6549 9170
6549 8219
6549 7463
6549 7294
6549 9404
4954 6344
4954 8963
4954 8738
1987 6547
1987 9922
1987 2959
1987 7531
128 6876
128 9799
128 8113
128 854
128 9494
128 1348
6876 9522
9799 9822
854 2834
854 7609
854 4364
854 9666
854 2181
1348 7986
1348 3558
1348 5175
1348 6724
129 2599
129 7390
129 6647
2599 8506
2599 3671
2599 8469
2599 6970
2599 3674
7390 7599
7390 8486
6647 9631
130 801
130 967
130 228
801 3076
801 4844
801 9846
967 5567
967 1540
967 6347
967 9179
967 3904
228 5691
228 4170
228 2478
228 806
228 5017
131 3126
131 3502
3126 7068
3126 7583
3126 3157
3502 6870
132 3964
132 2654
132 2185
3964 5911
3964 9860
3964 6723
3964 4558
2654 3297
2654 8375
2654 9309
2185 3616
2185 4810
2185 2380
2185 6402
2185 9946
133 8816
133 8336
133 1300
133 984
133 4388
133 6279
133 6232
8816 9030
1300 8209
1300 5534
984 7299
984 7825
984 7831
984 2873
984 2151
984 5569
984 8665
984 1759
984 9578
4388 7365
4388 8085
6232 7094
134 4808
134 6316
134 1372
134 1886
134 8209
134 5576
134 1967
134 8469
4808 6597
4808 6043
4808 5992
6316 9919
6316 7737
6316 8690
1886 9860
8209 9485
5576 9027
1967 9228
1967 3522
135 3842
135 2957
135 4779
135 745
3842 7041
2957 2983
2957 3733
745 5804
745 6818
136 756
136 8407
136 7078
136 1154
756 2416
756 3171
756 3912
756 2902
756 2720
756 8953
8407 8809
1154 2888
1154 2053
1154 1312
1154 3324
1154 7987
137 6399
137 646
6399 8489
6399 8782
646 4971
646 1991
646 3913
646 4185
138 7585
138 1826
138 2208
138 7531
138 9993
1826 7081
1826 3038
2208 8030
2208 4898
139 4579
139 4209
139 5005
139 4673
139 7089
139 6588
4209 9815
4209 8903
4209 6340
4209 8378
5005 5534
5005 7996
5005 8620
5005 5524
4673 8306
4673 5780
4673 7354
4673 8120
4673 9338
140 4791
140 2049
140 8574
140 8474
140 5754
140 9710
4791 7881
2049 3859
2049 4396
2049 9826
8474 8749
8474 9109
5754 6404
5754 8516
5754 8698
141 5404
141 6997
5404 6872
6997 9436
6997 7419
6997 9105
142 5810
142 4168
142 4582
5810 8845
5810 8909
5810 7133
5810 6580
4168 6787
4168 9362
4168 8786
4582 4929
4582 8252
143 2558
143 2709
2558 3961
2558 9398
2558 9327
2709 8048
2709 3481
2709 7117
2709 4678
2709 9931
144 4277
144 4645
144 9745
144 3940
144 3941
4277 9626
4277 4457
4277 6246
4645 8111
3940 6362
3940 8807
3940 8822
3941 7233
3941 7741
145 5355
145 7664
145 8993
145 846
145 4886
5355 9018
5355 6346
8993 9879
846 6167
846 5814
846 2161
846 5623
4886 9210
4886 9620
146 1591
146 8074
1591 6136
1591 2194
1591 2685
147 9324
147 7333
147 6208
147 3099
147 6750
147 7238
147 4180
7333 8738
6208 9779
6208 9391
6208 7890
6208 8359
6208 9716
3099 7244
3099 8231
3099 3448
3099 7650
6750 6880
7238 9444
148 7170
148 5403
148 9111
148 1269
7170 7770
7170 7523
5403 9178
1269 2937
1269 6472
1269 9334
1269 1916
149 8777
149 6049
150 4575
150 6581
150 5649
150 5795
150 6804
150 8522
4575 9711
6581 8521
5649 8916
5795 8693
6804 8673
6804 9074
151 3364
151 6812
151 6559
151 3888
6812 7988
6559 9130
6559 9249
3888 6840
3888 9682
3888 6007
3888 5124
152 5477
152 5754
152 6357
5477 8953
5477 5480
5477 9730
5477 6430
6357 7578
153 5300
153 6934
153 5140
153 7209
153 7321
153 7325
5300 9775
5300 6085
7209 9235
7209 8752
7209 8232
7209 9725
7321 8706
7325 9705
7325 8776
154 2595
154 1499
154 9181
2595 6651
2595 5599
2595 3285
2595 8394
2595 5466
1499 6623
1499 8269
9181 9786
155 7913
155 6546
155 4614
155 6421
155 7369
4614 9237
4614 4882
7369 8334
156 1718
156 4476
156 6114
156 4468
156 264
1718 3353
1718 9482
4476 6231
4476 5809
6114 6184
6114 6170
6114 9291
4468 6695
4468 5530
264 1019
264 3413
157 3531
157 3821
157 2734
3531 9349
158 2731
158 3236
158 3795
158 1080
158 8525
158 8474
2731 9351
2731 5822
2731 6849
2731 3959
3236 6844
3236 4574
3795 5079
3795 5125
1080 4168
1080 5753
1080 7668
1080 2298
159 4966
159 902
159 3680
159 2986
159 8046
159 9787
4966 8463
902 7935
902 9719
902 9030
3680 7808
8046 9364
160 3844
160 3168
160 4833
160 5577
3168 3438
3168 4769
3168 9936
3168 3967
3168 5934
5577 7276
5577 9569
5577 9240
161 2524
161 797
161 3783
161 9337
161 4524
2524 3138
2524 8935
797 6520
797 6292
797 6505
797 2034
3783 6031
3783 6013
4524 5886
4524 7473
162 8580
162 4139
162 1476
162 924
924 5770
924 6380
924 4718
924 8742
924 8001
163 3026
163 5728
163 8483
163 1913
163 5087
3026 5916
3026 3979
3026 8876
3026 9876
5728 7033
5728 6273
5728 8283
5728 6547
1913 9312
1913 6198
5087 6872
164 8049
164 6885
164 3607
164 9677
164 992
164 2151
8049 9913
8049 9704
8049 8109
992 1651
992 7599
992 1131
992 2581
992 4520
2151 5922
2151 9415
2151 2969
2151 3311
165 7295
165 4658
165 1899
165 300
165 4233
165 3780
165 2402
7295 7877
4658 9349
4658 8411
4658 6760
4658 7285
4658 8108
1899 9613
1899 3492
1899 3449
1899 5444
1899 4671
1899 7097
300 9290
300 8453
4233 6523
4233 6722
4233 9992
4233 4918
4233 6160
3780 6227
3780 4151
3780 3850
3780 6439
2402 8293
2402 9577
166 828
166 4852
166 4515
166 2060
166 270
828 3518
828 6484
4852 9880
4852 7098
4515 6876
4515 6039
4515 7033
4515 7431
4515 6566
2060 2559
2060 4587
2060 8457
270 3352
270 4304
270 4775
270 1190
270 8243
167 6414
167 5197
5197 8446
5197 7339
168 6849
168 3051
168 1091
168 6994
168 7553
6849 9028
3051 9281
1091 8778
1091 9296
1091 2213
1091 9589
1091 4853
1091 6382
7553 8927
7553 9160
169 4086
169 2583
169 4510
169 2883
169 6293
2583 4638
2583 4999
2583 8159
2583 9860
2583 9958
4510 9188
4510 7468
6293 7415
170 8213
170 9644
170 3987
3987 8780
3987 5496
171 3421
171 3934
3421 8377
3421 5125
3934 6442
3934 4607
172 3937
172 5392
172 8944
172 2267
172 4757
3937 5075
8944 9272
2267 7793
2267 3537
2267 3157
2267 5899
2267 7985
2267 4929
2267 5727
4757 4888
4757 7764
173 3121
173 8292
173 7066
3121 6810
3121 9962
3121 9033
8292 9088
8292 8459
7066 8391
174 916
174 9538
916 8119
175 4144
175 3066
175 2795
175 3696
175 9650
175 7890
175 258
175 6255
4144 5571
3066 9816
3066 5071
3696 4605
3696 8927
3696 4874
7890 7898
258 9223
258 9672
258 2767
258 9678
258 2354
258 9675
6255 8317
6255 9137
176 6491
176 777
777 5273
777 2595
177 2865
177 9924
177 594
177 3908
2865 3151
594 8746
594 2092
594 8192
3908 4134
3908 6517
3908 9712
178 3506
178 1511
3506 4757
3506 5456
3506 6458
3506 8328
3506 3891
1511 9209
1511 6385
179 9763
179 962
179 6627
179 4130
179 1193
6627 8634
4130 8231
1193 8497
1193 3966
1193 7866
1193 6402
1193 4886
1193 4766
1193 3212
1202 6309
1202 2646
1202 9676
4993 8534
4993 6132
4993 8038
4993 9085
4993 5366
4993 4996
6924 8311
181 8466
181 8155
181 8109
181 361
181 1590
181 3418
181 5785
8155 9183
8155 8431
8109 8443
361 4633
361 8159
1590 6410
1590 9562
1590 5756
1590 8993
1590 6856
1590 2159
1590 3908
1590 8866
1590 8178
1590 8506
3418 9399
3418 8555
5785 6479
5785 6637
5785 9752
182 1742
182 2081
182 1836
1742 7659
1742 6748
1742 4911
2081 9197
2081 2910
1836 5597
1836 7341
1836 7918
1836 8480
183 5807
183 360
183 6807
183 4678
360 6798
360 2046
360 4033
4678 8283
4678 8122
4678 7405
4678 4842
4678 9699
4678 8712
184 7546
184 2147
184 3301
184 8153
184 8923
7546 9107
2147 7741
2147 3212
3301 4303
185 1561
185 7830
185 9886
185 5415
1561 8589
1561 7153
1561 6066
7830 9200
7830 8505
5415 8923
5415 8617
186 1630
186 6576
186 2736
186 3198
1630 3022
1630 2249
1630 8883
1630 7631
1630 3398
1630 4370
6576 7708
2736 3171
2736 2765
2736 6303
3198 4771
3198 5184
3198 4469
3198 5516
187 5449
187 814
187 2612
187 7253
814 7847
814 8890
814 9298
814 5390
2612 3584
188 2533
188 7358
188 8238
188 8305
188 7519
2533 9869
2533 4382
2533 8909
8305 9405
189 7761
189 3935
189 3807
7761 8625
3807 7145
3807 5401
190 588
190 9981
190 2691
588 1110
588 6541
588 3661
588 7615
2691 9358
2691 5718
2691 9914
191 4092
191 1175
191 5841
4092 5713
4092 7825
1175 6672
1175 6119
1175 5098
1175 5499
5841 6454
5841 8242
192 8899
192 2451
2451 3588
2451 6781
2451 3930
2451 7638
2451 7318
193 7369
193 6439
193 3036
6439 6728
6439 8473
3036 6622
194 3640
194 2644
194 8543
194 1853
194 4342
2644 3069
2644 6196
2644 8038
1853 9190
1853 7815
1853 6625
195 9412
195 1722
195 1216
9412 9641
1722 7033
1722 2968
1722 6502
1722 9023
1216 3743
1216 1434
1216 6529
196 3053
196 1085
196 5031
3053 4232
3053 5345
3053 4285
1085 5075
1085 1820
1085 8834
1085 7013
1085 8120
1085 3386
5031 9507
197 3353
197 2426
197 895
197 3813
197 4425
3353 3708
3353 4062
2426 6864
2426 9373
2426 7540
2426 8960
2426 2479
2426 2789
895 7001
895 1057
895 6296
895 5409
3813 5828
3813 8968
3813 7125
3813 8408
4425 8564
4425 4797
4425 7425
198 4741
198 4128
198 9463
198 8887
198 5952
198 8766
198 9268
4741 5150
4741 8905
5952 6102
5952 9510
199 5459
199 1627
5459 8215
1627 2384
200 1055
200 7352
200 5617
1055 4114
1055 4347
1055 9157
5617 9441
5617 7371
201 4494
201 9860
201 5580
4494 7177
4494 8164
202 7865
202 3061
7865 8436
7865 8121
203 1796
203 2503
203 4269
1796 6032
1796 9302
1796 3748
2503 7733
204 8037
204 3085
204 7767
204 1240
3085 3861
7767 8887
1240 9450
1240 3769
1240 8361
1240 3758
1240 8912
1240 1792
205 9249
206 387
206 4545
206 2297
206 9278
387 4714
4545 5658
4545 6075
4545 7538
4545 6975
2297 9104
2297 9032
207 2689
207 490
207 8036
207 5461
207 6122
207 2383
207 5364
2689 9648
2689 6847
2689 7994
2689 4443
2689 6494
2689 4332
490 8225
490 9408
490 6217
490 7209
490 7003
490 3693
490 5491
8036 8101
8036 8376
5461 9494
5461 6854
2383 2849
2383 2417
2383 3094
5364 5478
5364 5608
5364 8207
208 7959
208 1126
208 3233
208 9265
208 4304
208 4187
7959 9969
1126 1530
1126 2763
1126 8656
3233 3455
3233 4342
3233 6098
3233 3584
4187 5448
4187 7331
209 3010
209 4401
209 7819
209 8015
209 5881
209 2956
3010 3296
3010 6703
3010 5860
3010 5830
5881 8962
2956 3474
2956 6118
2956 6921
2956 8713
2956 5748
210 6211
210 7277
6211 8036
211 2891
211 4736
211 8656
211 4343
211 8881
211 4985
2891 8709
2891 3375
2891 7292
4736 5328
8656 9019
8656 9755
4343 8377
4343 6556
4343 4603
212 9948
212 4311
9948 9980
4311 5304
4311 8308
4311 7067
4311 4564
4311 9912
213 7410
213 356
213 6029
356 6851
356 1811
356 3363
356 9842
356 8132
6029 8054
6029 8411
214 4412
214 8296
214 8233
8296 8655
8296 8554
215 6592
215 671
215 4309
215 4529
671 4562
671 1973
4309 4605
4309 5810
4309 6603
4309 9996
4529 4983
4529 5858
4529 8341
4529 7616
4529 6281
216 1947
216 2174
216 8295
216 9773
216 8178
1947 9014
1947 6399
1947 7916
1947 6231
2174 3440
2174 2762
2174 4604
2174 3509
2174 8922
217 4606
217 7872
217 6162
217 1027
217 9733
217 3843
7872 9790
7872 8634
6162 9024
6162 9094
1027 5579
3843 9069
3843 4824
218 8825
218 6655
218 6835
218 5382
6655 6879
6655 8965
6655 8105
6835 7018
219 1325
219 8763
219 8314
219 5017
219 7741
219 9099
219 580
1325 6464
1325 3527
1325 4674
5017 9109
5017 7051
220 1399
220 4614
220 9108
220 4760
220 2747
220 1233
220 6588
1399 3448
1399 6569
1399 9937
1399 9458
2747 6777
1233 8502
221 2280
221 4587
221 5055
2280 3914
5055 6612
5055 8430
222 5426
222 3086
222 6149
222 3766
222 4761
222 9064
222 9231
5426 8164
5426 6660
3086 8114
3086 7262
3086 7120
3766 9171
3766 5338
4761 7832
9231 9246
223 240
223 7280
223 1785
223 9564
223 6214
223 3067
223 8147
223 2011
240 5891
240 3592
240 3985
7280 8188
1785 3575
6214 7589
3067 5121
3067 3974
3067 9868
8147 9567
224 4124
224 2110
224 9816
224 1570
224 8351
224 8277
4124 6333
4124 9255
2110 5806
2110 3780
2110 3221
1570 6711
1570 7474
1570 7446
8277 9847
8277 9996
225 1801
225 3928
1801 8636
1801 7690
3928 6272
226 6863
227 2947
227 1889
227 3293
227 8409
227 3327
227 9513
227 9295
2947 4473
2947 7501
1889 8881
1889 7838
1889 9612
1889 3094
1889 6949
3293 8007
3293 5529
3327 3349
5691 6376
5691 9244
5691 8249
4170 8970
2478 4918
2478 6072
2478 7289
806 1458
229 5899
229 651
229 9160
229 7662
229 8386
229 6486
5899 6323
5899 7076
5899 6594
5899 8842
5899 6737
651 7141
651 3518
651 8495
651 5335
651 9938
7662 9499
6486 8938
6486 8140
230 1428
230 7953
230 4311
230 7349
230 5182
1428 7354
1428 9502
1428 2933
1428 2821
1428 3499
1428 9242
1428 9086
1428 4367
7953 8486
5182 7571
5182 9375
231 1732
231 2767
1732 3425
1732 2005
1732 8902
1732 5584
1732 8701
1732 8199
2767 8117
2767 4769
2767 5187
2767 5425
2767 6248
2767 4702
232 9839
232 4674
232 8917
232 3855
232 6442
232 6830
232 7996
3855 7706
6442 7337
6442 8837
6442 8224
6442 7602
6830 7299
7996 8580
7996 8046
7996 8863
233 8137
233 4361
233 9292
8137 8454
4361 5607
4361 5464
4361 5095
4361 7052
234 3550
234 633
234 6582
3550 6373
3550 7317
633 5201
633 1724
6582 7454
6582 7247
6582 6992
6582 7633
235 2662
235 4567
235 3995
235 6588
235 6787
2662 7225
2662 4661
2662 5252
2662 9732
2662 7515
2662 9672
4567 6315
3995 6309
6787 7408
6787 7910
6787 8189
6787 7038
236 9056
236 7456
237 1253
237 4064
237 5073
237 6849
237 2702
1253 5742
1253 1550
1253 2837
1253 5348
4064 7449
4064 8087
2702 3754
2702 6712
2702 9629
4481 6197
4481 6592
4481 8552
4634 8128
4634 7270
4634 6054
368 6312
368 5636
368 2572
368 8394
5377 9567
239 4562
239 277
239 3237
4562 9367
4562 9030
4562 7657
277 344
277 8371
3237 4124
5891 9663
5891 8524
3592 5791
3592 6367
3592 4681
3592 6315
3592 5334
3985 6324
3985 5258
3985 8355
3985 8434
241 7888
241 8057
241 8017
241 9073
241 2134
7888 9313
8057 9245
8017 8339
8017 9156
2134 7521
2134 3250
242 2217
242 1296
242 7608
242 892
242 5878
242 6550
242 4906
2217 4807
2217 6169
2217 2376
1296 7549
1296 3815
7608 9845
892 1124
892 7861
892 9524
892 5391
6550 6938
6550 8519
4906 6071
243 9160
243 9804
243 5217
243 9559
243 8372
8372 8718
244 3462
244 3925
244 8410
244 5251
244 2065
244 5713
3462 9409
5251 6759
2065 3246
2065 8544
2065 6880
5713 9179
5713 5908
5713 7231
5713 8811
246 6844
246 4894
246 7237
6844 9376
4894 5885
4894 6959
247 6934
247 7548
7548 9910
7548 8509
248 6532
248 8921
248 8865
248 3954
6532 7652
8865 9982
3954 8490
3954 5785
249 777
249 6070
249 2638
6070 9323
6070 8874
6070 7228
2638 7963
2638 4191
2638 7047
2638 8369
2638 7373
2638 7892
250 9886
250 4328
250 5786
250 1734
4328 4679
4328 4389
4328 4484
4328 9776
4328 4942
4328 7841
4328 9194
1734 1759
1734 7796
251 1725
251 9064
251 476
251 8499
251 6234
251 1740
251 9050
1725 9670
1725 3028
1725 4772
476 6574
476 5400
8499 9652
8499 9699
6234 9923
6234 7220
1740 5271
1740 4904
9050 9373
9050 9508
252 7743
252 594
252 4745
252 6231
252 6009
7743 7960
4745 8840
4745 9426
253 3674
253 7515
3674 7440
3674 6789
3674 4787
7515 7720
7515 9524
254 7278
254 293
254 6450
254 6621
254 5380
7278 8682
293 9318
293 6691
6621 8289
5380 6967
5380 7806
5380 8554
5380 9959
255 1484
255 610
255 7926
1484 3315
1484 2142
1484 4620
1484 6786
1484 7258
1484 9447
610 2544
610 1075
610 1311
7926 9384
256 4413
256 8900
256 6221
256 8015
256 611
256 6166
256 7878
4413 8770
6221 7834
6221 8359
611 5123
611 9520
611 7104
6166 7600
257 8546
257 8883
257 9339
257 5016
257 4512
8546 9748
8883 8935
5016 7573
5016 6248
5016 6201
4512 6164
9678 9846
2354 7387
2354 5797
2354 8399
2354 8209
259 5284
259 5254
259 9043
5284 8721
5284 6663
5254 9086
260 4479
260 8528
260 8677
260 9740
260 2385
260 9200
260 6517
260 6225
4479 8332
4479 9836
8528 9373
2385 4502
6517 9739
261 5241
261 4681
261 5338
4681 9036
5338 8015
262 9655
262 6213
262 6021
262 6050
262 6946
262 1862
262 8291
262 7224
262 7114
6213 9873
6021 8616
6050 7874
6946 7880
8291 8311
7224 7858
7224 7750
7224 9512
1019 1416
1019 2794
3413 8644
3413 7180
3413 9073
265 8810
265 9736
1719 2930
1719 2110
2760 9862
2760 7723
2760 6805
267 1309
267 8705
1309 3003
8705 9734
8705 9441
269 3882
269 4266
269 6453
269 8356
269 1608
4266 5447
6453 8694
6453 6967
6453 9876
8356 9723
8356 8529
8356 9069
1608 4980
1608 4912
1608 3861
1608 3960
1608 5567
1608 9318
1608 9383
1608 6167
3352 8959
3352 3694
4775 6290
4775 8641
4775 9501
1190 2137
1190 3908
1190 2838
1190 2003
1190 7702
8243 8641
271 6998
271 821
271 2496
271 5046
271 4820
271 1635
271 4294
6998 9855
821 3201
821 5270
821 9572
821 7967
821 6202
821 1324
821 5075
821 1195
821 4472
821 8923
2496 4282
2496 7974
2496 6610
2496 3536
5046 9824
4820 6579
4820 8955
4820 7734
4820 7761
4820 8365
1635 3594
1635 9195
1635 2477
1635 8775
1635 2164
1635 1650
4294 5989
4294 5530
4294 5238
4294 4509
4294 4474
4294 5859
272 1654
272 4922
272 6398
272 7471
272 602
272 4052
272 1140
1654 3440
1654 6755
4922 8577
4922 6724
4922 6651
6398 8982
6398 6669
602 3195
602 7724
602 9282
602 5717
602 4629
602 9996
4052 8233
1140 6206
1140 2939
1140 1515
1140 9018
1140 8194
1140 4000
1140 1450
273 9903
273 8717
274 2578
274 5387
5387 8843
5387 9136
275 8811
275 6770
275 4823
275 6715
275 3513
275 5271
8811 9529
4823 9708
3513 4341
5271 8078
2696 3838
2696 9011
2696 5487
2696 5052
2696 2925
2696 4123
344 9809
344 1995
344 1340
344 6576
344 1261
4787 7669
4787 9303
4787 8297
279 6396
279 9919
279 3026
279 3319
279 9560
6396 7440
6396 7347
6396 7828
3319 9675
3319 8222
280 7722
280 6950
280 4658
280 2725
7722 8382
6950 8703
2725 9147
2725 4987
281 5433
281 3026
281 7040
281 6137
7040 7881
6137 6184
6137 8985
282 8900
282 2053
282 6345
282 6562
282 6194
282 9418
282 7835
282 1349
2053 9236
6345 7527
6345 7074
6562 7684
6562 9292
6562 8483
6194 7072
6194 9478
9418 9946
1349 1697
1349 4407
283 5508
283 1106
283 7925
1106 3386
1106 2012
7925 8719
284 4724
284 1587
284 5608
284 8825
4724 7484
4724 7154
4724 4909
5608 8094
285 3858
285 5330
285 8991
285 3769
285 9050
3858 5732
3858 9030
3858 9152
5330 5893
5330 8013
3769 4964
3769 8942
3769 6501
3769 7599
286 3576
3576 6306
3576 6745
3576 7671
3576 6511
3576 8617
287 1282
287 3431
287 1882
287 4048
287 1574
287 1379
1282 1307
3431 9322
1882 9121
1882 8085
1882 6474
1882 5684
4048 7341
4048 5769
1574 7162
1379 3952
288 3665
289 4050
289 4900
289 5173
4050 4940
4050 6308
4050 8642
4900 7488
4900 5524
4900 6625
4900 7265
5173 7834
290 8097
290 2116
290 5662
2116 6880
2116 3321
2116 3446
2116 3505
291 5769
291 2841
2841 3642
2841 4464
292 2670
292 4211
292 8319
292 7830
2670 5361
2670 8628
4211 6448
4211 7078
4211 9607
6691 9623
6691 8142
294 4137
4137 7861
4137 6711
4137 7785
4137 9815
295 6490
295 8125
295 6540
295 7600
6540 9204
6540 9568
6540 7249
7600 7978
7600 7620
7600 8351
296 2260
296 7207
296 7376
296 960
7207 9593
7207 9643
7207 8870
7207 7589
960 5206
297 1243
297 5787
297 684
297 2691
1243 9825
1243 1307
5787 8709
5787 8983
5787 6431
298 9153
298 7393
298 2049
298 8952
298 1908
9153 9378
9153 9506
1908 8340
1908 2646
299 5805
5805 5952
9290 9714
301 3101
301 4865
301 1552
301 5346
3101 8672
3101 9992
3101 4386
3101 8569
3101 9160
3101 4309
4865 8352
4865 9001
1552 9030
1552 1631
1552 7737
5346 6110
302 660
660 3586
660 4583
303 5549
303 9873
303 2856
303 1252
303 2349
303 322
303 8635
303 1391
2856 3625
2856 3754
2856 4874
2349 5135
2349 3848
2349 2573
322 6782
322 9875
322 9202
1391 5040
337 9816
337 5787
5247 5711
5247 9031
5247 6750
5247 6787
346 4538
346 1612
346 4151
2982 7498
2982 5085
2982 9026
7353 8308
7353 8204
479 9880
479 696
479 3496
305 8533
305 3751
305 6127
305 6025
3751 7560
3751 7324
3751 9371
3751 4854
3751 9486
3751 6437
3751 5878
3751 5242
6127 9048
6127 7597
6127 8589
306 5380
306 8441
306 1226
1226 2494
1226 4191
307 4119
307 3868
307 8932
4119 8129
4119 9934
4119 4746
3868 8106
3868 7583
308 9340
308 1802
310 6852
310 8466
310 1109
310 4681
310 6706
310 563
310 9065
310 6280
6852 8794
1109 5797
1109 8152
6706 7221
6706 8423
6706 8035
6706 9633
563 2425
563 3511
563 917
9065 9518
9065 9952
6280 7142
311 962
311 5742
311 4712
311 691
311 2371
311 7007
5742 5965
4712 6213
691 879
691 3116
691 1578
2371 4268
2371 5588
312 6305
312 4206
6305 7684
313 6050
313 9548
313 8012
313 9886
313 6437
313 4841
313 1694
6437 6744
6437 8546
6437 7897
4841 8558
4841 9055
4841 7794
1694 4806
1694 2569
1694 3071
1694 5480
1694 7530
1694 2448
1694 5920
314 5445
314 5628
314 7897
314 2695
314 5774
314 3046
314 8331
314 2500
5445 7125
5445 8738
5445 9580
5445 5807
7897 8845
2695 5378
2695 4620
5774 7678
3046 8411
3046 3955
2500 3947
2500 7023
2500 7477
2500 8443
2500 9287
5818 8773
5818 8261
7661 7970
7661 8471
5823 9693
316 9446
316 4666
316 869
4666 6335
317 8470
317 1037
317 7066
317 2914
1037 6587
1037 2874
1037 8854
2914 6919
2914 8180
2914 5909
2914 3220
318 7921
318 4950
318 6582
318 932
318 5313
4950 5724
4950 7139
4950 9143
932 1282
932 3409
932 6202
932 3334
319 2306
319 3300
319 2405
319 4825
319 3096
2306 2558
2306 9004
2306 8150
2306 3253
3300 5330
3300 7085
2405 3115
2405 9565
2405 4752
3096 8851
3096 7834
3096 3455
5675 8391
5675 6548
5675 6913
1068 3579
1068 1312
1068 4091
1068 5743
1068 1570
5147 5896
5147 9034
5147 7374
5147 5897
6782 8928
323 4589
323 4427
323 2953
323 5818
323 9329
4589 9137
2953 9457
2953 9608
2953 6952
2953 8082
9329 9561
324 2168
324 5901
324 3747
2168 7632
2168 8391
5901 7641
5901 9730
325 490
325 6009
327 8288
327 5595
327 9938
327 4006
8288 9234
8288 9172
5595 9370
4006 5766
4006 7990
328 2565
328 2822
2565 6386
2822 6086
2822 7874
329 6970
329 1243
329 3815
329 3300
329 1148
329 8170
6970 8408
6970 7861
6970 7421
3815 9125
3815 3861
3815 9147
1148 4694
1148 2819
1148 5989
1148 3615
8170 8944
8170 8945
330 1063
330 2494
330 7949
330 4138
1063 4295
1063 4220
2494 4339
4138 6128
4138 9308
4138 8521
331 9167
331 9480
332 2732
332 9019
332 9902
332 2405
2732 9142
333 9079
334 2548
334 8849
334 5591
334 738
2548 9728
2548 9801
8849 9519
738 5732
738 834
738 5270
738 8342
335 1085
335 1214
335 4129
1214 9462
336 5757
336 4143
336 6838
5757 9861
4143 4977
4143 5090
4143 4449
4143 9440
4143 5651
4143 5160
6838 6917
338 7451
7451 9698
7451 8850
7451 8549
339 5744
339 6956
339 7977
339 9863
339 6040
339 5251
339 6014
5744 6363
5744 7735
5744 8499
7977 9722
9863 9912
6040 8442
6014 8723
340 5321
341 7073
341 2777
7073 8835
2777 4101
2777 7210
342 8035
342 1545
342 9779
342 3419
342 1325
8035 9922
1545 4299
3419 6621
343 5670
343 9531
343 1792
5670 9951
5670 7863
1792 1933
1792 1961
1340 8895
1261 3350
1261 8619
1261 5473
345 6548
345 8052
4538 8258
4538 4603
1612 1779
4151 6641
4151 6652
4151 6781
4151 7175
347 7695
347 668
668 7914
668 2263
668 790
668 1421
348 9486
348 7099
348 7055
348 3239
348 8421
7099 7665
7099 9201
3239 3265
3239 8140
3239 4820
8421 9406
349 4089
349 2979
349 1621
4089 5632
4089 4956
2979 9434
2979 8070
1621 9638
1621 8338
350 3721
350 6369
350 3692
350 2098
3692 3969
2098 8410
2098 4496
2098 6405
2098 4374
351 7946
7946 9534
352 9132
352 9216
353 8901
353 1632
8901 9046
1632 8631
1632 4340
1632 9482
1632 2276
354 6074
355 8596
355 1343
355 1547
1343 8176
1343 9700
1343 6306
1343 6679
1547 2643
1547 4408
1547 2021
6851 7919
1811 5774
1811 8607
3363 3908
3363 7684
3363 4714
3363 6475
8132 9925
357 5940
357 8102
357 7189
357 8752
357 765
5940 9511
7189 9999
7189 7898
7189 8032
765 1254
765 2408
765 5302
765 8146
358 3259
358 1179
358 6111
358 5025
358 4007
358 7050
3259 7990
3259 7184
3259 4347
1179 1318
1179 3458
1179 4619
1179 8147
6111 9212
6111 8542
5025 8116
4007 7327
4007 4861
359 3695
359 7423
6798 6840
6798 9454
2046 3164
2046 9347
2046 7685
2046 5923
4033 4309
4033 7736
4633 5007
4633 6175
8159 8985
362 7888
362 7065
362 5377
362 1988
362 4509
7065 9084
7065 9855
7065 7833
7065 7266
7065 8009
1988 4187
1988 4175
1988 4680
4509 5487
4509 6267
4509 5044
363 7001
363 4586
363 4259
363 2323
363 8627
7001 8584
7001 7252
4586 8795
4586 9820
4259 7414
4259 6434
8627 8705
364 7156
364 1133
364 3322
364 4719
364 5491
364 7688
7156 7829
7156 9155
7156 7830
1133 8163
1133 9092
1133 6610
1133 2927
3322 7795
3322 8343
4719 7079
5491 6225
7688 8376
7688 9814
365 8916
8916 9040
366 997
366 1378
366 1898
997 9194
997 3498
1378 8584
1378 8123
1378 4211
1378 3346
1898 8786
1898 9262
1898 7444
1898 8689
1898 3539
367 1389
367 6397
367 8284
1389 1519
1389 3181
6397 9206
6312 8664
5636 7086
5636 7521
2572 4806
2572 6082
2572 3855
2572 3323
2572 6083
369 5927
369 451
369 7771
369 9930
369 8520
5927 9572
5927 9430
5927 8325
451 3456
451 9047
451 5232
451 2792
7771 8762
8520 9439
9020 9220
371 8073
371 7182
371 6727
371 4533
371 9549
371 8768
8073 8245
7182 9144
7182 8518
7182 8255
6727 9160
4533 5229
4533 5304
4533 5653
4533 6623
8768 9234
372 1195
372 6514
1195 5581
1195 1778
6514 9720
373 4232
373 2447
373 4457
373 2016
4232 5657
4232 7209
2447 5930
4457 5161
4457 7452
2016 8130
374 4097
374 5731
374 9324
374 9295
4097 9629
4097 8698
4097 5119
4097 4958
4097 5529
375 2055
375 6216
375 8182
375 1577
2055 5261
1577 2047
376 9978
376 9228
376 3873
3873 5700
377 9984
377 4587
378 3918
378 832
378 8835
832 9175
832 4506
832 8835
832 2764
832 2598
832 8058
8835 8836
379 7460
379 9157
379 2600
379 6262
2600 7351
2600 8911
2600 5984
2600 4242
380 3814
380 9939
380 2051
380 2476
380 5741
3814 6578
3814 8305
3814 4639
2051 3370
2051 2652
2051 8901
2051 3956
2476 4982
2476 3146
2476 9693
2476 4400
5741 9785
5741 9209
381 9366
381 4562
381 6660
6660 8463
382 2846
382 984
382 5559
382 7837
382 3161
382 889
2846 8354
2846 6583
5559 7836
5559 9278
5559 9893
5559 6517
7837 8506
889 4415
383 3799
383 9852
383 8969
383 4687
383 969
8969 9569
8969 9416
4687 7087
4687 6538
4687 9990
4687 5767
969 9315
969 5051
384 7657
384 4098
384 3890
384 2962
384 9214
384 727
7657 8073
3890 7748
3890 9146
3890 6637
3890 8326
3890 9161
2962 7006
2962 7013
9214 9415
9214 9468
727 9098
727 3916
727 2133
727 2367
727 6890
385 9066
386 1873
386 9922
1873 2565
1873 6885
1873 8181
1873 6620
4714 9339
4714 6718
4714 5137
388 3581
388 2616
388 3199
388 5748
388 7913
3581 9199
3581 3607
3581 5742
3581 5808
2616 9274
2616 5574
3199 4578
3199 4794
3199 8165
3199 3533
3199 6295
5748 8826
389 7650
389 2239
389 7785
2239 5075
2239 6224
7785 8853
7785 9200
7785 9040
390 1290
390 1527
390 1934
390 8179
390 6635
390 8961
390 3758
1290 9576
1290 6865
1290 5768
1527 9048
1527 5480
1527 8642
1527 4866
1527 5011
1934 9539
1934 8031
1934 2682
8961 9242
8961 9499
3758 4027
3758 4853
3758 8540
391 3106
391 4498
391 9078
391 6405
3106 4191
3106 8795
3106 4163
3106 7016
3106 6315
3106 6058
4498 6361
4498 5773
4498 9427
4498 7123
6405 7540
6405 6457
392 6756
392 8054
392 1284
392 6935
392 8982
392 1351
6756 9991
1284 6693
1284 4331
1284 9538
1284 8534
1284 3650
1284 3735
6935 7103
1351 3961
1351 1712
1351 2411
393 2168
393 1127
393 8154
1127 4388
1127 3848
394 7023
394 8542
394 7461
7023 9687
8542 9716
395 8405
395 4501
4501 8748
6975 7007
6975 7689
4940 7900
397 4403
397 4522
397 3238
397 5228
397 6119
397 3329
4403 9076
4403 6587
4403 8715
4403 4725
4522 6539
4522 4966
4522 6848
4522 9420
4522 8973
3238 5355
3238 6741
3238 3280
6119 6755
3329 7328
3329 5605
398 9111
398 5105
5105 8571
399 1982
1982 8131
1982 2578
1982 6704
1982 7708
1982 8045
400 5969
400 4200
400 3519
4200 9726
4200 8836
4200 7069
4200 7347
4200 5187
3519 7220
401 3471
401 7793
3471 8626
402 4977
403 8897
403 5695
403 2828
8897 9786
5695 7038
5695 8633
5695 7756
5695 6350
5695 9370
5695 6071
5695 9856
2828 3038
2828 9465
404 6413
404 3302
6413 7060
3302 4397
3302 6684
3302 8785
405 4285
405 3887
405 8796
405 3367
405 2359
405 2968
4285 8324
4285 5946
3887 9346
3887 5213
3887 9035
3887 7992
3367 6224
3367 4331
2359 9948
2968 7056
2968 2981
406 3651
406 2600
406 7960
3651 9544
3651 9019
3651 7355
7960 9397
407 7816
407 9280
407 8657
407 9324
407 2130
407 6508
407 3650
2130 4892
2130 9647
6508 9978
6508 7059
6508 7821
3650 6564
3650 7974
408 2468
408 2849
408 582
408 9400
408 7462
408 6798
408 9957
408 4844
2468 5907
2468 3071
2468 4580
2468 8417
2849 5088
2849 5361
2849 6376
2849 3500
582 4563
582 8380
582 5252
7462 9168
7462 8065
7462 8192
4844 7047
409 4821
409 7993
409 8931
409 7503
409 870
4821 9023
4821 9339
4821 9734
7993 9757
7993 9109
8931 9722
7503 9619
7503 9536
7503 9622
870 3060
870 5959
870 2629
870 8578
870 8364
870 6355
410 2694
2694 6832
2694 6517
2694 9485
2694 8615
411 8888
411 4894
412 3207
9177 9680
5109 8025
414 5209
414 9133
414 4294
414 4229
5209 6349
5209 5745
5209 6117
4229 4568
4229 6396
4774 8341
4774 8520
8081 9387
8081 8768
6106 8452
3772 9998
3772 7733
416 3841
416 7413
416 8742
416 3819
416 793
416 607
416 3463
3841 4132
3819 5410
793 9329
793 2155
607 8271
607 6200
607 636
607 3597
607 3459
607 6925
607 6889
3463 4904
3463 4927
417 5498
417 1234
417 7643
417 4926
5498 9947
5498 7643
1234 3035
1234 2702
1234 7418
1234 9560
4926 9599
4926 7968
418 592
418 4870
418 9860
418 4183
418 5257
418 2050
592 720
592 3253
4870 5348
4183 9129
4183 9069
5257 8147
2050 4883
2050 2461
2050 9065
419 5307
419 1663
419 4416
419 7149
5307 6270
5307 8315
5307 9366
1663 8562
1663 1706
1663 6801
1663 3862
4416 9799
7149 7744
7149 9308
420 5765
420 8039
420 5905
420 3383
5765 7474
5765 6709
8039 8705
5905 8437
5905 9390
3383 5401
3383 8588
3383 8320
3383 4782
421 2659
421 3976
421 7538
421 1085
2659 3101
2659 2927
2659 9928
2659 9680
2659 5414
3976 9441
3976 5949
7538 8875
7538 7684
422 4500
422 6083
422 4016
4500 5170
4500 9363
6083 7542
4016 8151
4016 8631
4016 7973
423 8382
424 5201
424 6836
424 5169
424 5594
424 8055
424 8888
424 2445
424 5798
5201 5364
5201 9253
5201 5410
5201 6991
5169 7774
5169 6013
5169 8059
5594 6383
5594 7601
8055 8571
8055 8205
2445 6939
2445 6475
425 2168
425 2474
425 5687
425 3113
425 4172
425 3728
2474 6434
2474 4006
5687 5780
5687 6234
3113 5871
3113 5631
3113 9861
4172 9126
4172 4258
4172 7991
3728 4274
427 3504
427 436
427 9115
3504 5741
3504 4506
9115 9147
428 2235
428 1925
428 3534
428 3931
428 1651
428 7911
428 5667
428 3621
2235 9505
2235 8001
2235 8495
1925 8101
1925 3624
3534 4381
3534 9159
3931 8944
3931 5641
3931 4538
3931 6362
1651 4859
1651 8651
1651 8325
1651 6590
1651 5273
1651 9821
7911 9378
3621 7719
3621 9530
429 7604
429 8696
430 7687
430 2632
430 5168
430 8914
430 3347
7687 8972
7687 9561
2632 6440
2632 4023
2632 2841
5168 8445
3347 5243
3347 3647
3347 7359
3347 6301
3347 8096
431 2869
431 5248
2869 3818
2869 4641
2869 3648
2869 8420
5248 7020
5248 6237
1416 2078
1416 8816
1416 7895
434 2493
434 3488
2493 6797
2493 6094
2493 9062
3488 5259
3488 6741
3488 6383
3488 8066
3317 5543
3317 9828
3317 5578
3317 4943
3317 9232
1017 8241
1017 6259
1017 5362
3966 4809
3966 7013
3966 5807
3966 5230
437 4320
437 2780
437 4811
4320 8252
4320 9076
4320 6394
4320 8885
2780 8065
2780 3268
4811 9900
4811 5450
7269 8041
439 4373
439 6305
439 4454
4373 9452
4373 9817
4454 5148
4454 8729
440 9566
440 7437
440 8462
440 2208
7437 9928
8462 9666
8462 8838
8462 9206
441 8394
441 4525
4525 7845
4525 9738
4525 6859
4525 8457
4525 8213
4525 8480
442 3918
442 8815
442 9631
442 9396
442 4122
9396 9598
4122 8896
443 3058
443 8039
443 5924
3058 5261
3058 8222
3058 5464
3058 6552
3058 6004
5924 8100
5924 7080
444 4409
444 2435
444 8510
444 9623
444 9871
4409 7115
4409 5551
4409 4451
4409 9632
2435 7449
2435 7175
2435 2578
2435 2926
9871 9970
445 4870
445 4600
445 5036
4600 4698
4600 7460
4600 8346
4600 7603
4600 7845
446 7248
446 9636
447 7726
447 9336
447 2728
2728 5741
2728 5915
448 6534
448 6815
448 4698
448 9768
6534 6972
6815 8713
9768 9990
449 9860
449 5916
449 3066
449 8654
5916 8146
450 6564
450 2230
450 644
450 6377
450 4782
6564 7159
6564 9135
6564 8240
2230 4990
2230 6726
644 8262
644 725
644 8533
644 4969
3456 7285
5232 8704
2792 5972
2792 7493
2792 9266
452 4765
452 8873
453 7344
7344 8798
454 9433
454 4385
454 6244
454 5442
454 7716
454 7232
454 8459
454 3933
4385 7772
4385 6622
4385 7404
6244 9111
6244 9788
6244 6391
5442 9635
5442 9163
5442 9085
7716 9410
7716 7835
8459 8499
3933 7351
3933 6184
3933 8555
455 8880
8880 9944
8880 9753
1361 7798
1361 8527
1361 2981
1361 1911
1361 3836
1676 3105
1676 2264
1676 4920
457 9525
458 2930
459 8241
459 4353
459 1950
459 4446
459 3381
459 5624
4353 7283
4353 9938
4353 9253
4353 4668
4353 5524
1950 4967
4446 5732
4446 9958
4446 9154
4446 5694
4446 7937
3381 5771
5624 8632
460 3446
460 1462
460 4844
460 7755
460 9649
460 9476
3446 9899
3446 5165
3446 9298
3446 8753
3446 4512
1462 9418
1462 8983
9476 9870
2492 3221
2492 9994
2492 9058
5262 8021
5262 7269
5262 5447
2191 6240
2191 9582
2191 4183
462 7047
462 7987
462 9512
7987 9532
463 5859
463 1695
463 8583
5859 8735
5859 6853
5859 9623
1695 8278
1695 3738
464 1503
464 4356
1503 7744
1503 4749
1503 4006
4356 7048
465 3762
465 6857
465 2525
465 1508
465 2828
465 3918
465 9672
3762 9418
3762 6954
2525 5614
1508 2328
1508 2448
1508 3625
1508 1979
1508 6735
466 9486
467 4780
467 2987
4780 8896
2987 4880
2987 3487
2987 4753
468 998
468 4690
468 2971
468 9248
468 4692
998 3941
998 4882
998 4267
998 4574
4690 4738
4690 9255
4690 6176
2971 8599
2971 9042
2971 7110
2971 3235
2971 5994
2971 6680
2971 3270
4692 6474
4692 9571
4692 9251
4692 4870
469 9353
469 517
469 8970
469 4408
469 794
469 2040
517 8215
517 4286
517 2328
517 8261
517 8123
4408 5199
794 9454
794 6867
794 5448
794 1230
794 905
794 9652
2040 4696
2040 9795
2040 5607
470 7061
470 6445
470 5162
470 9036
470 5449
7061 9967
7061 7238
6445 7783
6445 7176
5162 8317
471 3819
471 7424
471 6177
471 6130
471 5243
7424 8015
6130 8060
5243 5346
5243 8951
472 6885
472 8987
8987 9153
8987 9311
473 9543
473 2818
473 6661
473 7950
2818 6972
7950 8015
474 9794
474 6338
474 5700
474 7773
474 9884
474 9262
474 2023
6338 9327
5700 8887
5700 6270
5700 6724
5700 7815
5700 7632
5700 7958
7773 8335
2023 5475
475 1560
475 5188
475 2953
475 9670
475 5401
475 9757
475 5354
475 8222
1560 6818
1560 8855
1560 4875
5401 8290
5401 7628
5401 9965
5401 7512
9757 9818
5354 5983
8222 8788
6574 7316
6574 9127
6574 9702
477 4155
477 4592
4155 9507
4155 6086
4592 7311
478 7360
478 7421
478 5016
478 5954
7360 9185
7360 7546
7421 9597
5954 8661
5954 6423
5954 8180
3496 5363
3496 8758
3496 6637
480 6434
480 924
480 5038
6434 7661
6434 6683
6434 8734
6434 9040
5038 6601
481 1548
481 8427
1548 2159
1548 3125
1548 2620
1548 1845
1548 7127
1548 7200
1548 8391
8427 9162
482 7301
482 5314
482 1969
482 2287
7301 8073
7301 9331
7301 8871
7301 9938
5314 9259
5314 8865
5314 7722
5314 7868
5314 6711
1969 8032
1969 8805
1969 9408
2287 6288
2287 3505
2287 6754
2287 6357
483 1256
483 1846
1256 9484
1256 5084
1256 9807
1846 2002
1846 9405
1846 5729
1846 2390
1846 3182
484 9735
484 6011
484 8102
484 1206
484 9893
6011 8446
485 3631
485 1500
485 2387
485 6846
485 8211
485 5031
485 8440
3631 5090
3631 5400
1500 9575
2387 9376
2387 3668
2387 9125
6846 8626
8440 9057
486 1627
486 5790
486 5769
5790 8089
487 3608
488 4008
488 9391
4008 5775
4008 8389
489 4003
489 5999
489 2609
489 7582
489 3485
489 7141
4003 6874
4003 4379
4003 5981
5999 9076
5999 7787
5999 8950
2609 8449
2609 5403
2609 7826
2609 4058
3485 8138
3485 6562
3485 6861
3485 9573
8225 8872
9408 9646
3693 6199
3693 5832
491 3737
3737 5595
492 6727
492 7984
492 9457
492 4501
494 6580
494 2545
494 4510
494 1244
6580 8759
2545 4343
1244 8160
1244 5420
1244 9094
1244 1308
496 7330
496 5973
496 2686
496 5171
496 1055
496 2246
496 6695
7330 9236
2686 4470
2686 4561
2686 4718
5171 9994
5171 6976
5171 6999
5171 7882
2246 7942
2246 7146
2246 8227
497 1367
497 7335
497 9347
497 9924
497 3729
1367 8664
1367 1669
1367 8428
1367 9424
1367 9564
1367 5371
7335 7870
7335 9504
3729 6163
3729 6092
3729 4024
498 2896
498 1405
498 8175
498 5047
498 8312
2896 5011
2896 8760
2896 8277
1405 7213
1405 2403
1405 4977
1405 7935
1405 2064
5047 6842
499 5575
499 963
499 8580
499 2254
5575 5941
963 8797
963 2071
963 7295
2254 2710
500 7746
500 6251
7746 9242
7746 9839
6251 7140
6251 7177
501 9315
501 3267
501 5527
501 9035
9315 9373
3267 5735
3267 3465
3267 9803
5527 6084
5527 7564
9035 9378
503 739
503 872
503 9782
503 8950
872 7897
872 1364
872 937
872 6557
8950 9241
8950 9716
504 8729
504 8050
504 7467
504 9751
504 7366
504 5738
504 7591
8050 9439
8050 8466
8050 8671
7366 8118
7591 8464
7591 8356
505 9605
505 4004
505 2184
505 4597
505 3629
4004 9916
4597 9818
4597 6994
3629 7638
3629 8743
3629 9860
506 8574
507 8041
507 1397
507 2781
507 3703
507 7150
507 1383
1397 5428
1397 6648
2781 8211
2781 7519
2781 7932
7150 8890
1383 6128
1383 3442
508 6535
508 5721
508 2851
5721 9483
5721 9061
5721 7409
2851 5624
2851 9553
2851 9979
2851 8987
2851 4736
2851 7326
509 9702
509 6117
509 1703
6117 8543
1703 3429
1703 8335
510 4368
510 1767
510 8339
4368 8579
4368 8452
1767 2796
1767 8962
1767 4103
1767 2719
1767 2402
511 2830
511 6654
511 2373
511 3194
511 941
511 5278
6654 9724
2373 8527
2373 7498
2373 4109
3194 9788
3194 5453
3194 8259
3194 8141
3194 6153
941 8441
941 7209
941 6282
5278 5778
5278 7410
512 1322
512 3716
512 6226
512 3511
1322 6477
1322 6407
3511 6579
3511 7502
3511 4156
3511 6156
3511 8560
3511 4746
513 7200
513 5733
513 3232
513 5034
7200 7868
7200 8492
7200 9943
5733 6194
5733 7397
3232 5993
3232 6586
3232 6707
5034 9890
5034 7654
5034 9056
514 1991
514 9765
514 9737
1991 8981
1991 9757
1991 7164
1991 3222
9765 9930
9737 9861
515 9800
515 9472
515 6057
515 1021
6057 9236
6057 6212
6057 8879
6057 8136
1021 8813
1021 6057
516 2414
516 3690
516 8402
516 787
2414 8307
2414 5339
2414 9453
2414 6661
2414 4231
3690 9682
3690 4729
8402 8748
8402 9426
8402 9520
2328 6914
2328 9515
8261 8816
8261 8890
8123 9919
518 8758
518 3670
8758 9579
519 9659
519 2988
519 9326
519 6991
519 1839
2988 5007
2988 6434
2988 5155
2988 8586
2988 4180
2988 4898
2988 6232
6991 7472
1839 8600
520 7926
520 3629
520 8522
520 5656
5656 6498
5656 8830
521 7324
521 948
521 5843
948 2569
948 3251
948 8267
5843 8526
522 8992
522 1920
522 3799
522 2776
1920 7108
523 3024
523 6634
523 846
523 4899
523 6883
3024 3349
3024 7276
524 2490
524 4512
524 8453
524 3905
524 8862
2490 5409
3905 8985
8862 9712
525 2815
2815 3476
2815 6978
2815 4097
2815 9473
526 2680
526 5690
526 1718
5690 9716
5690 6910
4314 9085
4314 8733
528 4893
528 3635
528 7738
528 884
528 2641
528 3586
4893 8428
4893 9144
4893 5280
3635 6989
884 1024
884 4692
884 8563
884 9998
884 9951
884 5212
2641 6192
2641 7892
3586 6267
3586 3789
529 7560
529 1111
529 4764
7560 9914
1111 2174
1111 9792
1111 8310
1111 3620
1111 8612
1111 2472
4764 9924
530 9933
530 7874
530 1695
530 5774
530 5128
7874 9726
5128 8201
531 7826
531 3582
531 7371
531 7620
531 8010
3582 6412
3582 5496
3582 4744
7371 9484
7620 7680
532 4369
532 5395
532 8643
532 1134
532 7872
532 3592
532 3833
3833 5126
533 3063
533 9847
533 8717
533 1568
533 4344
533 9906
3063 7682
3063 5494
3063 8861
3063 9096
3063 6100
4344 6818
4344 6003
534 9648
534 6727
534 6334
534 8228
534 9966
534 4092
534 6475
6475 6746
6475 7255
535 7450
535 8275
7450 8334
8275 9064
8275 9189
2635 7263
2635 8649
2635 8529
4262 8426
2855 8620
4264 6408
4264 9769
537 6362
537 8293
537 5362
6362 8900
5362 8818
5362 6960
5362 8358
7493 9400
539 7784
539 3137
539 3828
539 7751
539 6180
7784 9569
7751 9611
540 6444
540 5328
540 2788
540 9890
540 6184
5328 7690
5328 7533
2788 3501
6184 8923
6184 8212
541 4286
541 1024
1024 5839
1024 5190
1024 3221
1024 3379
1024 6633
542 5371
542 5997
542 4549
542 9954
542 2868
5371 9062
5997 7104
5997 6412
5997 8571
5997 7032
4549 6882
4549 8381
2868 3243
2868 3675
543 1799
543 6949
543 9108
543 5228
1799 8978
1799 9588
1799 7116
1799 2575
1799 2721
1799 6862
1799 7615
1799 4547
6949 7158
6949 8852
6949 7382
6949 7112
544 4672
544 1127
544 6303
4672 8681
4672 8753
4672 6035
4672 9688
6303 7338
545 7077
545 7335
545 8901
545 3075
545 7951
545 838
545 6587
545 2305
7077 7160
3075 6785
3075 6252
3075 4850
3075 4621
3075 3552
7951 8581
838 2663
838 5332
838 2720
838 6924
838 7503
838 1787
6587 7949
2305 3368
546 9826
546 4684
546 6107
4684 4968
4684 8623
4684 7909
547 935
547 783
547 2299
547 1377
935 9505
935 7269
935 3653
2299 8007
2299 5778
1377 3995
1377 5726
1377 5552
1377 9294
1377 4938
548 7208
548 4220
548 848
548 6237
548 5805
7208 8449
7208 9544
848 3983
848 1805
848 3346
848 7314
4295 7233
4295 7313
4295 8241
550 9381
550 5644
550 4418
5644 7369
5644 8724
5644 7990
5644 5933
551 2892
551 7388
551 5890
2892 3985
2892 7108
7388 8033
552 3208
552 7220
552 2408
7220 7325
7220 9828
2408 6151
2408 9549
553 1514
553 6797
1514 4352
1514 1762
1514 2515
1514 5498
6797 9073
6797 9690
554 3248
554 8220
554 8320
554 7547
3248 8414
3248 6395
8220 8660
555 8395
555 5843
555 1587
555 6803
556 1892
556 7991
556 1870
1892 4239
1892 4793
1892 3526
1892 9557
1892 4091
1870 5912
1870 7651
1870 9414
1870 6872
557 2475
557 8182
557 4925
557 7208
558 3954
558 3282
3282 9954
3282 5352
3282 6316
559 9470
559 8129
559 3876
559 5333
559 2574
559 4105
559 8329
559 6862
559 9119
559 4118
3876 3882
5333 8393
2574 4288
2574 7573
4105 5543
4105 9712
6862 9054
6862 9620
6862 7385
4118 6498
4118 6540
4118 5524
560 9669
560 8707
560 584
560 7548
584 3307
584 6295
584 6505
584 6156
584 9966
584 3051
561 583
561 7585
561 3877
561 8335
561 3534
561 3715
583 9106
583 3348
583 5411
583 7745
3877 8303
3877 9996
8335 9440
3715 6749
3715 5564
3715 7065
3715 5408
562 6254
562 9201
562 9268
562 2149
562 1652
562 7564
6254 6971
6254 6546
1652 5990
1652 5596
1652 8380
2425 2507
2425 7784
2425 3743
2425 6388
917 5745
917 6906
917 5671
917 4751
564 3546
564 782
3546 3889
3546 9326
782 2625
782 8960
782 6213
782 8302
782 6626
565 5541
565 7598
5541 7323
5541 7234
566 4875
566 5368
566 4637
566 1908
566 1922
566 8913
4875 5792
4637 8430
1922 7215
1922 5190
8913 8930
567 673
567 6816
567 660
673 4081
673 1006
673 5661
673 7076
673 3527
673 8394
673 5131
6816 9911
6816 7708
568 7348
568 7227
568 2574
568 7482
568 7280
7348 9217
7482 7662
7482 8022
7482 7773
569 6283
569 2327
569 3578
6283 9545
3578 7074
570 3373
570 7674
570 5054
570 1056
570 3941
570 5953
3373 8857
3373 4823
7674 8671
7674 9508
5054 5518
5054 5155
1056 7573
1056 7043
1056 5935
1056 6310
571 2954
571 9625
571 8030
571 5793
571 6827
571 8599
2954 6189
2954 8730
2954 3839
2954 8473
8030 8122
8030 9054
6827 9819
572 9903
572 9588
573 1572
573 5086
573 9757
1572 7495
5086 6749
5086 6905
574 1326
574 7232
574 850
574 1112
1326 7163
850 6891
850 8269
1112 1558
1112 6409
1112 6265
1112 9784
575 5440
575 9784
575 1000
575 5348
5440 7573
5440 9379
5440 9435
1000 3834
1000 4684
1000 6487
576 7413
576 9344
576 8206
577 9853
577 5147
577 8336
578 2335
578 1172
578 3370
2335 2622
2335 4307
2335 4300
1172 4396
1172 2726
1172 2687
1172 1730
3370 8137
3370 5195
3370 4372
3370 6799
579 7145
579 5031
579 9037
579 5008
7145 9337
7145 9330
7145 9728
7145 7477
9037 9940
5008 8637
5008 7345
581 7727
581 4689
581 3595
581 818
581 7551
581 5421
4689 7543
4689 8324
4689 8438
4689 7793
3595 4297
3595 4287
818 7749
818 5490
818 7400
818 1151
7551 9956
5421 9286
4563 4941
4563 9320
8380 9054
5252 6608
9106 9822
3348 4768
3348 5899
3348 5372
3348 7310
3348 5729
3348 5124
3348 4404
5411 9719
5411 7072
7745 9025
3307 7842
3307 5403
3307 5561
3307 7151
3307 5732
6295 8053
6295 7065
6295 7836
6295 7665
6505 7293
6505 8833
585 3361
585 7154
585 7863
585 9629
585 9492
3361 6901
3361 8916
3361 3490
7154 7519
7863 9789
586 806
586 5249
586 7303
586 8719
586 5999
586 9466
5249 8193
5249 7203
5249 9723
7303 7619
8719 9666
587 7681
7681 8348
7681 8057
7681 9699
1110 5745
1110 6765
1110 4689
6541 7428
6541 7627
3661 4750
3661 4630
3661 6098
3661 9598
3661 4720
589 6934
589 3205
589 4583
3205 4272
3205 5495
3205 9258
3205 8843
3205 3541
4583 7105
590 6117
590 7596
590 1938
7596 8668
7596 9528
4175 5468
4175 9248
5138 9220
5138 5438
5138 5750
5138 9667
1319 7289
1319 3571
1319 5846
2756 9131
2756 7936
5762 8799
5762 8348
5762 9178
4382 9133
4382 6463
2905 6004
2905 5200
2905 9566
2905 8324
2905 7560
2905 6104
2905 3675
720 8729
720 5606
720 7448
720 5041
720 5775
720 9431
720 5765
3253 4790
3253 3445
3253 4630
3253 7281
3253 4192
593 7139
593 5165
593 3410
593 3805
593 5764
593 7898
7139 9682
3410 7527
3410 9195
3805 7161
3805 8434
5764 5990
5764 8446
2092 4713
8192 9874
8192 8749
595 9307
595 4971
595 3725
595 8562
595 7555
595 9044
595 2825
9307 9838
9307 9977
4971 8972
4971 6349
4971 7671
3725 8028
3725 3875
3725 8164
7555 7699
2825 5791
2825 6243
2825 3685
2825 6205
596 3035
596 3524
596 9102
596 9043
3524 8779
3524 9759
597 1243
597 9899
597 2892
598 1254
599 7403
600 9881
600 9554
600 2932
600 6848
2932 3032
2932 4523
2932 3489
2932 7009
2932 7540
6848 9629
601 9919
601 8840
3195 5322
3195 9197
3195 4752
3195 9796
3195 6562
3195 7062
9282 9541
4629 9597
4629 6853
4629 9440
603 9725
603 6651
603 4549
603 2945
603 3207
6651 7942
2945 4774
2945 8453
2945 3055
605 5243
605 994
605 7085
605 7672
605 8063
605 5949
994 9201
994 5827
994 4429
7085 8315
7085 8300
5949 7307
2567 6790
2567 4651
3717 5069
3717 9104
6200 8246
6200 9355
636 8547
636 6194
3597 7615
3597 5349
3459 4460
6889 9911
608 3280
608 5797
608 6945
608 6797
3280 4099
3280 4305
3280 4236
5797 8358
609 3341
609 1117
609 5364
3341 3498
3341 4616
3341 5622
1117 5859
1117 3686
1117 9682
1117 2133
1117 1581
2544 5050
2544 9149
1075 9423
1075 4921
1075 8059
1075 1154
1075 9495
1075 5706
1311 9131
1311 4192
1311 7546
1311 7413
1311 1566
1311 9599
1311 9964
5123 6944
7104 9912
612 1981
612 7721
1981 7842
1981 8193
7721 8731
7721 9126
613 1201
613 9402
613 6978
1201 4226
1201 4352
1201 8567
1201 6491
9402 9408
6978 9710
6978 9061
6978 8761
6978 9314
6978 8548
614 9212
614 3434
614 7670
9212 9707
3434 4291
3434 9791
615 5021
615 6891
615 6768
615 7660
615 6552
615 7304
615 639
615 3967
5021 5373
5021 8565
5021 9115
5021 9492
7660 9554
6552 7712
7304 9403
639 2462
639 4573
3967 5025
3967 9053
3967 8311
616 8855
616 805
805 5470
805 2001
805 5648
805 2984
805 9762
805 7454
617 3019
617 2792
617 6885
617 6381
3019 6940
3019 7059
3019 7472
3019 9664
6381 6651
618 3530
618 3091
618 6392
3091 9873
6392 9517
619 9038
619 2631
619 6090
619 3859
619 7452
2631 3956
2631 7212
6090 9932
3859 4230
3859 8272
3859 4959
620 7872
620 3978
620 3225
620 7743
620 6065
620 4639
3978 8424
3978 5573
3225 5649
3225 9166
3225 8806
3225 6338
4639 5634
4639 9076
621 6071
622 8394
622 6865
622 3990
622 9341
6865 9433
6865 7244
3990 8178
3990 8160
623 9994
623 4216
4216 8483
4216 5751
4216 7090
4216 7509
4216 8332
624 3584
624 4736
624 1218
624 5503
3584 4557
3584 7071
1218 1905
625 1658
625 5572
625 2352
625 3775
625 9905
1658 7767
1658 2800
1658 4818
5572 6512
5572 7159
5572 7605
5572 9988
2352 8129
2352 8605
3775 4258
626 4396
626 1487
4396 9597
4396 9088
1487 8140
1487 5774
627 4477
4477 5562
628 2121
628 1399
628 1319
628 3630
2121 9589
2121 7143
3630 6580
2351 2622
2351 5872
2351 7132
2351 4199
2351 4632
2351 4836
630 4700
630 2542
630 1986
630 5164
630 4709
630 1339
630 6223
4700 7915
2542 5717
2542 4406
2542 7650
2542 9818
1986 2363
5164 7125
5164 7007
4709 7894
6223 9397
631 8718
631 4438
631 6415
631 8371
4438 9575
4438 6926
6415 7444
632 9378
1724 4802
1724 2009
1724 8821
634 2819
634 9804
634 1813
634 1799
2819 9437
2819 8078
2819 5805
1813 3110
1813 4938
1813 4880
1813 7102
1813 3939
637 2931
637 4492
637 9399
2931 9083
2931 9037
2931 5828
2931 9558
2931 5966
4492 6257
4492 9121
9399 9906
638 3623
638 6522
3623 5487
6522 7342
2462 6751
2462 7442
2462 2748
4573 7127
4573 8654
640 6787
640 1062
640 5280
640 5439
640 5927
640 3246
1062 7624
1062 1072
1062 1895
1062 4448
5280 6263
5280 5998
5439 7821
5439 9407
3246 4690
3246 5894
641 8564
641 3945
641 9598
641 9260
641 3118
3945 5681
9598 9967
3118 5503
3118 6259
3118 9180
642 6217
642 4823
642 6952
642 6574
6952 7015
643 4805
643 5310
643 3658
643 9973
643 6792
4805 8414
4805 5107
4805 5924
4805 6142
5310 5572
5310 6474
3658 6491
3658 5810
6792 7427
8262 9352
725 5646
725 7938
725 4651
725 7510
725 4325
725 1046
725 6212
4969 8937
4969 9261
4969 7802
645 6483
645 2593
645 9150
645 8707
6483 8343
2593 4062
2593 4257
2593 4051
3913 6118
3913 4309
3913 4745
647 8181
647 2676
647 9482
647 1480
647 3457
647 1239
647 1368
8181 8580
2676 3599
2676 5764
2676 7903
2676 2729
9482 9798
1480 1635
1480 5719
1480 1812
1480 8505
1239 2880
1239 3676
1239 5831
1368 8921
1368 7109
1368 5605
1368 3803
1368 1680
1368 3666
648 2605
648 6320
6320 7629
6320 6552
649 8314
649 2136
649 7540
649 5350
2136 2631
2136 3783
2136 3361
2136 3668
7540 8270
5350 5456
5350 6115
5350 7986
650 3401
650 9589
650 8428
650 4804
650 3034
650 9654
650 1609
3401 5605
4804 5190
4804 7814
4804 9901
3034 9652
9654 9880
3518 6837
3518 4538
5335 5636
5335 7355
5335 6240
5335 6563
652 6797
652 766
652 6819
652 7433
766 2130
766 9183
6819 7903
6819 7235
6819 6880
653 2923
653 1656
653 3108
2923 7551
2923 9706
2923 8151
2923 8942
1656 8131
1656 4193
1656 1933
3108 9870
3108 3281
3108 5889
654 2801
2801 7197
2801 9366
2801 6007
655 7686
7686 7780
7686 8129
7686 9271
656 8132
656 8989
656 928
656 8542
928 6208
928 7427
928 3821
657 8730
657 5134
657 3872
8730 8941
3872 6732
3872 8697
3872 7913
658 5091
658 4706
658 6432
658 2675
4706 5224
2675 4655
2675 6890
2675 5384
659 7027
659 1206
659 7261
659 4256
7027 8502
7027 8170
4256 8740
4256 5446
661 4491
661 3822
661 1325
661 8719
4491 8822
4491 7328
4491 7485
3822 8106
3822 5522
3822 8047
662 9525
662 3452
662 9485
3452 6709
663 7833
663 8897
663 9999
664 8011
664 4004
664 9625
664 7964
664 2931
664 1032
8011 8088
7964 7988
7964 8423
1032 9838
1032 4043
1032 9195
1032 6327
1032 3236
1032 9325
665 5326
665 1999
5326 5713
5326 5543
5326 8260
5326 9371
1999 2402
666 7719
666 4124
666 1058
7719 8369
1058 8985
1058 6325
667 7794
667 7649
667 2929
667 7320
7320 8203
7914 9427
2263 9668
2263 9990
2263 6059
790 7618
790 4264
790 1365
790 8569
790 7873
790 893
790 5560
1421 9756
669 5281
669 3402
669 1185
5281 7373
5281 8749
3402 5811
3402 5770
3402 7472
670 9803
670 7025
670 5847
670 2765
7025 7381
5847 9408
2765 5007
2765 5410
2765 5806
1973 4407
1973 3940
1973 4396
1973 7079
1973 8460
1973 9141
672 6579
672 817
672 2273
672 1766
672 6288
6579 6884
6579 9686
817 1425
817 7739
817 7591
817 1675
817 1272
2273 3324
2273 7518
2273 6934
1766 8929
1766 7781
1766 3863
1766 6502
1766 6340
4081 8645
4081 6011
4081 4310
1006 1344
1006 5443
1006 1230
1006 8675
5661 7136
5661 5954
7076 9263
7076 7681
7076 8985
3527 5953
3527 8786
5131 9257
5131 7917
674 3236
674 9077
674 2998
674 6481
9077 9804
2998 8839
2998 7651
2998 8883
2998 9692
2998 5452
6481 8289
6481 8934
6481 8468
6481 7343
675 2805
675 2434
675 781
2805 9614
2805 6509
2805 9074
2434 6537
2434 4385
2434 7079
2434 7360
2434 3326
781 6047
781 9203
781 6375
781 2313
781 8729
781 3124
676 6174
676 4113
676 7457
676 9199
6174 6836
4113 9439
7457 7765
677 1269
677 1112
677 1934
677 3638
3638 4657
3638 5626
3638 6049
3638 5721
678 2920
678 2960
2920 3779
2920 6070
2960 6837
2960 9844
2960 4739
2960 8324
2960 5578
2960 5135
679 8961
679 3319
679 5892
5892 6506
5892 5996
5892 9254
680 7363
680 7695
680 7702
7363 8538
7363 8770
7702 8269
681 3329
681 6459
682 6865
683 2101
683 3061
683 8706
683 9567
2101 9167
2101 3670
2101 3704
685 9143
685 5151
685 4200
685 2359
685 7546
685 8672
685 9460
5151 9574
5151 6801
687 2187
687 2349
687 1039
687 6548
2187 8474
2187 3223
1039 7961
1039 8210
1039 7540
1039 8755
688 7179
688 4673
688 1666
688 9572
1666 2427
1666 9966
1666 2227
1666 5761
690 2703
690 9509
690 1758
690 2849
690 6604
2703 4322
1758 2214
1758 3393
1758 3973
6604 7327
879 1638
879 8798
879 9379
3116 5371
3116 5895
1578 7962
1578 3629
1578 4863
7904 8879
8398 9441
1726 8520
1726 4757
1726 4595
1726 3856
1726 9462
1726 7388
1726 7621
1370 6780
1370 8273
1370 9161
693 5270
693 4742
693 6355
5270 9672
4742 7694
694 5474
694 6275
694 8751
5474 7532
8751 9459
8751 9542
695 8603
695 4647
695 9399
695 986
4647 8170
986 9289
986 2619
986 5001
986 1718
986 4384
986 8763
986 7157
986 9394
4514 7613
4514 8204
4514 8404
3697 4905
697 7937
697 2952
697 9195
2952 5445
2952 5598
2952 6297
2952 9093
2952 9129
698 1104
698 9756
698 8059
1104 3665
1104 7450
1104 9385
1104 7811
1104 4005
699 2750
699 3697
699 6636
2750 9189
2750 9067
2750 6126
2750 9605
700 2630
700 8831
700 1665
700 3391
2630 9927
2630 5512
8831 9307
1665 2104
1665 4046
1665 2863
1665 9516
3391 8696
3391 8895
701 3014
701 6075
701 9615
701 5202
701 1567
3014 5210
3014 7552
3014 9262
3014 3073
3014 3701
6075 6462
5202 5761
1567 1868
1567 6662
1567 2890
1567 5606
1567 7672
1567 8385
1567 7789
1567 9742
702 1409
702 940
702 6661
702 8350
1409 2758
1409 4502
940 2944
940 7886
940 8931
704 9250
704 4676
704 5057
704 2953
704 5538
4676 9617
4676 7534
4676 8390
4676 8149
5538 8266
5538 9130
705 6327
705 9823
705 2273
705 8750
705 9041
705 7779
6327 7958
706 987
706 9891
706 7866
706 9234
987 5267
987 9123
987 2676
7866 8192
7866 9189
707 5163
707 6542
707 4258
5163 8125
5163 5808
6542 8114
6542 9044
4258 6090
4258 7959
4258 5119
708 4762
708 6093
708 9759
708 1369
4762 8866
4762 8398
9759 9819
1369 3717
1369 9722
1369 2503
1369 2958
709 4250
4250 9274
4250 8762
710 9920
710 5425
711 6695
711 6930
712 7194
712 6710
712 9324
712 7727
712 4434
712 4687
7194 9418
7194 8541
6710 9706
713 6807
713 3992
3992 4788
3992 6507
714 1655
714 5146
714 4721
714 6163
714 2194
714 9957
714 8347
1655 2034
1655 4151
1655 6251
1655 7561
1655 1874
1655 2087
5146 5973
4721 6458
4721 7527
4721 7950
6163 8762
6163 6818
2194 4699
2194 7673
2194 3459
2194 3573
2194 5246
715 7712
715 1122
715 3650
715 1464
715 7705
7712 9940
1122 4147
1122 8509
1122 5900
1122 7638
1122 9739
1122 4396
1464 9055
1464 3576
716 3034
716 6240
716 6345
717 6120
717 3343
717 5362
717 8347
717 9548
6120 9474
6120 8896
3343 8291
3343 4634
3343 8437
718 7930
718 9341
718 3110
3110 7208
3110 6002
3110 5247
719 4241
719 9372
719 7504
719 8988
4241 7657
4241 4520
5606 6430
5606 8747
5606 9138
5606 5735
5041 5648
5041 8541
5041 8260
5775 9638
5775 7240
9431 9619
721 8244
721 5725
721 1761
5725 7541
1761 4328
1761 8848
1761 4351
1761 2914
1761 8944
722 7931
722 5641
722 3825
7931 9946
7931 8023
5641 6782
5641 9727
723 2472
723 5601
724 5786
724 1293
724 9448
724 8663
1293 3261
1293 5018
1293 4980
1293 3287
1293 7965
1293 8333
1293 9758
4651 6983
4651 8707
4651 9382
7510 8191
7510 8924
7510 9974
4325 7682
4325 4891
1046 1925
1046 9219
1046 6900
6212 8490
6212 7057
6212 7626
726 5715
726 2392
726 750
5715 7077
2392 8087
2392 4202
2392 4148
750 1726
750 7173
2133 7035
2133 5573
2133 2323
2133 4908
2133 9679
2367 5868
2367 9747
2367 3898
2367 2382
2367 5634
728 9484
728 5740
728 9118
728 3806
5740 6319
5740 9079
5740 8992
5740 6853
3806 7806
3806 5898
729 5503
729 1518
729 9697
1518 8889
1518 1796
1518 2161
1518 7714
1518 7399
1518 3272
730 2611
730 1698
730 2468
2611 8537
2611 5366
2611 9580
1698 4891
1698 2144
1698 2944
1698 2225
731 7760
731 3867
731 8747
731 4901
731 7637
731 9646
731 6745
3867 4305
4901 8789
4901 5858
7637 9471
6745 8716
6745 9914
732 3544
732 8694
732 1820
732 7137
732 1205
732 4192
732 4100
732 8275
3544 7946
8694 8760
1820 4948
1820 6053
1820 8426
1820 5486
1820 5490
7137 9048
1205 9049
1205 6970
4192 5973
4192 5092
4192 4848
4192 9165
4192 9305
4192 9839
4192 8534
4192 8385
4100 4299
4100 9661
733 5826
733 9881
733 2356
733 3970
733 9525
733 2082
2356 4831
3970 5345
2082 7663
2082 6229
734 3711
734 8039
734 8138
734 5237
734 7291
734 7434
734 2082
734 8602
3711 8529
3711 5611
3711 7930
8138 9094
8138 9423
8138 8311
5237 8140
5237 6382
5237 8175
5237 6520
5237 9198
5237 9094
7291 8689
735 2051
735 8549
735 2306
735 1870
735 9288
735 5742
9288 9548
736 4332
736 9248
736 9996
736 4190
736 6869
736 7804
4190 9932
4190 7571
6869 9620
6869 9255
7804 7882
7804 9859
737 806
737 6449
737 8918
737 4813
6449 9547
8918 9217
4813 5146
4813 8313
4813 8298
5732 8025
5732 6750
834 4961
8342 9858
8342 9857
8002 8980
740 8392
4683 7110
4585 4727
4585 5509
4585 7702
4585 5173
4585 6329
2067 2380
2067 5333
2067 6247
2067 2464
2067 7828
2067 3935
3500 9674
3500 4983
3500 9708
742 8484
8484 8501
743 1399
743 8846
743 8696
1101 4364
1101 2166
1101 5723
1101 5452
5804 7390
5804 6229
6818 8608
6818 8496
746 1039
746 6959
746 4595
746 7901
6959 9567
4595 7838
4595 8064
7901 8694
747 4898
747 5671
4898 7303
4898 6771
4898 8915
748 3031
748 8346
748 2929
748 1912
748 2259
3031 4925
8346 9420
8346 9422
1912 4007
1912 9734
1912 6133
1912 6494
1912 6096
2259 6407
2259 3831
2259 9875
2259 3689
2259 7640
749 4961
749 2154
749 1691
749 794
749 3206
4961 7906
2154 5874
2154 9461
2154 8498
2154 4443
1691 3436
1691 9496
1691 9752
3206 8802
3206 3523
3206 3830
7173 9713
751 8408
752 9958
752 8774
8774 9727
5802 8017
5802 7477
5802 7927
2498 5730
3753 6338
3753 9911
3753 9419
3753 5200
3753 4511
3753 7387
1228 9943
1228 6819
1228 1731
1228 8376
754 9281
754 6114
754 1961
754 4497
754 8874
9281 9867
1961 5326
1961 9406
4497 4537
755 5338
755 6007
755 8911
755 1180
1180 9367
1180 6576
1180 8664
2416 9209
2416 5557
2416 6706
2416 2498
2416 9348
3912 9141
3912 6776
3912 4238
2902 8580
2720 5431
2720 6798
2720 3238
2720 6481
757 4579
757 5547
757 9822
757 4453
4453 7795
4453 7323
4453 6070
4453 9927
758 3573
758 9444
759 6217
759 3999
759 2824
3999 9201
3999 4266
3999 7827
2824 2837
2824 7962
2824 4638
760 8588
760 2523
2523 4933
2523 5867
2523 9367
2523 6241
2523 5172
2523 4873
2523 3759
761 8902
761 7697
7697 8392
7697 9812
7697 8182
762 7752
762 6318
762 5751
762 3848
762 3816
762 6898
7752 8596
6318 8606
6318 8343
5751 7134
5751 8109
3816 6288
3816 9073
3816 9248
3816 6761
6898 7513
6898 9806
6898 7458
6898 8289
763 6583
764 2277
764 4761
764 4844
764 5936
764 1082
2277 5332
2277 6805
2277 4053
5936 9354
5936 9051
5936 9723
1082 4407
5302 6388
5302 9211
9183 9639
767 2585
767 6065
2585 5537
2585 8110
2585 3890
2585 3600
768 7671
768 7124
768 2745
768 7402
768 905
2745 3827
2745 7216
2745 7883
7402 8880
7402 7749
7402 7957
769 7923
769 9297
769 3733
769 6525
3733 4879
3733 8856
770 5842
770 7047
770 3506
770 6931
770 2859
770 2534
770 8283
770 3692
5842 6159
6931 9005
2859 6167
2859 8249
8283 9939
771 9975
771 2319
2319 4975
2319 8385
772 1322
772 2670
772 6663
772 4034
772 3211
6663 9319
6663 9698
3211 4812
773 4017
774 3054
774 3286
774 5361
774 6016
774 6114
774 8554
774 3546
774 9681
774 4234
774 1867
3054 8721
3054 3937
3286 5664
3286 8758
3286 8945
5361 5950
5361 7960
6016 8135
4234 8397
4234 7127
4234 6117
1867 9685
1867 6327
1867 8417
775 6181
775 1227
775 7037
775 8446
775 9523
6181 6939
6181 7214
6181 7776
6181 9967
1227 4777
1227 7318
7037 7127
7037 7064
776 7204
776 1333
776 8367
776 6041
7204 7344
1333 9258
6041 9954
6041 7169
6041 9150
5273 5987
5273 8138
5273 8913
5273 7246
778 9067
778 4775
778 7644
779 4987
4987 5036
3784 3958
3784 9520
8332 9108
6047 9416
6375 8086
6375 8103
2313 5572
2313 7275
2313 6920
3124 8484
3124 7819
3124 4331
2625 4624
2625 3336
8960 9201
784 7735
784 6066
784 3208
784 2575
6066 6813
6066 9736
6066 6215
2575 8754
2575 3635
2575 7584
2575 7419
2575 9211
2575 4802
2575 7110
785 4357
785 3508
785 1780
785 1171
785 8980
785 4583
785 3022
785 4542
4357 6058
4357 7486
3508 8645
3508 4340
3508 3964
3508 9583
3508 9242
1780 2722
1780 2619
1780 4209
1780 5194
1171 2619
3022 8693
3022 5007
4542 8995
4542 7276
4542 7970
4542 7785
786 6982
786 2825
6982 7090
6982 8397
6982 8940
974 3192
788 7987
788 8591
788 4705
788 3772
788 6670
788 8186
8591 9469
4705 8402
4705 8341
6670 8158
6670 8118
789 9395
789 3539
789 5102
789 5582
789 6152
789 8205
3539 5185
3539 4775
5102 8146
5102 8021
6152 9038
7618 9526
1365 7091
1365 1400
1365 9605
1365 9705
1365 6024
1365 1399
893 7497
893 5122
893 8118
893 5070
893 1998
893 7655
5560 6117
791 3119
791 8377
791 8345
791 2265
791 8438
791 5886
3119 9480
3119 6077
8377 8815
8438 8445
8438 9636
5886 9810
792 6220
792 3637
6220 8235
3637 3717
3637 5343
3637 8860
2155 8822
6867 9342
5448 9141
5448 5893
5448 8117
5448 8944
1230 5641
1230 9736
1230 2829
1292 7818
1292 8519
1292 2173
2687 3896
2687 4409
7187 9851
7187 7748
796 6454
796 9212
796 4809
4809 6962
4809 9004
6520 7710
6520 9456
6292 8693
2034 9492
2034 7409
2034 4327
798 3019
798 9060
798 2903
798 8187
9060 9201
2903 3355
2903 7293
799 1942
799 7425
799 8954
1942 7798
1942 8865
1942 4783
1942 7161
1942 3950
1942 8560
1942 4215
1942 3577
7425 9461
800 8078
800 6511
800 7956
8078 9271
6511 6733
7956 9598
7956 8116
3076 5294
3076 6213
802 4233
802 2910
802 1333
802 3861
2910 5474
2910 5531
2910 9944
2910 7946
3861 7335
3861 4040
803 6173
6173 6356
804 4676
804 9020
804 2308
2308 2544
2308 5976
2308 3523
2308 7451
2308 6202
5470 8015
2001 3205
2001 9332
2001 6096
2001 9929
5648 9868
5648 9834
7454 9163
1458 2031
1458 2353
1458 1918
1458 3515
807 2926
807 1577
807 9316
807 6387
807 9087
2926 9598
2926 7938
808 6605
808 9088
808 7381
808 6304
808 843
808 9174
6605 7338
6605 6999
6605 8031
6605 8080
9088 9502
7381 9782
6304 8772
843 3187
843 8637
843 8210
809 6582
809 6910
6910 7488
6910 9120
810 3652
810 5785
810 2939
3652 8629
3652 9915
3652 6573
3652 6389
2939 5113
2939 4366
2939 4595
2939 4909
2939 3293
2939 7645
2939 9556
2939 5471
811 998
811 8982
811 8154
811 3977
811 4359
3977 9829
3977 4621
4359 5682
4359 7744
4359 7899
4359 8229
812 2614
812 2843
812 5408
812 3033
812 2176
812 5237
812 2165
812 1872
2614 6429
2843 9697
2843 5351
2843 9246
2843 9156
5408 7969
5408 5558
5408 7958
5408 8994
3033 4328
2176 2415
2176 9590
2176 7434
2176 4899
2176 6278
2176 8180
1872 8632
7847 9269
5390 5774
815 7259
815 5917
815 1161
7259 9266
7259 8935
5917 9605
1161 3980
1161 6200
1161 8501
816 3437
3437 4951
3437 6979
3437 6765
3437 7892
1425 6663
1425 9582
1425 5987
1425 2736
1425 8602
1675 3683
1675 2225
5490 8026
7400 8227
1151 9905
1151 4833
1151 5570
1151 5266
1151 6653
819 8238
819 5241
819 2205
819 8824
2205 4506
2205 3699
2205 8010
2205 3623
2205 3858
820 3835
820 2250
820 3360
820 6333
820 9599
820 2718
2250 2631
2250 2785
3360 8926
2718 5862
3201 5776
3201 3378
3201 6982
7967 7985
1324 6835
1324 3919
1324 6992
1324 2478
5075 7918
5075 7664
4472 5271
4472 9900
822 5205
822 8706
822 2092
822 3001
822 5698
5205 9723
3001 7488
3001 7941
3001 3966
3266 8514
7142 9746
8936 9996
824 7065
824 5730
824 5899
5730 9504
825 4900
826 6782
826 9392
827 7660
827 7688
827 1712
827 1776
827 914
914 1973
914 6485
914 6648
914 1939
6484 7481
6484 9305
829 3947
829 3948
829 8529
829 3445
3947 4359
3947 8068
3948 7775
3948 4643
8529 9037
3445 8818
3445 9869
3445 7698
830 2610
830 4147
2610 5585
2610 6322
2610 4410
2610 9336
2610 2880
4147 4952
4147 8540
4147 6140
4147 6400
831 4277
831 1845
1845 3560
1845 4027
1845 9677
1845 5951
9175 9364
4506 8314
2764 5636
2764 9590
8058 9246
833 9504
833 3217
833 4042
833 8706
833 6025
833 7813
9504 9838
3217 6924
3217 4978
835 6028
835 2816
835 1469
835 9707
835 6657
835 5639
835 8163
6028 6880
6028 7898
2816 5199
2816 3287
2816 6781
2816 3316
2816 8027
1469 8140
1469 1990
1469 6276
1469 1619
5639 8266
8163 9897
836 7992
836 9257
836 3090
836 3072
836 9248
7992 8096
3090 3564
3090 3949
3090 3174
3090 6065
3072 3840
3072 6070
837 3518
837 1617
837 4191
837 2891
837 6894
837 1232
837 8435
837 4117
1617 3774
1617 4273
4191 4200
6894 9905
1232 4750
2663 8484
2663 7104
2663 5485
2663 8967
5332 7010
1787 6849
2622 4379
2622 5937
2622 6639
2622 5613
840 3156
840 2296
3156 5992
3156 7007
3156 6223
2296 3912
2296 2407
2296 2924
1864 8613
1864 4547
1864 4491
1864 5082
1864 6654
6143 8829
2332 9655
2332 7373
2332 6503
2332 7598
2332 2917
844 1415
844 6903
844 2125
844 8114
844 9099
844 858
1415 1538
2125 2560
2125 8220
8114 9771
858 6276
858 7005
858 3527
858 9329
858 6940
845 3158
845 4534
845 8664
845 8146
845 8948
3158 4497
3158 8880
3158 9678
3158 8496
5814 9362
5814 8858
5814 7807
2161 6680
2161 6010
5623 6999
5623 8561
3983 4975
1805 7105
3346 3480
7314 8560
849 8830
849 3732
3732 7420
3732 4967
3732 5080
851 994
851 9593
852 2511
852 5883
2511 6772
2511 4147
2511 9389
2511 3737
5883 6400
5883 6467
5883 7749
853 8892
853 9618
853 9916
853 6650
6650 9986
6650 8593
2834 8653
2834 7179
7609 7754
7609 9790
7609 8615
4364 8218
2181 3888
2181 8960
2181 6036
2181 4083
855 2436
855 9210
2436 6568
2436 7118
2436 6728
9210 9293
856 2344
856 8627
856 2550
2344 9305
2344 8101
2344 3997
2344 6793
2550 2629
2550 5665
2550 2926
2550 9784
857 2433
857 1858
857 8402
857 8817
857 9762
2433 3428
1858 5966
1858 3218
1858 3244
1858 4012
7005 8516
7005 8217
7005 8150
6940 7618
6940 8240
859 6800
859 6558
859 7585
860 3224
860 2873
2873 4756
2873 7576
861 6898
861 6131
861 8059
861 6116
6116 6265
6116 9620
862 9832
862 6554
862 8927
862 5030
862 1233
862 4619
6554 9055
8927 9985
5030 6279
5030 7633
4619 6758
4619 6308
863 3070
863 6841
863 8422
863 8912
863 4584
863 4221
863 4052
863 4289
863 988
3070 6375
3070 4464
3070 8385
3070 3511
6841 8370
8422 9368
8422 9706
8422 9921
8912 9334
4584 5155
4221 8017
4289 7213
4289 7101
988 8321
988 5101
988 9840
988 2213
988 4573
988 2433
988 6799
864 9704
864 4830
864 6009
864 8995
9704 9849
4830 8739
4830 9690
4830 8287
4830 4940
4830 8973
4830 5316
865 4775
865 7896
7896 9078
7896 9683
866 9349
866 9560
2538 8482
2538 6543
2538 5777
2538 2723
2538 4827
2538 8493
2538 6865
2538 3390
1819 4154
1819 3078
1819 5502
5816 9188
5816 6860
5816 7052
2288 9737
2288 5490
2288 9731
868 5688
868 9453
5688 9899
5688 9896
5688 6368
5521 5865
5521 7940
5521 7278
4376 6385
4376 7872
4376 7478
4936 4998
4936 5865
4936 5586
5253 6593
5253 8365
3060 8350
3060 8634
5959 8139
2629 3746
871 4468
871 9221
1364 7370
1364 9527
937 4559
937 5888
937 2220
937 2338
937 1720
6557 7840
6557 6810
6557 8389
6557 6767
6557 7339
873 7339
873 6582
873 7343
873 5435
7339 9990
7343 9560
5435 7687
5435 7129
874 6943
874 9504
874 2007
874 9565
874 6984
6943 9984
6943 9515
2007 5856
2007 7642
6984 8889
6984 7022
6984 8965
6984 9505
6984 8951
875 5408
875 8511
875 4117
875 5774
875 4182
875 6218
875 1335
8511 9085
6218 6804
6218 7277
1335 3326
3390 6032
3390 9827
3390 3684
2420 4929
2420 2988
7385 8745
877 3384
877 5120
3384 9371
3384 7691
3384 6221
3384 5943
5120 9012
5120 9199
5120 9734
1638 6375
880 8477
880 6228
8477 9122
6228 7460
6228 9706
6228 8640
881 3356
881 3671
881 8398
881 4097
3671 8077
3671 4316
3671 7512
3671 9557
882 9700
883 9246
883 3663
3663 8531
3663 4667
3663 6088
3663 4805
3663 7658
5212 7403
885 4605
885 9981
4605 7360
4605 5871
4605 4668
4605 6558
4605 9731
5427 6504
7175 9145
999 5262
999 5280
999 4952
4415 9258
4415 4718
890 3383
891 7250
891 2376
891 7863
7250 8390
7250 7595
2376 5438
2376 7571
1124 7491
1124 6945
1124 4512
5122 6195
5122 9974
5122 6443
5122 9562
8118 9019
5070 9119
1998 4152
1998 5281
1998 5984
1998 2612
894 1993
894 3544
894 8232
894 9759
894 2052
1993 5947
1993 6872
1993 7548
1993 5735
8232 9694
2052 2853
1057 2694
1057 5193
1057 2232
1057 3839
1057 8454
1057 6825
6296 8175
6296 9266
5409 9278
5409 9705
896 8894
896 2514
896 4591
896 3571
4591 7578
4591 4630
4591 9720
3571 9988
897 2446
897 5864
2446 6538
2446 9341
2446 3240
2446 2948
2446 9938
898 9779
898 4328
898 7831
898 1623
898 6566
898 7972
1623 7607
1623 1793
1623 5974
6566 9584
6566 9411
900 1232
900 3449
900 939
900 5424
900 3604
900 5191
900 1947
3449 4654
3449 7469
939 8533
939 4657
939 5884
939 1373
939 8329
939 5387
939 6309
939 9160
939 1083
939 9066
939 9881
939 2430
5424 5971
5424 7903
5424 7981
3604 8802
3604 7430
3604 7884
5191 7585
5191 7966
901 5152
901 3959
901 8986
901 2653
901 7033
901 6480
901 4524
5152 5714
5152 6474
5152 8958
3959 4805
3959 8955
3959 7735
3959 7208
2653 3541
7033 9457
7033 9116
6480 9929
7935 9261
9719 9978
903 7187
904 9317
904 9391
904 4528
904 6438
9317 9993
4528 6956
4528 7446
4528 9069
6438 9350
6438 8925
3444 9412
3444 4288
3444 4599
1585 1980
1585 9166
906 5815
906 4823
906 2169
5815 9958
5815 8748
2169 4935
2169 8764
2169 8426
2169 7609
907 5830
907 1359
907 3781
907 9856
907 5821
1359 6929
1359 2958
1359 2326
1359 5686
1359 9600
1359 8076
3781 7245
3781 4141
5821 7934
908 2780
908 2426
908 2012
908 6065
908 939
2012 8708
2012 4231
2012 6883
2012 6762
2012 8665
909 2637
909 6475
909 7472
2637 9194
2637 7801
7472 8443
910 9568
9568 9788
911 6531
911 5810
911 6388
911 8154
6388 9832
912 1054
912 9022
912 2885
912 9128
1054 3572
1054 7161
2885 3560
913 2276
6485 8495
6485 8388
6485 9958
6485 8834
6485 9814
1939 9369
1939 3683
1939 4297
915 1787
915 5252
915 3492
915 5860
915 8326
915 2767
3492 4607
3492 6930
3492 9366
3492 6180
3492 8586
5860 9854
5860 7338
5860 9276
4751 5230
4751 5216
4751 9313
4751 6864
4751 5100
918 1093
918 3723
918 8954
918 1957
918 8371
3723 4293
3723 6589
1957 2644
1957 4735
1957 8094
1957 7150
1957 6524
1957 5760
919 7640
919 1596
7640 8102
7640 7846
1596 3162
1596 4195
920 6104
6104 9928
6104 8995
921 7566
921 1721
921 2774
921 3258
921 5334
921 2138
921 9358
7566 9823
7566 9555
1721 9107
1721 9155
2774 8344
2774 4091
2774 7795
2774 3152
2774 7536
5334 8176
5334 6632
922 6271
922 5591
6271 9251
923 2092
923 2953
923 6135
923 3289
923 1078
6135 8367
3289 9235
1078 9089
1078 6555
1078 3743
1078 6430
5770 7291
5770 6469
5770 9106
4718 9075
925 8472
925 2626
925 5448
925 9830
925 3230
8472 9491
2626 9184
2626 4074
3230 8861
926 1791
926 3378
926 6688
1791 5185
1791 4061
1791 7315
1791 6518
1791 9625
1791 9755
1791 5787
3378 5467
3378 5126
6688 8748
6688 8710
6688 7859
7427 9343
7427 7486
7427 8839
929 4953
929 7088
929 6071
4953 6939
4953 8123
7088 9727
7088 7723
930 6169
930 7270
930 1057
930 6709
6169 9553
6169 9698
7270 8213
7270 7420
6709 7105
6709 8805
931 2319
931 5079
931 4090
931 8121
931 1082
5079 8817
5079 7510
5079 7039
4090 6656
4090 5322
3409 7104
3334 7045
3334 3749
933 9475
933 3468
933 2749
3468 4675
3468 9539
3468 5461
2749 8943
2749 2875
934 5036
934 9642
934 9726
934 8290
934 8495
9726 9804
8290 9935
3653 9126
3653 7881
3653 7553
3653 9384
936 5945
936 9573
936 7752
5945 9307
5945 9538
5945 8412
5888 9625
5888 7184
5888 5978
5888 8384
5888 7900
2220 9779
2220 2574
2220 9789
2220 5670
2220 9606
2220 8676
2338 6198
2338 8745
2338 5773
2338 3028
2338 6879
1720 7971
1720 9940
1720 2329
1720 8137
1720 4122
1720 6045
4657 9798
4657 6430
5884 9322
5884 8859
6309 9497
6309 6778
2430 6347
2944 7153
2944 4503
2944 8018
2944 3957
943 7887
943 8747
943 1911
943 3344
943 7458
1911 7173
1911 4464
1911 2248
3344 8001
3344 9016
3344 6036
3344 5030
7458 8867
7458 7845
7458 9394
944 8251
944 5713
944 8965
944 984
944 9856
8251 9552
8251 9031
945 1912
945 3554
945 9763
945 4315
945 2118
945 9708
945 1745
3554 6754
3554 4265
4315 9498
2118 6524
2118 5565
2118 9086
2118 8834
2118 5806
9708 9727
1745 2225
1745 8678
946 6228
946 5793
946 1413
946 4253
946 3550
946 4581
1413 5174
1413 5938
1413 2898
1413 5534
4253 5270
4253 7700
4253 8631
947 7449
947 8337
2569 3732
3251 3961
949 2411
2411 9905
2411 4045
950 3692
950 4691
950 9008
951 7321
951 1681
951 3712
951 4720
1681 6964
3712 4587
3712 4648
3712 8145
4720 5563
952 5471
952 1158
952 5711
952 3653
952 5162
952 8855
5471 6163
5471 8612
5471 6286
1158 1925
1158 2312
1158 9177
5711 6898
5711 9175
5711 6469
5711 7815
953 7068
953 7164
953 3240
953 5679
7068 8768
7068 8090
7068 8333
7164 9603
3240 7915
3240 8969
5679 8154
5679 7105
954 2054
954 5570
954 2547
954 2195
954 3460
954 4889
2054 9412
2054 3720
5570 7890
5570 6890
5570 9854
5570 8350
2547 7609
2547 7334
2547 8817
2195 8769
2195 8259
2195 6115
3460 6419
3460 5630
3460 6497
4889 5324
4889 8761
955 3546
955 4600
955 3016
3016 5940
3016 4117
3016 7426
3016 9548
3016 7647
3016 3847
956 8307
957 9709
957 962
957 7234
957 8156
7234 8750
958 5995
958 6824
5995 6493
5995 6552
5995 9354
5995 8126
5206 5636
961 3863
961 2541
961 5032
961 9447
961 5272
961 3823
961 1734
3863 5483
3863 4726
3863 7980
2541 3375
2541 9302
5032 7887
5032 5346
3823 5408
3823 4889
1549 7302
1549 3432
8797 9842
8797 9901
2071 9965
964 7228
964 1505
964 6683
964 4185
964 1846
7228 8214
1505 7165
1505 1718
1505 8241
1505 6468
1505 2312
6683 8060
6683 6912
965 7058
965 3596
965 7507
3596 7243
966 1658
966 8001
966 7470
966 9172
966 2981
7470 7974
9172 9334
9172 9601
2981 8147
2981 6909
2981 4121
2981 7015
2981 7579
5567 9086
5567 8813
5567 7068
1540 9666
1540 2236
6347 8210
6347 9010
3904 5492
3904 7523
4608 5491
4405 8383
4405 5693
4405 8887
7351 8886
5051 5523
5051 9248
5051 9111
5051 8604
970 4647
970 1339
970 3349
971 3326
971 4552
971 9595
971 2020
971 5823
971 9005
971 7608
971 2712
971 9589
971 6813
3326 6301
3326 6803
3326 9915
3326 9763
2020 4086
2020 9708
2712 7910
2712 9097
6813 7865
6813 9641
972 6484
973 7768
973 4934
973 2504
973 4513
973 6436
973 1364
973 7942
973 9557
7768 8804
4934 9105
4934 6734
2504 7751
2504 6430
2504 3613
2504 7660
2504 7206
4513 4958
3192 8568
975 8339
975 7242
975 1695
7242 7310
976 7649
976 2914
976 3401
977 1361
977 7584
978 2432
978 6175
978 3488
978 2851
2432 8068
2432 2899
2432 6151
2432 8824
6175 8914
979 3406
979 2460
979 3709
979 6069
979 1282
979 4864
3406 8783
3406 7778
2460 7013
2460 5695
3709 5732
3709 6492
4864 8790
4864 9806
4864 9837
980 2352
980 3142
980 2626
980 8387
3142 4639
3142 7148
981 1321
981 9141
981 6024
1321 3652
1321 7406
1321 9195
1321 8907
9141 9207
9141 9788
6024 9950
982 4269
982 5210
982 6986
982 3332
5210 8762
3332 3804
4275 8564
4275 4507
4275 6108
4275 5875
7299 8449
7825 8089
7825 8185
5569 7397
5569 9390
1759 5310
1759 3073
985 5934
985 5186
5934 9718
5186 9125
5186 9932
2619 4870
2619 3830
2619 5814
2619 9955
5001 8715
5001 7242
4384 4463
7157 7774
7157 7937
8321 9470
5101 5317
6799 7490
989 1415
990 1094
990 4347
990 8813
990 6480
1094 6754
1094 2985
1094 8485
1094 1243
4347 7116
4347 9402
4347 4445
4347 7453
8813 8881
991 7820
991 8315
991 8997
7820 8195
8997 9586
1131 4230
1131 2601
1131 8601
2581 9498
2581 5502
2581 9741
2581 5105
2581 5570
2581 8969
4520 8607
993 4715
993 6064
993 4873
993 5751
4715 9136
4715 7464
4715 8940
4873 6355
4873 9075
4873 5975
4873 7960
5827 7355
995 8678
995 3611
995 1119
995 1168
995 9285
8678 8682
8678 9411
3611 6955
3611 9200
3611 6585
3611 5011
3611 8049
1119 3227
1119 5820
1119 2291
1119 3949
1119 8299
1119 6661
1168 1787
1168 3605
996 9041
996 2565
996 6258
3498 9035
3498 9120
4882 6338
4574 9654
4952 9249
3834 7391
3834 8206
3834 8612
1001 1014
1001 7781
1001 1347
1001 2192
1001 6872
1001 3312
1014 2839
1014 8685
7781 7918
1347 7161
1347 1878
1347 5523
2192 6191
2192 5036
2192 9444
2192 5998
6872 8379
3312 9788
3312 7570
3312 5056
1002 1075
1002 7250
1002 8814
8814 9384
8814 9726
1003 9386
1003 2627
2627 3141
2627 4336
1004 4069
1004 9107
1004 4694
1004 8787
1004 7271
4069 6231
4069 5634
4069 7919
4694 9745
7271 9630
1005 1964
1005 4662
1005 3311
1964 2791
1964 4249
4662 6912
3311 5462
3311 4459
1344 7778
1344 4492
5443 9385
8675 9789
8675 9010
1007 8972
1007 5229
1007 7471
1007 7186
1007 9716
1007 5008
1007 6795
8972 9349
7186 9850
7186 8962
6795 9908
6795 9818
1008 1314
1008 8671
1008 7323
1314 5072
1314 6930
1314 4885
1314 5261
7323 9625
1009 3601
1009 4871
1009 8225
1009 9198
1009 3341
3601 3602
3601 8245
4871 7565
4871 5180
4871 7786
1010 3462
1011 8785
1011 7416
1011 5465
1011 9459
7416 9491
7416 9767
1012 1027
1012 7070
1012 5342
5342 6920
5342 9874
5342 6623
1013 1068
2839 6446
2839 5381
2839 5054
2839 4936
2839 2955
2839 8510
1015 8926
1015 3944
3944 9535
3944 7401
3944 6359
3944 9811
1016 6845
1016 8838
1016 1052
6845 9490
6845 7160
8838 9694
1052 4477
1052 4287
1052 8994
1052 5740
1052 7152
6259 6491
1018 3670
1018 3063
1018 3579
3579 8868
3579 3621
2794 5728
2794 5979
2794 3852
2794 7446
2794 7797
1020 8201
1020 4711
8201 8744
4711 7365
1022 3614
1022 4224
1022 3730
1022 3781
3614 7000
3614 6139
3614 8738
3614 4608
4224 7310
4224 9798
3730 5943
3730 7359
5839 6123
5190 7425
5190 8250
3221 4945
3221 3949
3221 7358
3379 4728
3379 6845
3379 6569
3379 8490
3379 3864
6633 6695
1025 5810
1025 2473
2473 4459
2473 7389
2473 8183
2473 3690
2473 4716
1026 9123
1026 8686
1026 3875
1026 2744
1026 9875
1026 8105
3875 5612
3875 8146
2744 5589
2744 4191
2744 9871
1028 8041
1028 2899
1028 4330
1028 8520
1028 3234
2899 6348
2899 5641
2899 9706
2899 6923
4330 6966
4330 5835
4330 9078
4330 8535
3234 5889
3234 7109
3234 5277
3234 8183
3234 8395
1029 3415
1029 4248
3415 6440
3415 6271
3415 7296
3415 9212
4248 7002
1030 8031
1030 7307
1030 3245
1030 9574
7307 7707
3245 3280
3245 7024
1031 4558
1031 2929
1031 8516
1031 5256
1031 7179
1031 7800
5256 6258
7800 9200
4043 5054
9325 9438
1033 3395
1033 9110
3395 6946
3395 8372
3395 5482
9110 9381
1034 6785
6785 7302
1035 7231
1035 8971
1035 3113
7231 9705
7231 7290
1036 5574
1036 6334
1036 1558
1036 6769
1036 7103
5574 8598
5574 8214
5574 7776
5574 8294
5574 8414
5574 9750
1558 5836
6769 8319
7103 9136
7103 9621
2874 6977
2874 7296
8854 9832
1038 2596
1038 7624
1038 5089
1038 7837
2596 5508
2596 8837
2596 8482
5089 9940
5089 6702
8755 9558
1040 6132
6132 9138
6132 8183
6132 9137
1041 2031
1041 1363
1041 6581
1041 1906
1041 3706
1041 7503
2031 6617
2031 2679
2031 2487
2031 9255
2031 4910
1363 4645
1363 1516
1363 8644
1363 9684
1906 2280
1906 9693
3706 5295
1042 2915
1042 6954
1042 1987
6954 7509
1043 2201
1043 5778
1043 2210
1043 1828
2201 3134
2201 4385
2201 9260
2201 9809
2201 2360
2201 4832
5778 8393
5778 8945
5778 9982
1828 7455
1828 3009
1044 7365
1044 8365
7365 8356
7365 7919
1045 6541
1045 5051
1045 2317
2317 4350
2317 9254
6900 9003
1047 1106
1048 6447
1048 6066
1048 9398
1048 1632
6447 6755
1049 7420
1049 4493
1049 2559
1049 6244
1049 2686
1049 3139
1049 9507
7420 8697
4493 6311
2559 6404
2559 9517
2559 4534
2559 3760
2559 2861
3139 8540
3139 5857
3139 6594
1050 1539
1539 4199
1539 1996
1539 6571
1539 9083
1539 7710
1051 2958
1051 4536
2958 8209
2958 6062
2958 4461
4287 4537
4287 6422
4287 7555
4287 6054
4287 4447
7152 9264
7152 8237
7152 8762
1053 2156
2156 5932
2156 8126
2156 4090
3572 8235
3572 6775
3572 3763
4114 9956
4114 9416
7573 9247
7573 8893
7573 8306
5935 7778
5935 6359
5935 6883
6310 8105
6310 6577
6310 7998
6310 8344
6310 8187
6310 7021
5193 7201
5193 8073
3839 7828
3839 6199
3839 5469
8454 8524
8454 9345
8985 9559
1059 9627
1059 6998
1059 3968
1059 7889
1059 3974
1059 5199
3968 9499
3968 6323
3968 6033
7889 9383
3974 8577
3974 9426
3974 9991
3974 8912
5199 5662
5199 7227
1060 5679
1060 2845
1060 3687
2845 4583
2845 8151
2845 4211
3687 4243
1061 6961
1061 5949
1061 8933
1061 8535
8933 9890
8933 9277
1072 7891
1072 5067
1072 4003
1072 1871
1072 2876
1072 3000
1072 6408
1072 8964
4448 5469
4448 9260
1064 7612
1064 9206
1064 6591
1064 8387
1064 4269
7612 8360
9206 9738
9206 9799
6591 8127
6591 7997
1065 5537
1065 7213
1065 9189
7213 7281
7213 8204
1066 5655
1066 2136
1066 8052
1066 1116
1066 9259
1066 2271
1116 3653
2271 6881
2271 4634
2271 9948
2271 3782
2271 7441
1067 1114
1114 9463
1114 9704
1114 6454
1114 8763
1114 4205
1312 7851
1312 1602
5743 8750
5743 8791
5743 6799
1069 3332
1069 7217
1069 9461
1069 1506
1069 2719
7217 8178
1506 1646
1506 3499
1506 5626
1506 4936
2719 2899
2719 8127
2719 7860
2719 4713
2719 8677
2719 3471
2719 2999
2719 4240
2719 4599
1070 8659
1070 9236
9236 9973
1071 5223
1071 3884
1071 5162
1071 1814
1071 8342
5223 5339
3884 9942
1814 3627
7891 9245
5067 8302
5067 5794
1871 6281
1871 6963
1871 4372
1871 4317
1871 4740
1871 7413
2876 8564
2876 9553
3000 7530
3000 3090
3000 6555
1073 7488
1073 2632
1073 4555
7488 8593
7488 7614
4555 9361
4555 9189
4555 8025
1074 1835
1074 6982
1835 2442
1835 6353
9423 9899
9423 9807
9423 9950
4921 9458
4921 6040
4921 9255
4921 6514
4921 8320
1076 5257
1076 4741
1076 6395
6395 8839
7845 9470
9089 9399
6555 6619
3743 9701
3743 5949
1079 6681
1079 3874
1079 5892
1079 7639
1079 4926
1079 1626
1079 8095
3874 8345
3874 5653
3874 3918
1626 1909
1626 5801
1626 2504
1626 8271
1626 9789
1626 2753
5753 7977
2298 3368
2298 9857
1081 8071
4407 6891
3241 8787
3241 4179
6628 9031
1144 9479
1144 1756
1144 5076
1144 5783
1144 9429
1144 7791
2681 2921
2681 7159
2681 7123
2681 6718
2681 8265
2681 5755
1084 8930
1084 8573
1084 6366
8573 8647
6366 6942
3386 7124
3386 5559
3386 8105
3386 3700
3386 9090
1086 4050
1086 9513
1086 2154
1086 4179
1086 5946
1086 2240
1086 5839
1086 8320
1086 5747
1086 4284
4179 7967
4179 8707
4179 6004
4179 5983
4179 7218
2240 8651
2240 9022
5747 7775
5747 6774
4284 6707
4284 6173
4284 7351
4284 9628
4284 7349
4284 8434
1087 4350
1087 4621
1087 6864
1087 7368
1087 7370
1087 5763
1087 2797
4350 9887
4350 8895
4350 8752
4350 9471
4350 8091
4621 8188
2797 9028
2797 9217
2797 5458
2797 7008
2797 3632
1088 2490
1088 9182
1088 1621
1088 2756
1088 8357
1088 4578
8357 9982
1089 1748
1089 4309
1089 3135
1089 4464
1089 9042
1089 9732
1089 3709
1089 6031
1089 2566
1089 9058
1748 8710
1748 5239
1748 7471
3135 8914
3135 5758
3135 4241
3135 4350
3135 4848
6031 9120
6031 8851
1090 5110
1090 9335
1090 2862
1090 3825
5110 5839
5110 9552
5110 7040
9335 9885
2862 6613
2862 7029
2862 4709
4853 7753
6382 8246
6382 9865
6382 7346
1092 5795
1092 2046
1092 5696
5696 7747
3704 4262
3704 5017
3704 5331
3704 4151
2985 8402
2985 3940
8485 8866
3340 6521
3340 8556
3340 7587
3340 4220
3497 4425
3497 3782
3497 5402
3497 8210
3497 8575
1768 6403
1768 9750
1768 6159
3810 9506
1096 7883
1096 9571
1096 3994
1096 8775
9571 9814
9571 9972
3994 9811
1097 6016
1097 2287
1097 6431
6431 7577
6431 8710
6248 7281
6248 6765
9489 9711
9489 9998
2821 5291
2821 7960
2821 5581
2821 3862
1099 9982
1099 5841
1099 4896
4896 8033
4896 4987
1100 2502
1100 8037
1100 9114
1100 3936
1100 8011
1100 5936
2502 8566
2502 6200
3936 6502
3936 9440
3936 6148
3936 5348
3936 9857
2166 7486
2166 3807
5723 9452
5723 7260
5723 6096
5452 9124
5452 8389
1102 8543
1102 3104
1102 5048
3104 8567
3104 8648
5048 6492
5048 8714
5048 7715
1103 8923
1103 2528
1103 7121
1103 4003
2528 9451
2528 3715
7121 9752
9385 9676
7811 9979
1105 8384
1105 9354
1105 1609
8384 8895
1107 2681
1107 5790
1107 6120
1107 1654
1107 3864
1107 7738
1107 4870
3864 6189
1108 8844
1108 8422
6765 7955
6765 6900
8310 9735
6409 6700
6409 9981
1113 2986
1113 3648
1113 2143
4205 8466
4205 7637
4205 9759
1115 4386
1115 4926
1115 4722
1115 5008
1115 4653
1115 5104
4386 5083
4386 7750
4722 7800
4722 7189
4653 9069
4653 5476
4653 6102
4653 9431
4653 7504
5104 8158
1581 9745
1581 6273
1581 6372
1118 9918
3227 7906
3227 6572
5820 6027
2291 8576
3949 6492
3949 4189
3949 9582
3949 4179
3949 7279
8299 8842
1120 3792
1120 6468
1120 7486
1120 8604
3792 4592
3792 5134
3792 5235
3792 7549
7486 7494
7486 9513
8604 9035
1121 9685
1121 9620
1121 9437
1121 8961
8509 9565
8509 9984
5900 9683
1123 5098
1123 2649
1123 8967
1123 2945
1123 6379
1123 3743
1123 7879
5098 7413
5098 6110
5098 7815
2649 4418
2649 2749
2649 5401
2649 5286
2649 6507
8967 9002
6379 9145
7879 9670
7491 9231
7491 9472
1530 7035
1530 9650
1530 5476
2763 8291
2763 5577
2763 6291
1128 3239
1128 8203
1128 6870
1128 2373
1128 2264
6870 7693
6870 7738
2264 4278
2264 7119
2264 4342
2264 7101
2264 8585
1129 9766
1129 6485
1129 5022
1129 8574
5022 8438
1130 7975
7975 9832
4230 9473
4230 6611
4230 5585
4230 9014
4230 8972
2601 8192
2601 9238
8601 9474
1132 9244
1132 8821
2927 4166
2927 8882
7211 9137
7211 7652
7211 7782
3272 9185
3272 3642
7198 7462
1136 9292
1136 4416
1136 5417
1136 8219
1136 8091
8219 9166
1137 8542
1137 8782
1137 1831
1831 2735
1831 4219
1831 8718
1138 3635
1138 3425
1138 4424
3425 7614
3425 4541
3425 6020
3425 8943
3425 6185
4424 9907
4424 7630
1139 5483
1139 9786
1139 1434
1139 9317
1139 4192
1139 2332
1434 9689
1434 1734
1434 1635
6206 8846
6206 6479
1515 3411
1515 4876
8194 9076
1450 4173
1450 4072
1142 4473
1142 6769
1142 8108
1142 7031
4473 8556
7031 7639
7031 7664
1756 3897
1756 6964
5783 7660
1145 5660
1145 8972
1145 7458
5660 5887
1146 2069
1146 4464
1146 4718
1146 8038
1146 2625
1146 3501
1146 6486
1146 1551
2069 8320
2069 8400
2069 4403
3501 6975
1551 4099
1551 4599
1551 8615
1551 7664
1551 9336
1147 5002
1147 1663
5002 8023
5002 8273
5989 9982
3615 4310
1149 3040
1149 9216
1149 9487
1149 6175
3040 5358
1150 2089
1150 1211
1150 6247
1150 6517
2089 3737
1211 6328
1211 6657
6247 8932
5266 9600
5266 8082
5266 9526
5266 5597
5266 7530
6653 9395
6653 9600
1152 6342
6342 6992
6342 8569
1153 8005
1153 5994
1153 1297
1153 8075
1153 3195
1153 6148
8005 9979
8005 8542
5994 9079
5994 9725
1297 7990
1297 5607
1297 5069
1297 3355
1297 6792
1297 7215
1297 7316
6148 8267
6148 8022
2888 8846
2888 2924
3324 6089
3324 9257
3324 6600
1155 6529
6529 9761
6529 6650
1156 9468
1156 8470
1156 2113
1156 5607
1156 1992
9468 9924
2113 8155
5607 6876
5607 6713
1992 2607
1992 9823
1992 3828
1157 7233
1157 8784
1157 2043
7233 9400
2043 2216
2312 6662
2312 6799
2312 2373
2312 7173
2312 2848
2312 5613
1159 2992
1159 4426
1159 2121
1159 1602
1159 6815
1159 4472
2992 6920
4426 9710
4426 7473
1602 9544
1602 1858
1602 1852
1602 2950
1602 5367
1160 2227
1160 1417
1160 3563
1160 3818
1160 6601
1160 8037
1160 1524
2227 4814
2227 6255
2227 6630
2227 4263
1417 1820
1417 9618
1417 2669
1417 8962
3563 6681
3563 8031
3563 5449
3818 5415
6601 7356
1524 8193
1524 5894
3980 5285
3980 9013
8501 8901
1162 2048
1162 8815
1162 9890
1162 9562
1162 7981
1162 8763
2048 9003
2048 5793
2048 8590
2048 9723
2048 5156
1163 9204
1163 9633
1163 7615
1163 2953
1163 8069
1164 8931
1164 9697
1164 4843
1164 3008
1164 5370
4843 5170
4843 9278
4843 5834
3008 4231
3008 3878
3008 5636
3008 8001
3008 6914
3008 7398
5370 9280
5370 6066
1165 7481
1165 7943
1165 3251
1165 9752
7481 7999
7481 8850
7943 8106
1167 2675
1167 2139
1167 2891
3605 7052
3605 6076
3605 5119
3605 8509
3605 7585
1169 5913
1169 1407
1169 3446
1169 2400
5913 9244
1407 3423
1407 1978
1407 1840
1407 4967
2400 4796
2400 8411
2400 7089
2400 3519
1170 2416
1170 9113
1170 6738
1170 7195
1170 5493
5493 7558
5493 8820
5493 7391
1730 1840
1173 3240
1173 3039
1173 1390
1173 4254
1173 7413
1173 6847
1173 3648
3039 8477
1390 5948
1390 2925
4254 4559
4254 4524
4254 5691
6847 7837
5951 7059
5951 9008
5951 8726
3786 6838
3786 9147
3786 8843
1916 3957
1916 8148
1916 1951
1916 3443
1916 8849
6672 8185
1176 9333
1176 5746
1176 5359
1176 9539
1176 1925
5359 6418
5359 8970
5359 8960
1177 4294
1177 8315
1177 3430
1177 3307
1177 8993
1177 8556
1177 2476
1177 7590
3430 6882
3430 7254
3430 4255
3430 6910
3430 3570
3430 5306
7590 9798
7590 7837
1178 4682
1178 2483
1178 9273
4682 5625
2483 4774
2483 6010
1318 5273
1318 8037
1318 8785
1182 8225
1182 5611
1182 1329
1182 4485
1182 9874
5611 8563
5611 9423
1329 6030
1329 6515
1329 7296
1329 4970
1329 7528
1329 3385
1329 5598
4485 7724
4485 9262
1184 7145
1184 4850
1184 9224
1184 4966
4850 5839
4850 8193
2342 2715
2342 9228
2342 4194
2415 9867
2415 9079
2415 9309
1186 5393
1186 5358
1186 5131
1186 6948
1186 9043
1186 4855
1186 4089
5393 7650
5358 5407
5358 8315
6948 7719
1188 3317
1188 5341
1188 4215
1188 5624
4215 9323
4215 4539
2137 3667
2137 6923
2137 9068
2137 2383
2137 7410
2838 3899
2838 8892
2003 2824
2003 5168
2003 4954
2003 6637
2003 7962
1191 9876
1191 4681
1191 6717
6717 8079
1192 8429
1192 5885
1192 7063
5885 6244
6402 8517
4766 6460
4766 5969
4766 8773
3212 4915
3212 5794
1194 4871
1194 5535
5535 8009
5535 9260
5535 9561
5535 6511
5535 9487
5581 6956
5581 8025
1778 6995
1778 7596
1196 3411
3411 4882
3411 7500
1197 6481
1197 2626
1198 1218
1198 7653
1198 6022
7653 8243
7653 7939
6022 8386
9310 9774
7502 9445
2182 7742
2182 2569
2182 8960
6245 7865
7373 9521
7373 8108
1200 6203
1200 1708
1200 7633
1200 8641
1200 3076
1200 7789
6203 9098
1708 5411
1708 4563
1708 9065
1708 3867
8641 9048
7789 9062
7789 8869
7789 9843
4226 5469
4226 4720
4226 6931
4352 6437
4352 4612
4352 7602
4352 8596
8567 8724
8567 9332
2646 5249
2646 7070
2646 8739
2646 9003
1203 7037
1203 4434
1204 2415
1204 5730
1204 9566
1207 1934
1207 9970
1208 1736
1208 2019
1208 5191
1208 8512
1736 3340
1736 2741
2019 4011
2019 6399
2019 9048
1209 2349
1209 5331
1209 6313
5331 6338
5331 9933
6313 7973
1210 4161
1210 6382
1210 7528
4161 8923
4161 9757
7528 8803
7528 9761
1212 3196
1212 9781
1212 6869
1212 9456
1212 6427
1212 5743
1212 4445
3196 4632
3196 8127
3196 9915
6427 6782
6427 9837
6427 6632
4445 5014
4445 9320
4445 5105
1213 1445
1445 1848
1445 4203
1445 3421
1445 9568
1215 4833
1215 1464
1215 4380
4380 9933
1217 8005
1217 6541
1217 5173
1219 1703
1219 1512
1219 2313
1219 3939
1219 5748
3939 5897
3939 9022
3939 4099
3939 4788
1220 4761
1220 1813
1220 2884
2884 5878
1221 8703
1221 2410
1221 7396
1221 9892
1221 9270
2410 5098
2410 8825
2410 6712
2410 3567
7396 8121
7396 7800
6060 9553
6060 6758
6060 7679
1223 7073
1224 3640
1225 6604
1225 2616
4777 9732
4777 4797
4777 6859
1731 1788
1731 2503
1731 2938
8376 8557
1229 9078
1229 9910
2829 5771
2829 8219
2829 4136
2829 5344
1231 4200
4750 5906
4750 5582
8502 9277
1235 5821
1235 2349
1236 5814
1236 1485
1236 8868
1485 5774
1485 3328
1485 5171
1485 8410
1485 5517
1237 4644
1237 8891
1237 5719
1238 3573
1238 2653
1238 4751
1238 7876
1238 2333
1238 4287
2333 8857
2333 8462
2333 6007
2333 6342
2333 4067
2880 3918
2880 4105
2880 3154
2880 3701
3676 6412
3676 6420
3676 8779
5831 8310
1241 2601
1241 2173
1241 1853
1241 7869
1241 2404
1241 9097
2173 6755
7869 8552
2404 3158
2404 4823
2404 8628
2404 9788
1242 2747
1307 5005
1307 8121
1307 8032
1308 3929
1308 1433
1308 8008
1308 9086
1308 5455
1308 7092
1245 1484
1245 8407
1245 7953
1246 9713
1246 6277
1246 6139
1246 9080
1246 2795
6277 8968
6277 9898
6277 6595
6139 8001
6139 9929
6139 7260
9080 9407
9080 9900
9080 9854
1247 4915
4915 9357
4915 4962
4915 7217
1248 9178
1248 3435
1248 2439
1248 8074
9178 9781
3435 3647
3435 4667
3435 8535
3435 5131
3435 7564
3435 8351
3435 7199
2439 7587
2439 7805
2439 9318
1249 5792
1249 7667
1249 2258
1249 2360
5792 6626
5792 8319
7667 8966
2258 8263
2258 6343
2258 4835
2258 6050
2258 3464
2360 7187
2360 4945
2360 3661
1250 6016
1251 2755
1251 5124
2755 6998
2755 8782
2755 3696
5124 6250
5124 8133
7361 8219
1550 5128
1550 6654
2837 5411
2965 4661
2484 2633
2484 7671
2484 6444
2484 8306
2484 7134
2484 4762
2484 3740
5849 9673
5849 8469
1255 7816
1255 9268
1255 5644
1255 7167
1255 3476
5084 8603
9807 9916
1257 8249
1258 4361
1258 9047
1259 7090
1259 7999
1259 9704
1259 4242
1259 6463
1259 7664
7090 7459
7090 7804
7090 9830
7090 8689
7999 8243
7999 8110
4242 6617
4242 8379
6463 6960
1260 3767
1260 5162
1260 7383
1260 6240
1260 6086
1260 5534
3767 9974
5534 6038
5534 9966
3350 6613
3350 4288
3350 8918
3350 6930
8619 9329
1262 4803
1262 4698
1262 2754
4803 8301
4803 6142
4803 6732
2754 5111
2754 4266
2754 4400
1263 3979
1263 4393
1263 8089
3979 6149
3979 9807
3979 6660
8089 8188
1264 5197
1264 2786
1264 1600
1264 4902
1264 2002
1264 5157
1264 9532
2786 7950
2786 8928
2786 6784
2786 4351
2786 6661
2786 3836
4902 9984
2002 8987
2002 8250
2002 4714
2002 2926
2002 6221
1265 2567
1265 4658
1265 1667
1265 6942
1265 5531
1265 2062
1265 4090
1265 4198
1265 3990
1667 8445
1667 1860
1667 2079
1667 7474
1667 7285
1667 4871
5531 5884
2062 9564
2062 2584
2062 9932
2062 5730
2062 2509
1266 3950
1266 7528
3950 4989
7652 8694
1268 8481
1268 3509
1268 4499
1268 4964
3509 6402
3509 5907
4964 9279
4964 5264
4964 5006
4964 7363
2937 7964
2937 9413
2937 6460
6472 7605
6472 8044
6472 7565
1270 3990
1271 6927
1271 2684
6927 9383
6927 8651
6927 7898
2684 8454
2684 7757
1273 5554
1273 3381
1273 3805
1273 4105
1273 9350
1273 6402
1274 1552
1274 9390
1274 8375
1274 4204
1274 4923
4204 5177
4923 7622
4923 8556
1275 1355
1275 8779
1355 9281
1355 6983
1355 4126
8779 9674
1276 6555
1276 7997
1276 3366
7997 8537
3366 7064
3366 8107
1277 6102
1277 2261
1277 9908
1277 7888
1277 5552
1277 4681
6102 9835
6102 9046
6102 9997
2261 3570
2261 6387
5552 9606
5552 9030
1278 3808
3808 8050
3808 6718
1279 2653
1279 2119
1279 4784
1279 4372
2119 7307
2119 8388
2119 9483
2119 4679
4784 5829
4784 8104
4784 8155
4372 9070
4372 5639
1280 5176
1280 3504
1280 4685
1280 9915
5176 5907
5176 6732
4685 8724
4685 6155
4685 9976
1281 3722
1281 7864
1281 3523
3722 5122
3722 5484
3523 7301
3523 3531
3523 9110
3523 8491
1283 9697
1283 7391
1283 8651
7391 9452
4331 6680
4331 7750
8534 8902
3735 7143
3735 5726
1285 3277
1285 1778
3277 8288
3277 5038
3277 8769
3277 7897
1287 9531
1287 1316
1316 2983
1316 9291
1316 8251
1289 9390
1289 5954
1289 6149
1289 2336
1289 8934
1289 3280
1289 4909
1289 6862
5768 9520
1291 7025
1291 2889
2889 5191
2889 4482
2889 4621
3261 5582
5018 7651
5018 9520
5018 5774
4980 5479
8333 9138
8333 8482
8333 8808
1294 7359
1294 7829
1294 7797
1294 5517
1294 8915
1294 2528
7359 9500
7797 8209
1295 1632
1295 9116
9116 9468
7549 8930
7549 8371
7549 8956
7990 9256
5069 7455
5069 8650
5069 5421
5069 9894
3355 7828
3355 6807
7316 9714
7316 7972
7316 8785
1298 4950
1298 5692
1298 8376
1298 2916
5692 7469
2916 7994
2916 4294
7703 8582
7703 8566
2262 7739
2262 8735
2262 7970
1301 3698
1301 8236
1301 2107
1301 2337
3698 8348
2107 3867
2107 7797
2107 5888
6788 9584
6788 7815
1304 6461
1304 5475
6461 8258
5475 5480
5475 9898
5475 9202
1305 7594
1306 5858
1306 6508
1306 6770
1306 6605
5858 8357
5858 9646
5858 7225
8032 8531
3929 9851
3929 9328
1433 2678
1433 5553
1433 5896
1433 6697
7092 9132
3003 8398
3003 3868
1310 6328
1310 8460
9131 9754
1566 3996
1566 1806
1566 6418
1566 9511
1313 6829
1313 6921
1313 4636
1313 9427
4636 5582
4885 4962
1315 9902
2983 9893
2983 9855
2983 7803
1317 8415
1317 2987
1317 3124
1317 2775
1317 3703
1317 1959
1317 4602
1317 2174
1959 2929
1959 7961
1959 4885
1959 2939
1959 5598
4602 7143
4602 7430
7289 9586
5846 7098
5846 9055
1320 4641
1320 1779
1779 7858
7406 8623
6477 6527
6477 7783
6477 7311
6407 8702
1323 4634
1323 4521
1323 4547
1323 6746
4521 6806
4521 4817
4521 6731
6746 8303
6746 8267
3919 7630
6992 7136
6992 8339
6992 7270
6464 7165
6464 7708
6464 6490
7163 7441
7163 7942
7163 9352
1327 4038
1327 3394
1327 5988
1327 7781
1327 1828
4038 7214
4038 4132
4038 4427
5988 9917
5988 8883
1328 8753
6030 9605
6515 9173
6515 8098
6515 7636
7296 9133
3385 5742
3385 3899
3385 9812
3385 7214
1330 3184
1330 8989
1330 9526
1330 8945
1330 9609
8945 9844
8945 9625
1331 5931
1331 3493
1331 4810
1331 4337
5931 7553
3493 3590
3493 8396
3493 7968
3493 8669
4810 5735
4810 6232
4810 6985
4337 8176
1332 2205
1332 1629
1332 8237
1332 5772
1332 8593
1332 5327
1629 6495
1629 7812
8237 9397
5772 8901
5772 9494
5772 8635
9258 9367
9258 9914
1334 2782
1334 3330
1334 8999
1334 1875
2782 6507
2782 8003
3330 5889
3330 6070
8999 9450
1875 9059
1875 6124
1875 2095
1336 7119
1336 8729
1336 7265
7119 8934
7119 9551
1337 5474
1337 9971
1338 7784
1338 1702
1338 3214
1338 2669
1338 1512
1702 2113
1702 9881
1702 6350
3214 3702
3214 6147
2669 2743
2669 7605
2669 3746
2316 6955
2316 7964
2316 6416
1341 8879
1341 4637
1341 7237
1342 5384
1342 1831
6306 6733
6306 8697
7778 9303
1345 3891
1345 5946
1346 5742
1346 6513
6513 6889
6513 9860
1878 7912
1878 8852
1878 8804
5523 8309
7986 8446
3558 6242
3558 8698
3558 4973
3558 9609
6724 7387
6724 7072
1697 5817
1697 4657
1697 2130
1697 9053
1697 5562
1350 3159
1350 9773
1350 3439
3159 4106
3159 8341
3159 5249
3439 5095
3439 6898
3961 4710
1352 2848
1352 4785
1352 2331
1352 2409
1352 9346
2848 6118
2848 6919
2848 2881
2848 7737
2848 9311
4785 9999
4785 6743
2331 8209
2331 5148
2331 7554
2331 8415
2331 9833
2331 5390
9346 9955
1353 5666
1353 2520
1353 8498
1353 3213
1353 9769
5666 7944
2520 6425
2520 4003
2520 7095
2520 8210
2520 9009
3213 9143
3213 5336
3213 9360
1354 2369
2369 3339
2369 7679
2369 7660
2369 8873
2369 2909
4126 7811
1356 7551
1356 2124
2124 5779
2124 9160
2124 8953
2124 5147
2124 6497
1357 4407
1358 6271
1358 7366
1358 9290
1358 1374
1358 6954
1374 7368
1374 7135
2326 8655
2326 5345
5686 7928
5686 6346
1360 3776
1360 4220
3776 5501
3776 4436
3776 9059
3776 4673
3836 4273
3836 4711
1362 6789
1362 9283
1362 7319
1362 8026
1362 6401
1362 1717
1362 3217
7319 8573
8026 8713
6401 6519
6401 6710
1717 2404
1717 9549
1717 4303
1717 8599
1717 4885
1516 8440
1516 8082
1516 2180
1366 2674
1366 5071
1366 5058
1366 8049
1366 6163
2674 3262
5071 8599
5071 8287
5071 7770
7109 9920
5605 6145
5605 5962
3803 8604
3803 4676
1680 6188
3666 8231
3666 6078
6780 7203
8273 9316
8273 8385
9161 9757
7468 8578
7468 9446
3147 6718
3147 7762
3147 4591
4370 5136
4370 9543
3320 8153
3320 5118
3320 8862
2633 6163
2633 7925
2633 6720
2633 5899
2633 7395
2241 9747
2241 9040
1579 8831
1579 5632
1579 5795
8702 9306
8702 9411
7799 9187
3125 9628
3125 3845
1375 5268
1375 8077
1375 7061
1375 6572
1375 2585
1375 7661
1375 9466
5268 8433
8077 9155
1376 3423
1376 7117
1376 9018
1376 4334
1376 2466
3423 5028
7117 7894
4334 4368
2466 9078
2466 7710
5726 8799
9294 9590
4938 7594
4938 7339
4938 8603
4938 8534
8584 9783
3952 9399
3952 5204
3952 4531
1380 1502
1380 9922
1380 5895
1380 1509
1502 8909
1502 6868
1502 7376
1502 4807
1502 3721
1502 5923
1502 4990
5895 5937
5895 6631
1509 7023
1509 7026
1509 1609
1509 9418
1381 7176
1381 6919
1381 2537
1381 7484
1381 5689
7176 8821
6919 9698
2537 8233
2537 5280
5689 9113
1382 5129
5129 6711
1385 8948
1385 1861
1385 9758
1861 2633
1861 3574
1861 1863
1861 1953
1386 5640
1386 8968
1386 7231
1388 4390
1388 8938
1388 6882
1388 9819
4390 6094
1519 8777
1519 3807
1519 7081
3181 6511
3181 5988
3181 7292
2925 4682
2925 9177
2925 8904
5040 9035
5040 5293
5040 7522
1392 5953
1392 5346
1392 9149
1392 9156
1392 5589
1392 4893
5589 9053
5589 8890
5589 5657
1393 3030
1393 8889
1393 8286
1393 4036
1393 6898
1393 7897
1393 3438
1393 2464
1393 8836
1393 5187
3030 4567
8286 9665
4036 6174
3438 8375
3438 7580
2464 5113
1394 4974
1394 6733
1394 8053
1394 4666
1394 4225
4974 6418
4974 7647
4974 6389
4974 7737
4225 4453
4225 6873
1395 8712
1395 8819
1395 4096
1395 1751
1395 5026
1395 5948
1395 2957
4096 8564
4096 4348
1751 9086
1751 6961
1396 1687
1396 2534
1396 6086
1396 8692
8692 9448
8692 9793
5428 6906
5428 7799
1398 8745
1398 5022
1398 5938
8745 9609
5938 9607
3448 9082
3448 8599
3448 9665
3448 9227
3448 8192
6569 7274
1401 2337
1401 4878
1401 3913
1401 8946
4878 7399
4878 9211
4878 6153
8946 9032
1402 9954
1403 6343
1403 9956
1403 9762
1403 9130
6343 6890
1404 1844
1404 5338
1404 2516
1844 3627
1844 2202
1844 2823
1844 9169
2516 6056
2403 8100
2403 9331
2403 6489
2064 9773
2064 2250
2064 4947
1406 5008
1978 9643
1978 4562
1978 5262
1978 2174
1978 6211
1978 6510
1840 9947
1840 5573
1840 5765
1840 5603
1408 5439
1408 6640
1408 5615
1408 5090
1408 9359
6640 7372
5615 8481
5090 5819
5090 8460
5090 5286
5090 7431
2758 4331
2758 9499
2758 9785
2758 3930
4502 5448
1410 2035
1410 4496
1410 5644
2035 5401
2035 4288
4496 8743
4496 4657
4496 6806
1411 7748
1411 5558
7748 8565
1412 9901
1412 1413
5174 9590
5174 7760
2898 7253
2898 3646
2898 9157
2898 7769
2898 4052
2898 7737
1414 3267
1414 3916
1414 1802
1414 4518
4518 5689
4518 7392
4518 8121
1538 3051
2078 6021
1418 6617
1418 3976
1418 2976
1418 6397
6617 7970
6617 8073
2976 8630
2976 8318
2976 5691
1422 9834
1422 3779
1422 5917
1422 6013
1422 9150
3779 4648
3779 7431
3779 7193
3779 5362
3779 4840
1423 7686
1423 5936
1423 5190
1423 8293
1423 5672
5672 5871
5672 8648
5672 6711
1426 2311
1426 8476
1426 8893
2311 3463
2311 8231
2311 9595
2311 6096
2311 7525
8476 9338
8476 9403
8476 9340
8893 9077
1427 5081
1427 4752
1427 2608
1427 3945
5081 7101
5081 6997
5081 8345
4752 9737
2933 7358
2933 8052
2933 8976
3499 7431
4367 7839
4367 4780
1429 3651
1430 3689
3689 5239
3689 7635
3689 8581
1431 5401
1431 8223
1431 3413
1432 9211
1432 5074
1432 3362
5074 8287
3362 5330
2678 7485
2678 3078
2678 5877
2678 6170
5553 5951
5896 8762
5896 9719
6697 9492
1435 6937
1435 1947
1435 6682
1435 4867
1435 9528
1435 2170
1435 9748
6937 9810
6682 7340
6682 8038
9528 9732
2170 9437
2170 4039
1436 1445
1436 4840
1436 8168
1436 8327
1436 7788
1436 6232
1436 4127
1436 3836
4840 5057
4840 6831
4840 5391
8168 8633
8168 9255
8168 8903
4127 8272
4127 4391
1437 2192
1437 6237
1438 6583
1438 3355
1439 9051
1439 8751
1439 8957
1439 4094
9051 9992
9051 9985
8957 9737
8957 9215
4094 9768
1440 6425
6425 8192
1772 6684
1772 9227
1772 7738
1442 5234
5234 9422
5234 8988
1443 4340
1443 8630
1443 8014
4340 7164
1444 3373
1444 2177
1444 5547
1444 6590
2177 5370
2177 5080
2177 7988
1848 2691
1848 8171
1848 3125
4203 8896
4203 4926
4203 5210
4203 6725
1446 5689
1446 8024
1447 5068
1447 2977
1447 7916
1447 8465
1447 5483
1447 6730
1447 2937
1447 7338
2977 7209
2977 7986
2977 7301
2977 9772
2977 3010
8465 8536
6730 8889
6730 9632
1448 1678
1448 8451
1448 9853
1448 3994
1678 5090
1678 2113
1449 3149
1449 9806
1449 6850
1449 2446
3149 8627
3149 6163
3149 9034
3149 7658
3149 9151
6850 9480
6850 9298
4173 7206
4173 5834
4072 9778
1451 6260
1451 8335
1451 4958
1452 9364
1452 6443
1452 5630
1452 6834
1452 2736
1452 4922
9364 9382
6443 7388
6443 9707
6834 9108
6834 8105
6834 9717
1453 9755
1453 4048
1453 8150
8150 8171
1454 6843
1454 9974
1454 7482
1454 6473
1454 6948
1454 7847
6843 8904
6473 7895
6473 7509
1455 3507
3507 7433
1456 9398
1456 6856
1456 2625
1456 5056
6856 9708
5056 6149
2353 8469
2353 6626
2353 5143
2353 7634
2353 4689
1918 7675
1918 3235
3515 9706
3515 9461
3515 7836
3515 8729
3515 4383
1459 6027
1459 3397
1459 7799
1459 3045
6027 8799
6027 8938
6027 8841
6027 9235
3397 4513
3397 7495
3045 9014
3045 4410
3045 3112
1460 9414
1460 3277
1461 9294
8983 9045
1463 4223
1463 9282
1463 2124
4223 7866
4223 5378
4223 4461
9055 9937
1465 2713
1465 7437
1465 1485
1465 5137
1465 2567
2713 4917
5137 5494
5137 5332
5137 5262
1466 5591
1466 5418
1466 8360
1466 5245
1466 9438
1466 6544
5418 6295
5245 6999
5245 5555
5245 6950
6544 9839
6544 6744
1467 3020
1467 7584
1467 7002
1467 6395
1467 8781
3020 5123
3020 7438
3020 9828
3020 7000
3020 9222
3020 5873
3020 6217
7002 7721
8781 9459
1468 4231
1468 2027
1468 6748
1468 1961
1468 9041
4231 4486
4231 5524
2027 5124
2027 8518
2027 9579
6748 8868
8140 9024
1990 7514
1990 4155
1990 6511
1619 3226
1619 9738
1619 3407
1471 9770
1471 7872
1472 2060
1472 2208
1472 1705
1472 9194
1705 3040
1705 3928
1705 2411
1473 2398
1473 8002
1473 9859
1473 4307
1473 2389
1473 4555
1473 7510
1473 2305
1473 7543
2398 8466
2398 8505
4307 9622
2389 6473
2389 9325
2389 8956
2389 4094
2389 6933
7543 9326
1474 3615
1474 2322
1474 2034
2322 2949
2322 5158
1475 4924
1475 6092
1475 5042
1475 9808
6092 9932
5042 6492
5042 9317
5042 8926
5042 9580
5042 8518
6478 6883
1477 9929
1477 2425
7554 9615
7554 7681
4379 6090
8124 9940
1479 3572
1479 4656
1479 3975
4656 4871
4656 7657
4656 8691
3975 6285
3975 7400
1812 2544
1812 4388
1812 4700
1812 5382
1812 6927
1812 4725
1481 8716
1481 2370
1481 5993
1481 4112
2370 8682
2370 3632
4112 6722
4112 9151
1482 2977
1482 3447
1482 4293
3447 3454
3447 7346
3447 7725
3447 8925
3447 4137
4293 4592
4293 9646
4293 5909
4293 6887
4293 7428
1483 3061
1483 8953
1483 1549
1483 2579
1483 7197
1483 6464
1483 9624
2579 6142
2579 5010
7197 9018
7197 9044
7197 9185
9624 9793
3315 8285
3315 8654
3315 7263
3315 8293
3315 4593
2142 7316
2142 9995
2142 8213
2142 6007
2142 8607
2142 9148
4620 9924
4620 7820
6786 8159
7258 8231
7258 8959
3328 4742
3328 5978
3328 5748
3328 6412
3328 8374
3328 6312
1486 5336
1486 7292
1486 6091
1486 4948
1486 4905
5336 8254
6091 7015
6091 9926
4948 5655
4948 9454
4948 7505
4948 6875
1489 2022
2022 3063
2022 8219
2022 7743
1490 2639
1490 4119
1490 7687
1490 9851
2639 7436
1491 2068
1491 9195
1491 5516
2068 6007
5516 7959
5516 7854
5516 6164
1492 1747
1492 3601
1747 1819
1747 6912
1747 2189
1747 8119
1493 5648
1493 8469
1493 6182
1493 8914
1493 9793
1493 6048
6182 9588
6048 7022
6048 6413
1494 5158
1494 2764
1494 1593
1494 3794
1494 3830
1494 8681
1494 6473
1494 9082
1494 3012
5158 5775
5158 9570
5158 9612
1593 8573
3794 4088
3794 4780
3794 5145
3794 8536
3830 8754
3830 4307
3012 8961
3012 6635
3012 5688
1495 3674
1495 9875
1495 3206
1495 2891
1496 2407
1496 6588
2407 5085
2407 9336
2407 2933
1497 8660
1497 4830
1497 7420
1498 4857
1498 3322
1498 6975
1498 4212
1498 3004
1498 3401
4857 5468
4212 5557
4212 7706
3004 3514
3004 3694
3004 8651
3004 9215
3004 9803
3004 4173
9575 9981
1501 8902
1501 7526
1501 8247
7526 9881
8909 9851
8909 9298
6868 8851
4807 7156
4807 5007
4807 7173
4807 9707
5923 8231
7744 9575
4749 4916
4749 6153
4749 9516
1504 8625
1504 9021
1504 4746
1504 7127
4746 9595
4746 5287
1646 2065
1646 7520
5626 7389
5626 9167
1507 8776
1507 8059
1507 4272
4272 9747
4272 6244
2448 3686
2448 8198
2448 7445
2448 5463
3625 7227
3625 4712
3625 7074
3625 3653
1979 4520
1979 2067
1979 4257
1979 9895
1979 6869
1979 7880
6735 8642
1510 7676
1850 7277
1850 3459
1850 7088
3871 4550
3871 6737
3871 7945
4590 6219
1513 2027
1513 7785
1513 9542
2515 5069
2515 5856
4876 5391
4876 7898
4876 6477
2180 5296
2180 4359
2180 2965
1517 9669
7399 9976
7081 8643
1520 7545
1520 8230
1520 2525
7545 8049
7545 8575
8230 8435
1521 6149
1521 9278
1522 5411
1522 5535
1523 7052
1523 6733
7052 9094
1525 3399
1525 4300
1525 7893
3399 4210
3399 4790
3399 9663
3399 5093
7893 8843
1526 4548
1526 4173
1526 6424
1526 1978
1526 6490
4548 6189
6424 8314
5480 8763
8642 8870
4866 5114
4866 9474
4866 4948
1528 2481
1528 6195
1528 8663
2481 7597
2481 8203
2481 9490
6195 6819
6195 7393
6195 6924
1529 4011
4011 7059
4011 6418
4011 5914
7035 7391
1531 7382
1531 3005
1531 8374
1531 2624
1531 6600
7382 9470
7382 9258
7382 7668
7382 8136
8374 8521
8374 8909
2624 3706
2624 4404
2624 6162
1532 2865
1532 4697
1532 5041
1532 5645
1532 5271
5645 9086
1533 8146
1533 3736
1533 1781
1533 8296
3736 5119
1534 1895
1534 9336
1535 8592
1535 5967
5967 6733
1536 7810
1536 5188
7810 9809
7810 8913
7810 9330
1537 7238
1537 4926
4199 6699
4199 9393
1996 7812
1996 4260
1996 9478
1541 7151
1541 2867
1541 2502
1541 2782
1542 9033
1542 8083
1542 4223
1543 9698
1543 8102
1543 7071
1543 9235
7071 8332
7071 9316
7071 8947
9235 9777
1544 7538
1544 8429
1544 5394
5394 8160
5394 6575
5394 9856
5394 5425
1546 7622
7622 7798
7622 8422
7622 8648
2643 4291
2643 6550
2643 6189
2643 2677
2643 8458
2643 9285
2159 4575
2159 8211
2620 6572
2620 5453
2620 7686
2620 7019
7302 7657
3432 5623
3432 4247
3432 8760
4599 6863
4599 4936
1631 7268
1631 5955
1631 2215
7737 9865
7737 7765
1553 1968
1553 3515
1553 5931
1968 7162
1554 3937
1554 7310
1554 9737
7310 7582
7310 7857
7310 9653
1555 6911
1555 4356
1555 8179
1556 2404
1556 8094
1556 9230
1556 2967
1556 4541
2967 5265
2967 5613
4541 7212
4541 5066
4541 6987
4541 6727
1557 4539
1557 7548
1557 3943
1557 7708
1557 3449
4539 6995
4539 5061
4539 8160
3943 6170
3943 8933
3943 7442
1559 8601
8589 8897
7153 9578
1562 7806
1562 9196
1562 4139
1562 8867
7806 8234
9196 9889
1563 2752
1563 7821
1563 6045
1563 3310
1563 6649
2752 5385
2752 4991
2752 6433
2752 4240
2752 6563
6045 9910
6045 7386
3310 9639
6649 7361
1565 3342
1565 8125
1565 7368
3342 6396
3342 3453
3342 4218
3996 8001
3996 6254
1806 4877
1806 5447
1806 2250
6418 6978
6418 7509
6418 9645
1868 3369
1868 5647
1868 5724
1868 3516
6662 8083
6662 7772
2890 8314
2890 9702
2890 7382
8385 8756
9742 9907
1569 9010
1569 7367
1569 9496
1569 7176
7474 8768
1571 9418
1571 8126
8126 9706
7495 8453
7495 9543
1573 4976
1573 6066
7162 7253
1575 1592
1575 8701
1592 8935
1592 2707
1592 3604
1592 6516
8701 9318
1576 7530
1576 6011
1576 1910
1576 1703
7530 8442
7530 7716
1910 8388
1910 7755
1910 5629
1910 9122
2047 8915
2047 5424
4863 7148
4863 9240
4863 6093
4863 9593
5632 9079
1580 4545
1580 5546
1580 9023
1580 4678
1580 9053
1580 8095
5546 5663
5546 9747
9023 9293
6273 8699
6273 7332
1582 9785
1582 8141
1582 9850
8141 8881
8141 8147
1584 7592
1584 2249
7592 7937
7592 7987
2249 6289
1980 3112
1980 5187
1980 7189
1980 1987
1586 2497
1586 5183
1586 7491
1586 2165
1586 6228
1586 5414
2497 6513
2497 8368
2497 3819
5183 8575
5183 5947
5183 8643
5414 7670
5414 8521
1588 4686
1588 7001
1588 3350
1588 2315
2315 6231
2315 6900
2315 5107
2315 4758
2315 6467
2315 6395
1589 4727
4727 5863
4727 5422
4727 9040
5756 8429
6136 8438
2685 9933
2685 3678
8935 9106
2707 6077
6516 8340
1594 6059
1594 5027
6059 9860
5027 8968
5027 9090
1595 7500
7500 7920
3162 6498
3162 7953
3162 5611
3162 6660
4195 5006
4195 6590
4195 7132
4195 7079
4195 5671
4195 7085
1597 4736
1597 4035
1597 2005
1597 4162
4035 7344
4035 5340
4035 7313
2005 5038
2005 7957
2005 9507
2005 6934
2005 5138
2005 9509
2005 5128
4162 5303
4162 9903
4162 8886
4162 4620
4162 5728
1598 4064
1599 2926
1599 7031
7563 8743
7563 7724
1601 8821
1601 4866
1601 5144
1601 8108
1601 4807
5144 6090
5144 6588
1852 2974
1852 2332
1852 5743
2950 5614
2950 5857
2950 6496
5367 6747
5367 5519
5367 7665
5367 9500
1603 3439
1603 5008
1604 6661
1604 2465
2465 3138
2465 5008
2465 7297
1605 1932
1605 4237
1932 9953
1932 9485
4237 8612
4237 5787
1606 4379
1606 2248
1606 6728
1606 2680
1606 2988
2248 9961
6728 8859
1607 4212
1607 6656
1607 5872
1607 2306
1607 3821
6656 8237
5872 7225
4912 9551
4912 5337
3960 6898
3960 6206
4488 4865
1610 9781
1610 3488
1611 9005
1611 1838
1611 8381
1611 4343
1838 5431
1838 3857
1838 1939
1838 4188
1838 5360
8381 9467
8381 9176
1613 3227
1613 7206
1613 2307
2307 9114
2307 9059
1614 8479
1614 8146
1614 3583
1614 8289
1614 2555
3583 5489
3583 5948
2555 7572
2555 3958
2555 4943
2555 4686
2555 9725
1616 3683
1616 4836
1616 6262
1616 6499
1616 6736
3683 4954
3683 7836
4836 8250
4836 9068
6499 9944
3774 9903
3774 7819
3774 8975
4273 5286
4273 7869
4273 7416
4273 7075
1618 2353
1618 4107
4107 9519
3226 5827
3226 6757
3226 6941
3407 7852
3407 7971
3407 4983
1620 1752
1752 5552
1752 7245
1752 9194
1752 3657
1752 8456
1622 3628
3628 6409
3628 4995
7607 8902
1793 9769
1793 4323
1793 4586
5974 7786
5974 6557
1624 8513
1624 1898
1624 2405
1624 3033
1624 6404
1624 2258
1624 8388
8513 9973
8388 9611
1625 6289
1625 8852
1625 5977
6289 8436
5977 7361
5977 6173
1909 4865
1909 4995
5801 6305
9789 9933
2753 9206
2753 9149
2384 6523
2384 4740
2384 6960
2384 8187
2384 2472
2384 4406
1628 4534
1628 4149
1628 9650
4149 9298
4149 7707
6495 7837
3398 4019
7268 8130
5955 9252
5955 5969
2215 8997
2215 2787
2215 4153
1633 6346
1633 7353
1633 2368
1633 7444
1633 8834
1633 7092
6346 7909
6346 9397
1634 3246
1634 6951
1634 6882
1634 7809
7809 9202
3594 3759
3594 3731
3594 3744
2164 7489
2164 7596
2164 6765
2164 9478
1650 7899
1650 5079
1636 5960
1636 4656
1637 7753
7753 9504
7753 8801
1639 4307
1639 8784
1639 7341
1639 4691
1639 7656
7341 9593
1640 3931
1640 3341
1640 3032
3032 3774
3032 7100
3032 6434
3032 5566
1641 8687
1641 1835
1641 3674
1641 4131
4131 6768
4131 4554
4979 7635
7060 8215
5906 6538
5906 6251
1643 3154
1643 9737
1643 8596
1643 9862
1644 9909
1644 3171
1645 7304
1647 6413
1647 4605
1647 6645
1647 5190
1647 4969
6645 8682
1648 8494
1648 5032
1648 2312
1648 2771
1648 1756
1648 9833
1648 3543
8494 8895
2771 4151
2771 3126
3543 9693
3543 6492
3543 6541
1649 5551
5551 8781
5551 9183
5551 7224
5551 9223
5551 9700
7899 9270
4859 7349
4859 5689
5990 7775
5990 6649
5990 7520
3440 7537
3440 5088
3440 5345
6755 9506
1874 8357
1874 3879
2087 8822
2087 2394
2087 9978
8131 9979
4193 9765
1933 2815
1933 2223
1933 3163
1657 2442
1657 9346
1657 6066
1657 6981
2442 9036
2442 3608
6981 7159
6981 9615
2800 2806
4818 9863
1659 2079
1659 2254
1659 7314
1659 7203
1659 2380
2079 9683
2079 7918
2079 9830
1660 4767
4767 8909
1661 2243
1661 2770
1661 3996
1661 6300
1661 3633
1661 8575
1661 7330
2243 3554
2243 3891
2243 7392
2770 8633
2770 9852
2770 8369
6300 8710
6300 9172
6300 7174
6300 9501
3633 9868
3633 6801
3633 5088
1662 8312
1662 6695
1662 8189
1706 9144
1706 7741
1706 5550
6801 8184
3862 6289
3862 8704
3862 7075
3862 6953
1664 9739
1664 4359
1664 4939
2104 3084
2104 4954
2104 5425
4046 4664
4046 5140
2863 4789
2863 7194
2427 5669
2427 4431
2427 4797
2427 3143
5761 8889
5761 7738
1860 4524
1860 9440
1860 3638
7285 9546
1668 2621
1668 3772
1668 5193
1668 6913
1668 5732
6913 6914
6913 7354
4569 7338
3375 6954
3375 6963
3375 4060
2697 3564
2697 4964
7290 7320
7290 7836
1670 7028
1671 6726
1671 7834
1671 3191
6726 8854
6726 9718
3191 3461
1672 4024
1672 3949
1672 3108
1672 5922
1672 1734
1672 7856
1672 5540
4024 8739
4024 7871
4024 4981
4024 8028
5922 6734
5922 8306
5922 6842
5540 6235
1673 9948
1673 8035
1673 8361
1673 6729
1673 3105
1673 3780
1673 9981
1673 9459
6729 9523
3105 5824
1674 9427
1674 3857
1674 2387
1674 7126
1674 2590
1674 5367
1674 7851
3857 7859
3857 5117
3857 5557
7126 8185
7126 8129
2590 8401
2590 8073
2590 8995
2590 4816
2225 9657
2225 3081
2225 6006
2225 5701
4920 5123
1677 3573
1677 2530
1677 2280
1677 6065
2530 3179
2530 7038
2530 5945
1679 4063
1679 6714
1679 9847
1679 4608
4063 7901
4063 4480
4063 9179
6714 7164
6714 9805
6714 7129
6188 8012
6964 9119
1682 7752
1682 2680
1682 3228
1682 8394
3228 5961
1683 2441
1683 4119
1683 9703
1683 6486
1683 6947
2441 5053
2441 5877
2441 2862
2441 6687
6947 9733
6947 9064
6947 8982
1684 8788
1684 2699
1684 9102
2699 3072
2699 4833
1686 3936
1686 7807
1686 6417
1686 9898
1686 5945
7807 9682
7807 8289
6417 8630
6417 8478
1688 3356
1688 4917
4917 7006
4917 5634
1689 5698
1689 7150
1689 6530
1690 6255
1690 4846
1690 8580
3436 9269
3436 5679
1692 2032
1692 1881
2032 5701
2032 4655
1881 4226
1881 9517
1881 3650
1693 1788
1693 2852
1693 4393
1788 9529
4806 5430
4806 8793
4806 5056
4806 6065
4806 9602
4806 7327
4806 7998
4806 8990
3071 5683
3071 5832
5920 8736
5920 6893
5920 8055
5920 6524
3738 6919
3738 4783
3738 5874
3738 5548
3738 7020
1696 9268
1696 3320
1696 4295
5562 7153
5562 5618
4891 7149
4891 6204
2144 7406
2144 5656
2144 7870
2144 3475
2144 4904
2144 5597
1699 5736
1699 7990
1699 6219
5736 9417
5736 6408
5736 8003
6219 8099
6219 8975
1700 3153
3153 4910
3153 6132
3153 5385
3153 6093
1701 1856
1701 6074
1856 6815
1856 8754
3429 8348
3429 5849
3429 7144
1704 2539
1704 4874
1704 4096
1704 5221
2539 4594
2539 7167
2539 2542
4874 7030
4874 9722
5550 6121
1707 9975
1707 3353
1707 3212
1707 1768
1707 1758
1707 3196
1707 7082
1709 2651
1709 2912
2651 4346
2651 4152
2912 7503
2912 4668
2912 5780
2912 5889
1710 3475
1710 2333
1710 6569
3475 4483
3475 5026
1711 7765
1711 8974
1711 9409
1711 2307
1711 9685
1711 8920
7765 9664
1713 7367
1713 3782
1713 9868
3782 4945
1714 5296
1714 7945
5296 6129
7945 8896
1716 1775
1775 4166
1775 5287
1775 4568
4303 8264
4303 7269
4303 5966
9155 9303
6502 7383
1723 8170
1723 9024
4802 5318
4802 9957
4802 5839
2009 3880
2009 4817
2009 9550
2009 3266
3028 9644
3028 8538
3028 3626
4772 5721
4772 6698
4772 7040
1727 1920
1728 7356
6888 9194
6888 7007
2938 5781
2938 6346
2938 3922
2938 9324
2938 6536
8199 8976
1733 3484
1733 1861
1733 2308
1733 5007
1733 5803
1733 4046
1733 6149
1733 7440
3484 3979
3484 7510
3484 4142
3484 6931
3484 8064
5007 5807
5007 9839
5803 9925
5803 8295
5803 9587
7440 7940
7796 8737
1735 2891
1735 3322
1735 8004
8004 9167
8004 9358
2741 5170
2741 3442
2741 9627
2741 4472
1737 4612
1737 8314
4612 7502
4612 9415
4612 8920
1739 4331
1741 7153
1741 1913
1741 5192
5192 7211
7659 8196
4911 6678
4911 6413
4911 8166
1743 6594
1743 2194
1743 6362
6594 9863
1744 3846
1744 7729
1744 6464
1744 8401
1744 3441
3846 7824
3846 8332
7729 9189
7729 8374
7729 9668
3441 6311
3441 9734
3441 9056
3441 5429
1746 9691
1746 5106
5239 6556
1749 7741
1750 6514
1750 6699
1750 4638
1750 1826
6699 8036
4638 5088
4638 6944
4638 9878
4638 8565
7245 8479
3657 4218
3657 5323
1753 2515
1754 9263
1754 9023
1754 9677
1755 5986
1755 5005
1755 2173
1755 3598
1755 9838
5986 7230
3598 6066
3598 7318
3598 5331
3897 4529
1757 5472
1757 6328
5472 6073
2214 7997
2214 6425
2214 7341
2214 7384
2214 6910
2214 8256
2214 5609
2214 3372
3973 4137
3973 8415
3073 8536
3073 3735
3073 3808
3073 3265
3073 3557
1760 5426
1760 2266
1760 9552
1760 8792
1760 7216
1760 2890
1760 4269
2266 4999
2266 9876
7216 9403
7216 9256
8848 9558
1763 4008
1763 7641
7641 9716
7641 9592
1764 3388
1764 3015
3388 4067
3388 8522
3015 8595
3015 3859
3015 3470
3015 9355
3015 8358
3015 5138
1765 2899
8929 9345
8929 9079
6340 8568
6340 7822
2796 9787
2796 3539
4103 8148
4103 6090
4103 6600
6159 7737
6159 7445
6159 7604
1769 2235
1769 6456
1769 2825
1769 7666
1769 2061
1769 9356
1769 4728
1769 3407
1769 2549
1769 3195
6456 8772
6456 9437
7666 9414
2061 9361
9356 9664
9356 9439
2549 9028
2549 4811
2549 4353
2549 6148
1770 8037
1770 6726
1770 5831
1770 3269
1770 2056
3269 9868
3269 3377
3269 4241
2056 6999
2056 8977
2056 2578
1771 1998
1771 7181
1771 7749
1771 4651
1771 2592
1771 2437
1771 5800
2592 4357
2592 5630
2437 9145
2437 6496
2437 8651
6684 6899
6684 7328
1773 5884
1773 4638
1774 6813
1774 3943
1774 5525
1774 4717
5525 9855
4717 9881
4717 7757
4717 6102
5287 8569
4568 6926
1777 7364
1777 7164
1777 5037
6995 7443
2722 8465
2722 3123
2722 7468
2722 7784
5194 9510
3052 7040
3052 6827
1782 3616
1782 8894
3616 7355
3616 9658
1783 2485
1783 6412
1784 4179
3575 8441
3575 4650
3575 4449
1789 9327
1789 7849
1789 5878
1789 2494
1789 5393
1789 6594
9327 9614
1790 4777
1790 7498
7498 8319
5185 6504
5185 6860
5185 6467
4061 6178
4061 4784
7315 9178
7315 7777
7315 7393
6518 9389
6518 7567
4323 9557
4323 7666
1794 1913
1794 2511
1794 6381
1794 2631
1795 8949
1795 7599
1795 4748
4748 9314
6032 8898
6032 8544
6032 8265
6032 6510
6032 9059
9302 9461
3748 5290
3748 5986
1797 8076
1797 6456
1798 5024
1798 5176
1798 4864
1798 8081
1798 6943
1798 5745
1798 2008
5024 6477
5024 5986
5024 9896
2008 4135
2008 6481
2008 2216
8978 9337
2721 3289
1800 6101
1800 3121
1800 2545
1800 2267
6101 7316
6101 7477
6101 6190
6101 8878
7868 9434
7868 9211
1803 9362
1803 6467
1803 7733
1803 7552
1803 4952
6467 7652
7733 8168
7552 8289
7552 7599
7552 8781
1804 5228
1804 6993
1804 7898
1804 9214
6993 9055
7105 9229
7105 9730
7105 9585
5447 7187
1807 5066
1807 3522
1807 7736
1807 3855
3522 9401
3522 6368
3522 4602
1808 3279
1808 5039
1808 4992
1808 3423
3279 9309
3279 4486
5039 8567
4992 5274
1809 3321
1809 5090
1809 4526
1809 2675
1809 7721
3321 8383
3321 4257
3321 9039
3321 7504
4526 7057
4526 5755
4526 4961
1810 8745
1810 9062
1810 2621
9062 9768
8607 9652
4725 8556
4725 9003
4725 7953
4880 6382
7102 9720
7102 8776
3627 8275
3627 5466
1815 6443
1815 6407
1815 5928
1815 8974
1815 7345
5928 9734
5928 7247
5928 9105
7345 7968
7345 7666
1816 7270
1816 4746
1816 6564
1818 7109
1818 5165
1818 9999
4154 6145
4154 4698
3078 8410
3078 4030
5502 9325
5502 9786
5502 8860
5502 6162
6053 7014
8426 9723
1821 2912
1821 9167
1822 2533
1822 4188
1822 9406
4188 4878
4188 7057
1823 7973
1823 7058
1823 8796
1823 2674
1824 6902
1824 9104
1824 9966
1824 5418
1825 9343
1825 9694
9694 9765
1827 1957
1827 9790
1827 3521
3521 6468
7455 9681
7455 7801
3009 7023
3009 7390
3009 8059
3009 9572
1829 1959
1829 6116
1829 5439
1830 8055
1830 6328
1830 2320
1830 6404
2320 9472
2320 8196
2735 6285
2735 4294
2735 3143
2735 5330
4219 6029
4219 5797
4219 5754
4219 5276
4219 7073
1832 7347
1832 7056
1832 9713
7347 9876
1833 4475
1833 3376
1833 5199
1833 2198
4475 4623
4475 8125
3376 4702
3376 9537
3376 9573
3376 3946
2198 4841
2198 7023
1834 5464
1834 2635
1834 2924
1834 9699
5464 9999
5464 6993
2924 4039
6353 6642
6353 7850
8480 9087
1837 2762
1837 9712
2762 8845
5431 8057
5360 7364
5573 8013
5603 6109
5603 9536
1841 4690
1841 1864
1842 9956
1842 7528
1842 9216
1842 8202
8202 9660
8202 9490
8202 9148
2202 6623
2202 4628
2823 9416
2823 9904
2823 4820
3560 6403
4027 7747
4027 4225
4027 6271
4027 4833
5729 8319
5729 7358
2390 7158
3182 5238
3182 5356
1847 1917
1847 4289
1847 6443
1847 2864
1917 5390
1917 2101
1917 7583
1917 6258
1917 5284
2864 8327
2864 7948
2864 9861
2864 6155
2864 4618
1849 2408
1849 2597
2597 5976
2597 6442
2597 5262
2597 6405
2597 7645
1851 6256
6256 6263
6256 8457
6256 9517
7815 8235
7815 8823
1854 7932
1854 3290
1854 3115
1854 4864
1855 8152
1855 2762
1855 5969
8754 9996
1857 5135
1857 6705
1857 7040
1857 6214
5135 5344
5135 8349
5135 5560
5135 8467
5966 6154
3218 9681
3218 7358
3218 3425
4012 8901
4012 5025
4012 5551
1859 6757
1859 5732
6757 9521
9440 9787
3574 7080
1863 7643
1863 3850
1863 4761
1863 6035
1953 4643
1953 5772
1953 4214
1953 7646
7029 7106
6323 8996
3850 9127
3850 5622
6035 6461
6035 9051
5082 9092
5082 6639
5082 8371
1865 6863
1865 8277
1865 9595
1865 3073
1866 8752
1866 3798
1866 8577
3798 4670
3798 6919
3798 5974
8577 9277
8577 8625
8417 9843
3369 8222
3369 7546
3369 4985
3369 4168
5647 5682
5647 6025
5647 9183
3516 9107
1869 9588
1869 8700
1869 2077
1869 1889
5912 6330
5912 8837
5912 9845
7651 9994
7651 8111
6281 9413
6281 6795
6963 9965
4317 7080
4317 9393
4317 5031
4740 7587
4740 6009
8632 9769
3879 4704
3879 7223
1876 4069
1876 2393
2393 9293
2393 9147
1877 6617
1877 6993
1879 9740
1879 7675
1879 6811
7675 8097
7675 9864
6811 9961
1880 2906
1880 5753
1880 4580
1880 9347
1880 3424
1880 5785
1880 7748
1880 6784
2906 3283
4580 7849
4580 8048
4580 6438
3424 6642
6784 9916
6784 7019
9121 9990
8085 8393
8085 8565
6474 6547
1883 3807
1883 4418
1884 8173
1884 9641
1884 2609
1884 9692
1884 8328
9641 9708
9641 9727
8328 9156
2647 6848
2647 3388
2647 4202
2647 9062
2647 9885
4039 7657
4039 9852
4039 6853
1887 8334
1888 9664
1888 4540
1888 4763
1888 3676
1888 2525
4540 7929
4540 5975
4540 7051
4763 6956
4763 9621
7838 9734
7838 8783
3094 6549
3094 9033
3094 9097
1890 3833
1890 5297
1890 5951
1890 2789
5297 5437
5297 8267
5297 5764
1891 8654
1891 9375
1891 5126
1891 5282
5126 6107
5126 5488
5126 7950
5126 8249
5126 7232
5126 9972
5126 6161
4239 5269
4793 9179
4793 9846
3526 8063
3526 7737
3526 9354
3526 5615
3526 8941
1893 7443
1893 3139
1893 5620
1893 7482
7443 7767
7443 8096
5620 7308
5620 6970
5620 9333
1894 2129
2129 2547
2129 9365
2129 6921
2129 4746
2129 9838
1896 6528
1896 4010
6528 6763
4010 7743
1897 8756
4671 5132
4671 5282
1900 6239
1900 4643
1900 3350
1900 7688
6239 7910
6239 7481
4643 9510
4643 9666
4643 7608
1901 5839
1901 3016
1901 1914
1901 3674
1914 3521
1914 2982
1914 4722
1914 7310
1914 2321
1902 8395
1902 9615
1902 6753
1902 2944
1902 8128
1902 2747
8128 9867
1903 7054
1903 7788
1903 4123
1903 5875
1903 6720
5875 9221
6720 9279
1904 6286
6286 6437
6286 9681
6286 9788
9693 9889
1907 5207
1907 7044
5207 5819
8340 9641
5629 7164
5629 8577
5629 7904
5629 9994
9122 9756
6133 9934
6133 9896
6494 6520
6494 8066
6494 7514
6198 9106
2321 9018
2321 7802
2321 8040
2321 6079
1915 8807
1915 7980
1915 5556
8807 9333
7980 8922
7980 9958
7980 9027
3957 6951
1951 5627
1951 7370
1951 3360
3443 7434
3443 9739
7583 8056
3235 4928
3235 5724
3235 8870
3235 9696
1919 6113
1919 4066
7108 8931
7108 8367
1921 6503
1921 8709
1921 2685
6503 9379
6503 7461
8709 9711
1923 7686
1924 2270
1924 2084
1924 7082
2270 9675
2270 5680
2270 9187
2084 5586
2084 4779
2084 7510
3624 8415
3624 7735
1926 4101
1926 6132
1926 9392
4101 7212
1927 5739
1927 3573
1927 8247
5739 9248
5739 5745
1928 8596
1929 3635
1929 6770
1930 9858
1930 7260
1930 7920
1930 3554
1930 3414
1930 2790
7260 7906
7260 8473
3414 7243
3414 6915
3414 6558
1931 4180
1931 4128
1931 5102
1931 9883
1931 4402
1931 4119
1931 7307
4402 9747
4402 5003
3163 4310
3163 9177
3163 4525
2682 3492
2682 3772
1935 8152
1935 6332
1935 2390
1935 7030
1936 8339
1936 5078
5078 9771
5078 7432
1937 4986
1937 6764
1937 6233
1937 3803
1937 5501
6764 8865
6764 8838
6764 7617
6233 8885
6233 6835
5501 8913
5501 6039
5501 7271
4297 5429
1940 7312
1940 5627
1940 4493
1940 8616
1940 6473
1940 9832
1940 3210
7312 7465
7312 8464
7312 9244
5627 9607
3210 4912
3210 4794
3210 6054
1941 7529
1941 5880
1941 7217
7529 8218
4783 5094
4783 8259
4783 6962
8560 8880
3577 7708
3577 6842
1943 9295
1943 2554
1943 4469
1943 5506
1943 6726
2554 8741
4469 6402
4469 4732
4469 5247
4469 7547
5506 7369
5506 9838
1944 9445
1944 8911
1945 5969
1945 4068
1945 6972
1945 6639
1945 3392
1945 6429
1945 6607
4068 5642
4068 4945
6972 8869
6972 9117
6972 9377
3392 7758
3392 5492
3392 9002
6429 6652
6429 7710
6607 7475
1946 4864
1946 4887
4887 9469
4887 6352
4887 7714
4887 4890
4887 6543
9014 9441
1948 2981
1948 5239
1948 4824
1948 8023
4824 8680
1949 9969
1949 6203
1949 8347
1949 9337
1952 7747
1952 5863
1952 6487
4214 8148
7646 9868
1954 8814
1954 4069
1955 6549
1955 7579
1955 5242
7579 8999
5242 9308
5242 8749
1956 4433
1956 7412
1956 2129
1956 6389
4433 7655
4433 9201
4433 8266
7412 8129
7412 9289
7412 9143
6389 6641
6389 9049
6389 8144
6389 9744
1958 5497
1958 6488
1958 2418
1958 2494
5497 8881
6488 9328
6488 9587
2418 8424
1960 4983
4983 8178
4983 5628
1962 2164
1962 8454
1962 7512
7512 8585
7512 8884
1963 4714
1963 4853
1963 4169
4169 9602
2791 7379
2791 7768
4249 8407
4249 6825
4249 5657
4249 9223
1965 3853
1965 6997
1966 6926
1966 7771
1966 3335
1966 8122
1966 9625
1966 9497
1966 8928
6926 7094
8122 8717
8122 9709
1970 8205
1970 5736
1971 7366
1972 6057
1972 8245
1972 6963
1972 2053
7079 7890
7079 9964
7079 8217
1974 2245
1974 8469
1974 9065
1974 6123
1974 4574
1974 9681
1974 5251
2245 6417
2245 7759
2245 8555
6123 7842
1975 5017
1975 6693
1975 6376
1975 6215
1975 5961
1975 2659
6215 6982
5961 6842
1976 3079
1976 7862
1976 8579
3079 4624
3079 4799
3079 3917
3079 4381
3079 7353
8579 8942
1977 8709
1977 2848
1977 8007
6510 9711
6510 8964
4257 4453
4257 7086
4257 9600
7842 7900
1983 7105
1983 9136
1983 5044
1984 6394
1984 6103
1984 8644
6394 6602
6394 8551
6394 8769
6103 6343
2363 8774
2363 9766
2363 9717
2363 8357
6547 9641
6547 9117
2959 7793
4680 4854
4680 9732
1989 4860
1989 2275
4860 5203
4860 8086
4860 8401
2275 9245
2275 9064
2275 2640
2275 8244
7514 8766
8981 9744
3222 6220
2607 5414
5947 9482
5947 7402
5947 7899
5735 8099
5735 7038
5735 9385
1994 8530
1994 5131
1994 6007
1994 3272
1994 6442
8530 9309
8661 9091
4260 5556
4260 4703
9478 9745
1997 4011
1997 7479
4152 7929
5984 8614
2000 9885
2000 8525
2000 2982
9332 9598
8250 8899
2004 6352
2004 6636
2004 9968
2004 7748
2004 9966
6352 8242
7957 8765
2006 5049
2006 5420
2006 4770
5049 8360
7642 8669
7642 9887
4135 6522
2216 7791
2216 4513
2216 8101
3880 5228
4817 7492
4817 5889
2010 3737
2010 7633
2013 5864
2013 5345
2013 2223
2013 7319
2013 5367
5345 6191
5345 8520
2014 9874
2014 4909
2015 8857
2015 7399
2015 5492
5492 9706
5492 6470
8130 9809
2017 9427
2017 7519
2017 3066
2017 7883
2017 6129
2018 7276
7276 7933
4669 7999
4669 8142
4669 7806
7075 8074
7419 9999
2024 2320
2024 9380
2024 7607
2024 7677
2024 2666
2666 4381
2025 5411
2025 5981
2025 4479
2025 8277
5981 6461
2026 7368
2026 7604
2026 8578
2026 4802
2029 4287
2029 3585
3585 9410
3585 7191
2030 9671
2030 7676
2679 3692
2679 7556
2679 6401
2487 7878
2487 7859
2487 9686
2487 5838
2487 5913
9255 9644
5701 8513
4655 6356
2033 2704
2033 3290
2033 6465
2704 5517
2704 3626
2704 7767
2704 9100
2704 7672
2704 3648
2704 8096
6465 8701
7409 9377
4327 4596
4327 5339
4288 8792
4288 7293
4288 9863
4288 6298
2036 3619
2036 6353
2036 5791
2036 5197
2036 7390
2036 8078
2036 7718
3619 4294
3619 9649
5791 8498
7718 9302
7718 8976
2037 8960
2037 2876
2038 3874
2038 6874
6874 7216
2039 2412
2039 6182
2039 3592
2039 6128
2039 5945
2039 3173
2412 4148
3173 6820
3173 3795
3173 7781
4696 8072
4696 7068
2041 7000
2041 2056
2041 2244
2041 4102
7000 8031
2244 5168
2244 4749
2244 5451
2244 8081
2244 6080
4102 5111
4102 9952
2042 6441
2042 4632
2042 4494
2042 6621
4632 7749
4632 9857
4632 4942
4632 8940
4632 8139
4632 6633
2044 6438
2044 9235
2044 5549
2044 7520
2044 3043
3043 9397
3043 9338
2045 4250
2045 4031
2045 9065
4031 4740
3164 7306
7685 9316
5156 7664
5156 7578
5156 9441
5156 9532
5156 7306
5156 8137
4883 8497
4883 5629
2461 6676
2461 2866
2461 6353
2461 3097
2461 4207
2652 3753
2652 5370
2652 7242
2652 7258
2652 6558
2652 8434
3956 6578
3956 5795
2853 3801
2853 4144
2853 7570
8977 9024
2057 6951
2057 7943
2057 3832
3832 9191
3832 9604
3832 4852
3832 7731
3832 6074
3832 4929
2058 7664
2058 7840
7840 8585
7840 8518
7840 9744
2059 6841
2059 9764
2059 9122
2059 3549
2059 6524
3549 7728
3549 7002
3549 8459
9361 9507
2584 8802
2584 6867
2509 9930
2509 7580
2509 3453
2063 7652
2063 4684
2063 9718
2063 4945
4945 9422
4945 7034
6880 8465
2066 6357
2066 7114
2066 9279
2066 9020
2066 5734
9279 9555
9279 9297
5734 7578
5734 9054
5734 6942
5734 6593
8400 9142
2072 4813
2072 8426
2073 3957
2073 6534
2073 2277
2073 9210
2074 7853
2074 3832
2074 3626
2074 2143
2074 4872
7853 8680
4872 9960
4872 9433
4872 6756
2075 5231
2075 8596
2075 8747
2075 5400
2075 5123
2075 6845
2075 4688
2075 9288
2075 3661
2075 3114
5231 5318
5231 6034
4688 8228
4688 5011
4688 6629
4688 8619
3114 5553
3114 4552
2076 3226
2076 7878
2080 2156
2080 3968
2080 6834
2080 4867
2083 2127
2083 3345
2083 5662
2083 7160
2083 9103
2127 7765
2127 6429
2127 3322
2127 4959
2127 5928
3345 7139
3345 7526
7160 9123
7160 9741
5586 7392
5586 6222
2085 8303
2085 8753
2086 7208
2394 2946
2394 5327
2088 3580
2088 5472
3580 9273
3580 6905
3580 4783
3580 3943
2090 3270
3270 4022
3270 5887
3270 8793
3270 3289
3270 4357
2091 6080
2091 6290
2091 8818
2091 3870
3870 7359
4713 4744
4713 4957
2093 3137
2093 2850
2093 3517
2850 4904
2094 6342
2094 7144
2094 3881
2094 7102
2094 8432
2094 3988
8432 8892
3988 9427
3988 6770
3988 8241
3988 4938
2096 2280
2096 6674
2096 5961
2096 7815
6674 8985
6674 6981
2097 7357
2097 2831
2097 6189
7357 8927
2831 9587
2831 4722
6189 6812
6189 9280
6189 9099
4374 9562
4374 8292
4374 5755
4374 4825
2099 7064
2099 4635
2099 3456
4635 4751
4635 9719
4635 5258
4635 5366
2100 7127
2100 4797
4797 9420
4797 7546
4797 7601
2102 5464
2102 5912
2103 7514
2103 9230
2103 3879
2103 8180
8180 8772
3084 6621
3084 5344
2105 7125
2105 5571
5571 6570
2106 2421
2106 5657
2106 8507
2106 7663
2421 9142
2421 8422
5657 8368
5657 9231
5657 8319
2108 3271
3271 4042
3271 8602
3271 9611
3271 5311
2109 2556
2109 7565
2109 6236
2556 8844
2556 4394
6236 7543
5806 9014
2112 3948
2112 2347
2112 9611
2347 2837
2347 7259
2347 6545
2347 3903
2347 9069
2114 4476
2114 3368
2114 4546
2114 8875
2114 9159
3368 6131
3368 8823
3368 4404
3368 7330
2115 2909
2115 8157
2115 4617
2115 9248
2115 6488
2115 2202
2115 4254
2909 3897
2909 9131
2909 9088
2909 7989
8157 9286
4617 9979
4617 7108
4617 9944
3505 3758
3505 7826
3505 8563
3505 5387
2117 5060
2117 7442
2117 3195
2117 2656
5060 7075
5060 7467
2656 5110
2656 6110
5565 9839
5565 7049
5565 5725
4679 6987
2120 9547
2120 5769
2120 7290
2120 3779
2120 6835
2120 6808
2120 6690
2122 5956
2122 9311
2122 6342
2122 6122
2122 2494
5956 6554
5956 6307
2123 8146
2123 8616
2123 2890
5779 9110
5779 9366
6497 8738
6497 7037
2126 2791
2126 5551
2126 5884
2126 3780
2126 4328
2126 4956
4956 7649
4956 7051
4956 8411
4959 7906
4959 7503
4959 6611
2128 7622
2128 9771
4892 8409
2131 2675
2131 5124
2131 6261
2131 2446
6261 8632
6261 8965
2132 9521
2132 3822
2132 4115
2132 2202
2132 7046
4115 9162
4115 7494
7046 8197
7046 7657
7046 9260
4908 9306
3250 4129
3250 6110
3250 9863
3250 6353
2135 8622
2135 9718
2135 6290
2135 4258
2135 9774
2135 4663
2135 2250
8622 9825
4663 5791
4663 7350
4663 9839
3668 5518
3668 3805
3668 4914
3668 7281
3668 8529
3667 6138
3667 8147
3667 9308
3667 6866
3667 8040
6923 8237
6923 9071
5080 7898
5080 6510
5080 6147
5080 8565
8721 9948
8721 9663
8721 9643
8721 9897
2140 5005
2140 9501
2140 3439
2140 3444
2140 6016
2141 5142
2141 4283
2141 3048
2141 8588
5142 8037
4283 4965
4283 8270
9148 9349
7257 7985
7257 8144
7257 9706
7257 7960
7870 9560
7870 8323
7870 8694
2145 3415
2146 3106
2146 4162
2146 2858
2146 8785
2146 8252
2858 6106
2858 9982
6915 8952
6367 8471
3734 3969
3734 4041
2150 5926
2150 8977
2150 6517
2150 7626
2150 9362
5926 6880
5926 9554
5926 8659
2152 4096
2152 8756
2153 7032
2153 4504
2153 4007
2153 2625
2153 6054
2153 6598
7032 8980
4504 4768
4504 9227
6054 9984
6598 9838
6598 7427
6598 7253
5874 6338
5874 9907
4443 9596
4443 6481
5932 8623
5932 8129
2157 4934
2157 8217
2158 5482
2158 6248
5482 7669
5482 9518
2160 3343
2160 2280
6680 8169
6010 8851
6010 9999
4519 4911
4519 6537
4519 8457
2163 7553
3220 9322
3220 9046
3220 5903
4951 6929
4951 6208
4951 7489
4935 5594
2171 7550
2171 8235
2171 3013
7550 9314
3013 9498
2172 2662
4604 8745
8922 9302
2175 7958
7958 8494
6278 6529
6278 8015
6278 8130
7988 8751
2178 8620
2179 5530
2179 2440
2179 3178
2440 3732
2440 9513
2440 5526
2440 9204
2440 7598
3178 8206
3178 7585
3178 5066
3178 6551
4083 8039
2183 9727
2183 6389
2183 4923
2183 3831
3831 5617
3831 5412
2186 4009
2186 4367
2186 8916
3223 8959
3223 6617
3223 5059
2188 2798
2188 7293
2188 4338
2188 2253
2798 8838
2798 3077
4338 9921
4338 8722
4338 5253
4338 5820
2253 7467
2253 7666
2253 5826
2253 8011
2190 7679
2190 9062
2190 2459
7679 9363
2459 6655
2459 5001
2459 5622
2459 5607
2459 6414
5998 6120
5998 6319
2193 8482
2193 9516
4699 9345
4699 8380
4699 9261
5246 7077
5246 7986
5246 8377
5246 5425
8259 8982
8259 9357
8259 9636
6115 9179
2196 4225
2197 8737
2197 2847
2197 4394
2197 3036
2847 5109
2847 3838
2847 7281
2847 9383
2847 6898
4394 5403
4394 8704
2199 8382
2199 4156
2199 9003
4156 7247
4156 4598
2200 9388
2200 7153
3134 9590
3134 7592
3134 9464
4832 5473
4628 6365
2204 9624
2204 2392
2204 6532
2204 7653
2204 5662
3699 8361
2206 9920
2206 2554
2206 9711
2206 4932
2206 3596
4932 9217
4932 7926
4932 5711
4932 5420
2207 6159
2207 6128
2207 3553
3553 6860
3553 7895
2209 4225
2209 7138
2209 9849
7138 7283
2211 4463
2211 9191
2211 3533
2211 3356
4463 8617
3533 6433
3533 5004
3533 5399
2212 6909
2212 3298
2212 8330
3298 4768
3298 9486
3298 5124
8330 8912
7384 9792
8256 8692
5609 7157
5609 6606
5609 9780
5609 8890
3372 4582
3372 8246
3372 5563
2787 4388
4153 7883
2218 6933
2218 3764
6933 8918
2219 3355
2219 8513
2219 3542
3542 7439
3542 7793
3542 6258
3542 6003
3542 9930
3542 5181
3542 9106
2221 3720
2221 7267
2222 2923
2222 3657
2222 5120
2222 4238
4238 9955
7118 9689
3011 9406
3011 7476
3011 7922
3011 5845
3011 7526
2224 9154
2224 2942
2224 3245
9154 9443
2942 5697
2942 4877
2942 4571
2942 4065
3081 3602
6006 6206
6006 7897
6006 8897
2226 4409
4814 8499
4814 7455
4814 9361
4814 4842
4263 5598
4263 8169
4263 5826
4263 5974
2228 2240
2228 4294
2228 3835
3264 9196
2231 5975
2231 9352
2231 9975
2231 5137
5975 6318
2233 4726
2233 8569
4726 7506
4726 6896
2234 5160
2234 2352
2234 9586
2234 8120
2234 9664
2234 4716
5835 9657
2875 7468
2875 9759
5972 9295
3254 5347
3254 8340
3254 5472
2238 5947
2238 3499
2238 5346
2238 2275
2242 6291
2242 4714
2242 5125
2242 2414
2242 3902
2242 9151
2242 3439
3902 6858
7392 8249
7392 7958
5451 5896
7759 9130
7759 9553
7146 8982
8227 9362
2247 7148
2247 3531
2247 8162
2247 6100
7148 7267
7148 7592
8162 9107
2785 9688
2785 6831
2785 6700
2785 5021
2251 9023
2252 3529
2252 8309
2252 7143
3529 7821
3529 5648
3632 4560
3632 9274
3632 4542
2256 2293
2256 7625
2256 6475
2256 5219
2293 8904
2293 4600
2293 3470
7625 8582
7625 9366
5219 8219
3464 6610
3464 6728
3464 6449
3464 6503
3570 4804
3570 9544
3570 7994
3570 5665
3570 8788
8735 9338
7970 8245
7970 8111
7970 9556
7101 8990
7101 9395
4999 7028
4999 5711
3537 7598
3157 4628
7985 8642
4929 8954
5727 6168
5727 9590
2269 5296
2269 6263
6263 8502
5680 6313
5680 9776
6881 9349
7441 9523
2272 7536
2272 2530
2272 2296
2272 8496
2272 7577
7536 8576
2274 4956
2274 7739
2274 7677
2274 5238
9245 9439
2640 4163
2640 9351
2640 9556
2640 3503
2698 7364
2698 6306
4032 8730
4032 6450
6805 7987
6805 7380
4053 7719
4053 4186
4053 4907
4053 9791
2278 7873
2278 4487
2278 8715
4487 9684
4487 6335
4487 8417
8715 9806
8715 9805
2279 3577
2279 9805
2279 6096
2281 7487
2281 9259
2281 4308
2281 2989
7487 8410
4308 8307
4308 5807
4308 7958
2989 2994
2989 7185
2989 9036
2282 4646
2282 2310
2282 5046
4646 7024
4646 7888
4646 8293
4646 7350
4646 5082
2283 8432
2283 8161
2283 2857
2283 4242
2283 4809
2283 9244
2857 2943
2857 4714
2857 7700
2284 5154
2284 8002
2284 4102
5154 6839
2285 5719
2286 6940
2289 8181
2289 7096
2289 4758
7096 8294
7096 8866
4758 9649
4758 5450
4758 6877
4758 4789
4758 8048
2290 8874
2290 7454
2290 6990
2290 4431
2292 5019
2292 9445
2292 5825
2292 7175
2294 7833
2294 4299
2295 6938
2295 8462
2295 6483
2295 7390
2295 4012
6938 7804
6938 9362
9032 9220
9032 9748
2300 3750
2300 7144
2300 3350
2300 7272
2300 6032
2301 3558
2302 5252
2302 3670
2302 2906
2303 7471
2303 8686
2304 7116
5976 7031
2309 9010
2309 3586
2309 5863
2309 6262
2309 6594
2309 5060
5642 6167
5642 5770
7525 8751
5613 5845
5613 9593
7275 7750
7275 8173
6920 7837
2314 7217
2314 6857
5107 5938
5107 5371
6955 9274
6416 9592
2318 5891
2318 4370
2318 5220
2318 5421
2318 3362
5220 6271
4975 5009
2949 4443
2949 9257
2949 6387
2949 9019
2324 8937
2324 5231
2324 9448
2324 3402
2324 7260
2324 9932
2324 3990
2325 4855
2325 9839
2325 4323
8655 9854
6914 8816
2330 2917
2330 7649
2330 9759
2917 5940
2917 8873
5148 9142
4067 5754
4067 8665
4067 6570
4067 9393
4067 6945
4067 6835
4067 9736
2334 9563
2334 9747
2334 6668
2334 7682
2334 6629
7682 9406
7682 9714
7682 8786
6629 8938
6629 8946
6629 7936
5405 9811
7128 9108
7128 8628
7128 7928
5773 7612
6879 9378
6879 8200
2339 6087
2339 3059
2339 4561
6087 9032
3059 9803
3059 8984
3059 8764
3059 5984
2340 5416
2340 6579
2340 3438
2340 3125
5416 8402
2341 8474
2715 5042
2715 8360
4194 4937
6793 8243
2345 6576
2345 3827
2345 8573
3827 4549
3827 6237
3827 6867
3827 5522
2346 4943
2346 6983
2346 3142
2346 9993
2346 9516
2346 9407
4943 6935
9407 9823
6545 6962
6545 8812
3903 6763
3903 4824
3903 9071
2348 9657
2348 8286
2348 5345
2350 6935
2350 8707
2350 3559
2350 5590
2350 3877
2350 6663
2350 9539
3559 9004
3559 4045
3559 7404
5590 7614
7132 7808
7132 8488
5143 9463
7634 9244
7387 8858
7387 9978
2355 2514
2355 8977
2355 3052
2355 8095
2355 4724
2355 9342
2355 9219
9342 9567
4831 5471
4831 9029
2357 3307
2357 8152
2357 5415
2357 6205
4397 6217
2361 5157
2361 5432
2361 5217
2361 9621
2361 6686
2361 3392
2361 4835
5432 8150
5432 7076
5432 8949
5432 7359
2362 8273
2362 4626
2362 5437
2362 7601
5437 8529
5437 5882
2364 3746
2364 7472
2364 4632
2364 2990
2364 3222
2364 6972
3746 8129
2990 5396
2990 9842
2990 8223
2990 7007
2990 5121
2990 6215
2365 4570
4570 5426
4570 7869
2366 8265
2366 3920
2366 7313
2366 4577
8265 9653
3920 4600
3920 6588
4577 6733
4577 7963
4577 9231
4577 7103
4577 5010
5868 8207
5868 8501
5868 6119
5868 7796
3898 6067
3898 4347
3898 5646
2382 2548
3339 4683
3339 9416
3339 7498
3339 5564
8682 9497
5588 8385
4109 8398
4109 5291
2374 5842
2374 7696
2374 8372
2374 2556
2374 3537
2374 9666
2374 6246
2375 2435
2375 3973
5438 9466
5438 5502
5438 9617
7571 8765
2377 3437
2377 3788
3788 4156
3788 8044
3788 8440
3788 7175
2378 3332
2378 5723
2378 2953
2379 2741
2379 2773
2379 4886
2773 6793
2773 5872
2773 5513
2381 5704
2381 5922
2381 9089
5704 7161
2417 9620
2417 4072
6523 8450
6523 7395
4406 5781
4406 8331
4406 6135
4406 8612
9125 9622
2388 8089
2388 5156
7158 7614
2391 7938
2391 9167
2391 9892
2391 5287
8087 9103
4202 7203
4202 8670
4148 7818
4148 5058
4148 9297
4148 9531
4148 6334
4148 8015
2946 9096
2395 7789
2396 7292
2397 6007
2397 7273
2397 4432
2397 8598
4432 6493
4432 4434
4432 8209
8598 9516
8598 9896
2399 5706
4796 9045
4796 6280
4796 7904
2401 5565
2401 8136
2401 7708
2401 7947
6489 9119
6489 7522
8628 9053
8628 9776
5085 5544
5085 7976
5085 5190
5085 8664
6151 7983
3567 3673
4045 7055
2413 4106
2413 7077
2413 9973
2413 8594
2413 2843
4106 9150
4106 7778
4106 9784
8594 9813
5339 7345
5339 6325
5339 9496
5339 6908
5339 9548
5339 5770
5339 6371
9309 9374
5557 8065
5557 7551
2419 6872
2419 8862
2419 6517
2419 7342
2419 2671
2419 4638
2419 5359
2671 4892
2422 9943
2422 8463
2422 8899
2422 6671
2422 3176
2422 4270
6671 8769
6671 7248
3176 6769
3176 3794
4270 7312
2424 8170
2424 9796
2424 8607
2507 8004
2507 3028
2507 3579
2479 9850
2479 6410
2479 4871
2479 9662
3143 5868
3143 6078
2428 6742
2428 3866
6742 9939
6742 9821
6742 9918
4984 8771
4984 9728
2431 2545
8068 9302
8068 8820
6537 8448
6537 7558
6537 6587
6537 8160
6537 7263
6568 9700
6568 9320
6568 7112
6496 7059
2438 4668
2438 5099
2438 6868
2438 4104
4668 6141
4668 8376
5099 5172
5099 9556
4104 6433
4104 9390
7587 9632
7805 8512
5526 8060
5526 9369
5526 6485
5053 5680
5877 6093
6687 9302
2443 2897
2443 3012
2443 9409
2897 9882
6939 8336
6939 8866
6939 7487
6538 7869
2948 5158
2948 4604
2948 7367
5930 8022
8198 9546
2449 2873
2450 8514
2450 6658
2450 7761
2450 5088
2450 5187
2450 4471
2450 2567
5088 8187
5088 9360
5088 9520
5088 5799
4471 6655
4471 8707
4471 6105
3588 9539
3588 8308
6781 8666
6781 9240
2452 5709
5709 5733
5709 6248
5709 8723
2453 7070
2453 5715
2453 9773
2454 5966
2454 9886
2454 4678
2455 6309
2455 9019
2456 2768
2456 5852
2768 8277
2768 8202
2457 3517
2457 5521
2457 6809
2457 4604
6809 9591
6809 7928
2458 3795
5622 8564
6676 8946
2866 4193
2866 3774
2866 4591
3097 7143
3097 4720
3097 3768
3097 7346
3097 7943
3097 8206
3097 6683
4207 4975
4207 9763
4207 9389
4207 7486
4207 5194
6751 8016
6751 8438
6751 7846
2748 7252
2463 3162
3138 4254
7297 7855
2467 4748
2469 6262
2469 9107
2469 6897
2470 6948
2470 9645
2471 8414
2471 7385
4459 5369
4459 8521
7389 9695
7389 7713
7389 9396
7389 9117
8183 9010
4982 5973
4982 7391
4982 6059
4982 5669
3146 6454
3146 6858
3146 4934
4918 7415
6072 6863
6072 8944
7597 9098
2482 6794
2482 3543
2482 6291
2482 3791
3791 6652
3791 9003
3791 5515
7134 9255
7134 9858
3740 6650
3740 9843
3740 3793
3740 9629
2486 4917
2486 3267
2486 8535
7859 7906
7859 7990
5838 9136
5838 5934
5838 6044
5838 6763
5838 8256
2488 4474
2489 9803
2491 9781
2491 4100
6094 9773
4339 4475
4339 7108
4339 7254
4339 8349
2495 4597
2495 5561
2495 3173
5561 6378
5561 6904
3536 7045
3536 6907
3536 6426
2499 7842
2499 9591
2499 5692
2499 9450
2499 5595
2499 6206
9287 9375
2501 5303
2501 9645
2501 3808
5303 5761
5303 9087
5303 7529
5303 9123
8566 8672
3613 9240
3613 6017
3613 3847
3613 7973
2505 9596
2505 8825
2505 4869
2505 4697
2505 7972
2505 6987
2505 5792
2505 3522
4869 8075
4869 8672
4869 6723
6987 7380
6987 7358
6987 6992
2506 8699
2506 4189
2506 3693
2506 6523
2506 8855
4189 4672
4189 9784
4189 6134
2508 6355
2508 8796
2508 6536
6536 9281
6536 9501
7580 9340
3453 6495
3453 4350
3453 7408
4261 9070
6772 8436
6772 8593
6772 8844
2512 6283
2512 5992
2512 6603
2512 6794
2512 6521
2512 4055
2512 3337
5992 7360
5992 8691
6521 8000
6521 7018
4055 6336
3337 4948
2513 4705
2513 7623
2513 3136
2513 8741
3136 4552
9276 9293
5319 6729
5324 9903
5324 6488
5324 9668
5324 7390
6056 8751
6056 6346
6056 7405
2517 4635
2517 9430
2517 8660
2517 9495
2517 4871
2518 8723
2518 7644
8723 9734
8723 8981
2519 8890
9009 9423
2658 3689
2658 4549
2658 8454
2522 4682
2522 6943
4933 8891
4933 6615
4933 7676
4933 9340
5867 9635
5867 5898
5867 6324
6241 6947
5172 8703
5172 5761
3759 8274
3759 5472
3759 5542
5614 8967
2526 6365
2526 5309
6365 8783
6365 7973
5309 8244
2527 6358
2527 9033
2527 5067
2527 9644
2527 6195
2527 8417
6358 9242
2529 7296
2529 9935
2529 6923
2529 7444
2529 2961
2961 9919
2961 8003
3179 4360
3179 3549
3179 7397
7038 9814
2531 4541
5035 9240
5035 6894
5035 5458
2535 5815
2535 3366
2535 3582
2535 7806
2536 5369
2536 6509
2536 7766
2536 9052
2536 9818
5369 7346
6509 7172
6509 7451
7766 9651
9052 9320
6543 7673
5777 5806
5777 7373
5777 6263
5777 6727
5777 9249
2723 3603
2723 6859
2723 5431
2723 7403
2723 6915
4594 6305
4594 8836
4594 8962
4594 6309
4594 8152
2540 8490
2540 4401
2540 8097
2540 3881
8490 9186
2543 9551
2543 3555
2543 5166
3555 7556
3555 3612
2546 4463
2546 2761
2546 5912
2546 4815
2546 9409
2761 3734
4815 6314
4815 4864
4815 5404
4815 6481
7334 7719
9028 9592
5665 7942
2552 3598
2552 7294
2553 8300
8300 8686
3958 6621
3958 9814
3958 6569
3958 6198
3958 8596
2557 9303
9303 9805
3760 9391
3760 5007
3760 5341
3760 6540
2861 5780
2861 8959
2562 8099
2562 7693
8099 9329
2563 4564
2563 6382
2563 8904
2563 5637
2563 7492
4564 7249
5637 7940
5637 8182
5637 5768
7492 8639
2564 8424
2564 6999
6386 6665
6826 7918
2568 3557
2568 4048
2568 7734
3557 6026
3557 5788
3557 7163
7734 9945
7734 8900
2570 6432
2571 7385
2571 8114
2571 5576
6082 8069
6082 9859
3323 9301
3323 6873
3323 4489
3323 8164
3323 9483
2576 9293
2577 7697
2577 8754
2577 4054
4054 5059
4054 9182
4054 6520
4054 5286
6142 9772
5010 6936
5010 7737
5010 7852
5010 6886
5010 9642
2580 8563
9498 9735
2582 3915
3915 7835
8110 9626
8110 9898
3600 4511
2586 4550
2586 6644
4550 4618
2587 3961
2587 8524
2587 2740
2587 3435
2740 7322
2740 5986
2740 7202
2588 5127
2588 7835
2588 7518
2588 5551
5127 6742
5127 7993
2589 2798
2591 6657
2591 5830
2591 6365
2591 2914
2591 4589
2591 3013
2591 8047
8047 8197
8047 8489
4051 6788
2594 7212
2594 9737
7212 9954
5599 7181
5599 7176
3285 5892
3285 7031
5466 7539
5466 7274
5466 5750
5466 5851
5466 6702
9238 9685
2602 7277
2602 9224
2602 9351
2602 5297
2602 2888
2602 9641
9351 9930
2603 3059
2603 3153
2603 2732
2603 9125
2603 3852
2603 6649
3852 5655
2604 3857
2604 9543
2604 5616
2604 8206
2604 7951
5616 8186
5616 8380
4058 8809
4058 8499
4058 5714
4058 5614
4058 5974
4058 6881
4058 9918
5585 8960
4410 5177
4410 5487
4410 9915
4410 6101
4410 7394
8537 9277
8537 9587
5366 7724
5366 6581
2613 4238
2613 7409
2615 4563
2615 6216
2615 5978
9274 9459
9274 9553
2617 7053
2617 4763
2617 3242
7053 9986
7053 7321
3242 8973
3242 7933
2618 4722
2618 9163
2618 7697
2618 9482
2618 9377
5453 6783
5453 8808
7019 7242
7019 7328
5937 8500
5937 6625
5937 7550
5937 7998
2623 8942
2623 8268
4404 8360
4404 5466
4624 8282
4624 6959
4624 6094
3336 5569
3336 8839
3336 8950
4074 7674
4074 7068
4074 8095
4074 6529
3141 9134
3141 7764
3141 5011
3141 4516
3141 8753
3141 5780
3141 4395
4336 7139
4336 7937
2628 6881
2628 4691
2628 4415
7395 9057
7395 8675
2634 4583
2634 3153
7263 8145
7263 7841
2636 3005
2636 3060
2636 5154
2636 8099
2636 8362
2636 4206
8362 9649
8369 9348
7436 9628
7436 8780
7436 9456
7436 8746
4163 5382
4163 7095
3503 8347
3503 7334
3503 4806
3503 6006
3503 7527
6192 8111
2642 4614
2642 5090
4291 6045
4291 6639
4291 8336
2677 8781
2677 7239
2677 8807
6196 7654
6196 7800
6196 6811
2645 6927
2645 3092
2645 9610
3092 8968
3092 6873
3092 4082
8739 9017
2648 7362
7362 9345
7362 7817
5286 8332
5286 8961
5286 6922
5286 6190
5286 7198
5286 5617
6507 7438
2650 6518
8434 9850
8434 9328
3541 6085
3541 4446
3541 9148
2655 9505
2655 3594
2657 2684
2657 6460
2657 5807
2657 2710
2660 4814
2660 3677
3677 5263
7225 7542
5485 7636
2664 5366
2664 9106
2664 4709
2664 6303
2664 5471
2665 3345
2665 3465
2665 4363
3465 9420
3465 3565
4363 9765
4381 6694
4381 8751
2667 3264
2667 9850
2667 8297
2667 3961
2667 9295
8297 9602
2668 6580
2668 7544
2668 8098
2668 3250
2668 3836
2668 6000
7544 9664
8098 9003
6000 6571
6000 8019
6000 6614
2743 8341
2743 5582
2743 4593
7605 9676
2673 9867
2673 9878
2673 8247
2673 9652
2673 7857
7857 9241
3262 8400
3262 4975
3599 6170
2729 3303
2729 7398
2729 6929
7239 8845
7239 7915
7239 7453
6170 7633
2921 5624
2921 5055
2921 3923
7123 9245
7123 8850
6718 9528
6718 9775
5755 6824
2683 3271
2683 6170
2683 9746
4470 4996
3896 9007
3896 4113
2688 2734
2688 3972
2688 7838
2688 3942
3972 9918
3972 7031
3942 8423
3942 7573
3942 4340
2690 3156
2690 6416
2690 8783
2690 5983
2690 7848
2690 9893
2690 6506
5983 7254
2692 7961
2692 7005
2692 7576
2692 5631
7576 8567
5631 7617
5631 9969
2693 5726
2693 9991
2693 5422
5422 8571
5422 8936
5378 7367
3838 6888
3838 4810
3838 9050
3838 5313
3838 8064
9011 9870
5487 9528
5487 8841
5487 9320
5487 8813
5487 6281
5052 9210
5052 7267
5052 5888
5052 7047
3564 7858
3564 4424
3564 7832
2700 8251
2700 9368
2701 9550
4322 6521
4322 9930
2705 4342
2705 9812
2705 4406
2705 5849
2705 8458
2706 5807
2706 6441
2706 8809
6077 9202
6077 9730
2708 3294
2708 2984
3294 3409
3294 4818
3481 7312
3481 4450
2711 8240
2711 3754
2711 7685
8240 9384
7910 8589
7910 8624
7910 8906
7910 8938
2714 5597
2714 4533
2716 4314
2716 3067
2717 7405
2717 3183
2717 8713
2717 8327
2717 5621
2717 4001
7405 9091
7405 9146
5621 5869
5621 8503
5621 9695
4001 7917
4001 4620
5862 6374
5862 9182
5862 9220
5862 7628
7860 8057
7860 9850
2999 8418
2999 7746
4240 9552
3123 7434
3123 5885
3603 3832
6859 8759
6859 9362
6859 7685
6859 8921
2724 8498
2724 2787
2724 3037
3037 7865
3037 5823
3037 6888
3037 5087
2727 6793
2727 5519
5915 8565
5915 7776
3303 5505
3303 6934
3303 8879
3303 5015
2730 3486
2730 3752
3486 6235
3486 8773
3486 6388
3486 6776
3486 7568
3752 9155
3752 8410
5822 8523
2733 6959
2733 5326
2733 4231
2733 9394
2737 6860
2737 8883
6860 8114
2738 3823
2738 8957
2738 4157
4157 8671
4157 9848
4157 9083
4157 8835
2739 5733
2739 7702
2739 5395
2739 3777
3777 7827
3777 4480
3777 9402
3777 9203
3777 7979
7322 9332
7202 7507
7202 9789
5170 9810
5170 8985
2742 8497
2742 3784
4593 5378
4593 9096
4593 6762
2746 7188
2746 3000
2746 2843
2746 5911
2746 9951
2746 7409
7188 7421
7188 9228
5911 8688
6777 8428
7252 9696
6126 7221
2751 6649
2751 3206
4991 5044
6433 9517
6563 6713
6563 9773
6563 9906
5111 6166
7936 7957
7936 8360
7936 8806
2757 9844
2757 8968
9844 9856
2759 3037
2759 9329
2759 5643
5643 9531
5643 9890
5643 8115
5643 7011
8845 9258
8845 9819
2766 4995
2766 9956
2766 9519
2766 6350
2766 8841
8117 8454
4769 5912
4769 7094
4769 9703
4702 8316
4702 5831
2769 9717
2769 4599
2769 4819
2769 9050
4819 6679
4819 5604
2772 5171
2772 9133
2772 4291
2772 4312
4312 7293
4312 5632
4312 7660
4312 8158
4312 6799
8344 9924
8344 8824
7795 9435
7795 8393
3152 4933
3152 3863
3152 6836
3152 3492
7210 9672
7210 8802
2778 6283
2778 8160
2778 9697
2778 3112
2778 8883
8065 8393
8065 9807
3268 8505
3268 8028
3268 5852
3268 3679
3268 8555
3268 3670
3268 9347
2783 8120
2784 3442
6831 9861
6831 9937
6700 7174
6700 7319
6685 8002
6685 8655
7379 7831
2793 4297
5979 8420
5979 6929
5458 7030
3077 8846
3077 3630
2799 6732
2799 8716
6732 9971
2806 6900
2806 8569
2806 4172
2802 9135
2802 9468
2803 6013
2804 4384
2804 3612
2804 8138
2804 8839
2804 7958
3612 4496
3612 8342
3612 7939
8839 9925
2807 3661
2807 4617
2807 3238
2808 6643
2808 5956
2808 6530
2808 8501
6643 9215
6643 7525
6643 9881
2809 9881
2809 6416
2809 7613
7613 9074
2810 7263
2810 9357
2810 4943
2811 3242
2811 8762
2811 6775
8762 9535
8762 9372
6775 7483
6775 8911
6775 9075
2812 8650
2813 6258
2813 4477
2813 4038
2813 4223
2813 8438
2813 3663
2814 9325
2814 9158
2814 5642
8027 8602
2817 8737
2817 3334
2817 5372
2820 4299
2820 9787
2820 3126
2820 2988
2820 9546
5291 8664
5291 9229
3685 4899
3685 7797
3685 4813
3685 8135
3685 8734
3685 4764
3685 6684
2826 8176
2826 7972
2826 7653
2826 8279
6140 7094
5771 8867
5771 9463
5771 6340
5771 6358
4136 9336
4136 9143
5344 8242
5344 5624
5344 8852
5344 7116
2832 4538
2832 8706
2832 9901
2833 8748
2835 9833
2835 9721
2835 4100
2836 9433
2836 5460
2836 3144
5460 5874
5460 6971
3144 8005
6446 9576
6446 7235
5381 6757
2840 7594
2840 5773
2840 9267
2840 5725
2840 3812
2840 9805
3812 3921
3812 8150
3812 4388
3812 7670
3642 7322
3642 4516
2844 2941
2941 6838
2941 7022
2941 5775
2941 6475
2941 7041
7281 9296
6118 9460
6118 6828
2881 5824
2881 4932
9553 9640
3247 5530
3247 3322
3801 6829
3801 6031
7570 7627
7570 8541
7570 8701
2943 3518
2943 8312
2860 6245
2860 8664
5780 9825
5780 6123
5780 9706
6613 8293
4789 6232
4789 7076
7948 7980
6155 6352
6155 9749
4618 7621
4618 4824
3243 9790
3243 7281
3243 9247
2870 6511
2870 5197
2870 8513
2870 3495
3495 7105
3495 6633
2871 9375
2871 7011
2871 6674
2871 4440
2871 4459
7011 9011
4440 9358
4440 4572
2872 7042
2872 8287
2872 7094
2872 8906
7042 8726
7042 9838
7094 8602
7094 8481
7094 7359
6977 9372
6977 8449
2877 3702
3702 3968
2878 3356
2879 8332
2879 4214
2879 3585
2879 5134
2879 5618
2879 8570
2879 7617
5618 9583
3701 7353
3701 5639
3701 5713
5824 7426
2882 3286
2882 8654
2882 6126
2882 6525
2882 6186
6186 9351
2886 5364
2886 9639
2887 4659
2887 3241
4482 7916
4482 8788
4482 6788
2893 5541
2893 9376
2893 3359
2894 4064
2894 8987
2894 4163
2895 7357
2895 8571
2895 3739
2895 6826
8760 9258
3646 9335
3646 6229
3646 5129
3646 4367
3646 9037
7769 8266
6348 6532
6348 8480
2900 8047
2900 6130
2900 3762
2901 3633
2904 7860
2904 6299
2904 3582
6299 8700
5200 9982
5200 5917
5200 5425
3283 5813
3283 9569
3283 7466
2907 4275
2907 8082
2907 3323
2908 7258
2908 7661
2908 3163
2908 8039
2908 3075
2908 8879
2911 6141
2911 5844
2911 6714
2911 2934
6141 9421
5844 8202
5844 6340
2934 4631
2934 2966
2913 6223
2913 9869
2918 7041
2918 3363
2918 6609
7041 7935
7041 8239
7041 9826
6609 7976
2919 8676
2919 3556
3556 8093
3923 4733
3923 8785
3923 5843
3923 8824
3923 7026
2922 9591
2922 6951
2928 9223
2928 8647
8647 9297
5828 7083
4523 5008
4523 4630
4523 5808
4523 6217
4523 5060
3489 4403
3489 8258
3489 4753
7009 8932
4631 6314
4631 5429
4631 5791
4631 4809
2966 3590
2935 7950
2936 5300
2936 5051
2936 4317
2936 9626
5781 9744
3922 6659
3922 8019
3922 7980
3922 4370
4366 4906
4366 9798
4366 9365
4366 5864
2940 4295
7022 8633
7022 8892
7022 8263
5697 9639
5697 9187
5697 7923
4065 5601
4065 9213
4065 6831
4065 7350
4065 4345
4065 4719
4503 4642
8018 9916
3055 8242
3055 7908
7501 9765
7501 9672
7501 8947
5857 6155
2951 3438
2951 8786
2951 6786
2951 9240
6297 7927
3474 6779
3474 9912
3474 6090
3474 9678
4461 9634
4461 9467
4461 8500
4461 4866
4461 7464
7006 8128
7006 8178
2963 5890
2964 9596
2964 5720
2964 4764
5720 8744
5720 9993
5265 7772
7184 9418
7184 7710
7184 7956
7184 9274
2970 9638
2970 5688
2970 8424
2970 7873
2972 6852
2972 5956
2972 3303
2972 3281
2972 9800
3281 3326
3281 9323
3281 8647
3281 8426
3281 6952
3281 5245
3281 7897
2973 9979
2973 9010
2973 3515
2975 9699
2975 6800
8318 9796
2978 9753
9434 9512
8070 8546
2980 3897
2980 6712
2980 9066
2980 6064
2980 5730
7015 8213
7015 7061
7015 7590
7803 9651
7803 8865
3487 5114
3487 7514
4753 8330
5155 8690
8586 8874
2994 3003
2994 7694
5396 8848
5396 5844
5121 7155
5121 7495
5121 7165
2991 4306
2991 7903
2991 7264
2991 9444
2991 8872
4306 7960
4306 9052
4306 8519
4306 5714
4306 7585
4306 4724
2993 3348
2993 5801
2993 8435
2993 6281
7694 7977
7694 7860
2995 5620
3894 5773
8629 9381
2997 9565
2997 5617
2997 8128
2997 5397
5397 9704
5397 7490
5397 7188
8418 8770
8418 8573
7941 8328
3002 5264
5264 9474
5264 9944
5264 9788
5264 8911
3514 5246
3694 4444
3694 4932
3694 8927
3694 4541
9215 9503
3006 4335
3006 4782
4335 6237
3007 4125
3007 9000
3007 4176
3007 6479
4125 8661
4125 8645
4125 8246
4125 7466
4176 8481
4176 4650
6479 6864
6479 7909
6479 9305
6479 9942
3878 5698
3296 6573
3296 7745
7476 8524
7476 9204
7922 8248
5845 7584
8595 9062
8358 8657
8358 9121
7426 8146
7647 8309
3847 4216
3847 6524
3847 9134
3017 4753
3017 5710
5710 8513
5710 9182
5710 7303
5710 9840
5710 9192
3018 3747
3021 6113
8693 9904
3023 3962
3023 9194
3962 4429
3962 7950
3027 9102
3029 5794
3029 5019
5794 6802
7100 7624
7100 7305
5566 7415
3551 6496
3041 8913
3042 4445
3042 9582
3042 5635
3042 7776
5635 8721
9338 9960
3044 5289
3044 6358
3044 5279
3044 7235
3044 8140
5289 5388
5289 5916
5289 8573
5289 8277
5289 7331
5289 9203
5289 6657
5289 9233
5289 5724
5279 9982
5279 5770
7235 7994
3955 4113
3955 6666
3049 9412
3049 5522
5522 6451
5522 7120
3050 6143
3056 8110
3056 3438
3056 5224
5224 5933
5224 7479
3057 6133
3057 8273
3057 7415
3057 5559
3057 9857
3057 6707
6707 8878
3062 4478
3062 4546
3062 7895
3062 4671
3062 5577
3062 4880
3062 9205
3062 6437
4478 6003
4478 5648
9205 9427
8861 9419
8861 9722
3065 8042
3068 8894
3068 8065
3068 3948
5683 8274
5832 6946
3840 7321
3840 6402
3265 9922
3265 9386
3074 4249
3552 4566
3552 5718
3552 7628
5294 6698
4030 5246
4030 4650
4030 6296
4030 5089
4799 9786
3917 4227
3917 5846
3080 3943
3080 4736
3080 8195
3080 7892
8195 9720
3602 5874
3082 7101
3082 8451
3082 7845
3082 5267
3083 6105
3083 4685
6105 6691
6105 9999
7120 9612
3087 8871
3087 9531
3087 8967
8871 9128
3089 9513
3089 5651
3089 9256
3089 3718
3089 4580
3089 5899
5651 8810
5651 6617
5651 8336
3718 7813
3174 4385
3174 5060
3174 7783
3174 6150
3174 8421
3093 4129
3093 6390
3093 4815
3093 9656
6390 7326
3095 5501
3095 6131
3095 4263
3095 8699
3095 4009
3455 7135
3455 7139
3455 5865
3768 5067
3768 8295
7346 9379
3098 4436
3098 5752
3098 9794
4436 8852
4436 4825
4436 4733
5752 8120
5752 6463
3100 9577
3102 8936
3102 5154
3102 4391
4391 7547
4391 9206
4391 5529
4391 6174
4391 6576
8648 9904
8795 9786
6315 9035
6058 7514
3107 8599
3107 7411
3109 4415
3109 3994
3109 3337
3109 7668
6002 9353
5871 6066
5871 7252
5871 8717
3117 3853
3117 4780
3117 8415
3117 8079
8079 9711
3120 8987
3120 9681
3120 5095
3120 9790
5095 7140
5095 8318
5095 6870
5095 5337
6810 7811
3122 4006
3122 6768
3122 7171
3122 6977
7171 7437
7171 9238
3845 3897
3845 9510
3845 5546
3845 4696
3127 5717
3128 5388
3128 5705
3128 6673
3128 8930
3128 4339
5705 8050
6673 9112
3129 5478
3129 4404
3129 7885
5478 6207
7885 9093
3130 8159
3131 3947
3131 5426
3131 9561
3132 5349
3132 8745
3132 7932
5349 8035
3133 5167
5167 6856
5758 9067
3140 7453
3140 6366
3140 7470
7453 8044
7453 9666
4516 6680
4516 9362
4395 8795
4395 7087
4395 8169
6078 9716
6078 6529
3145 8344
3145 4517
3145 8918
6858 7595
6858 9643
7762 9934
3148 4797
3148 7843
7843 7943
7843 9682
7658 7927
3150 8334
3150 5150
3150 4601
3150 9161
3150 8936
4601 4975
4601 8791
4868 6479
4868 6590
4868 9250
4868 8168
4868 9983
3155 5424
3155 8198
3160 3186
3186 9620
3186 4109
3186 9898
3186 7091
3186 7448
3186 5450
6498 9474
6498 9301
4310 7055
7306 8625
3165 6117
3165 4491
3165 8423
3165 6061
3165 8002
6061 7299
6061 6185
3166 8584
3166 9817
3166 4958
3169 8807
3169 7617
3169 3424
3170 9536
3170 4192
3170 3610
3610 4601
3610 8763
3610 4221
3610 6575
6150 7323
6150 8959
3175 3652
3175 9320
3177 9390
3177 5346
3177 8768
3177 6121
3177 4292
3177 8328
6121 7444
6121 8162
4292 5949
4292 9715
4292 6897
4360 8246
4360 6750
7397 9134
7397 9694
7397 9687
3180 7214
3180 5264
5356 9682
5356 9934
5356 7950
5356 8207
3202 4412
3202 3405
3202 9183
3185 4643
3185 4554
3185 9190
3185 4703
3185 3643
3185 3639
4554 4804
4554 9270
3643 5328
3643 4444
3643 9903
3639 9459
3639 7248
3639 9388
5450 7470
5450 6463
5450 6170
4355 4887
4355 9906
4355 6490
3188 7533
3188 5542
5542 8803
3189 8908
3189 3698
3190 7883
3190 3629
3190 3349
3461 8447
8568 9596
8568 9883
3193 4222
3193 8957
3193 3731
3193 5861
4222 4655
4222 9896
4222 9599
4222 8554
3731 5395
5861 6708
5861 9141
6153 7100
6153 6984
6153 8487
6153 9311
6153 6432
5322 5906
5322 6987
3197 8789
3197 5289
3197 5334
3197 8709
3197 3416
3197 5643
3416 9982
3416 8716
4771 8128
4771 7930
4771 4941
4771 7122
4771 9712
5184 8408
4794 7152
4794 5609
4794 6677
8165 9839
3200 4542
3200 8185
3200 9491
3200 6561
3200 5954
3405 3914
3405 9260
3405 5054
3405 6365
3405 4508
3203 5955
3203 7458
3204 9756
3209 5525
3209 8102
4812 7248
4812 6958
6147 9618
6147 7946
6147 9550
3215 3581
3215 7023
3215 9403
3216 5528
3216 4076
3216 8959
4076 5159
3219 7269
3219 5293
3219 6397
3219 3566
3219 7717
3219 6141
3219 4887
5293 6033
3566 8987
3566 9657
5903 7965
5059 7985
5059 9454
7906 9194
7906 8384
3229 6080
3229 7443
3229 8692
3231 9322
6098 7907
6098 7883
6098 8363
5277 8353
5277 7555
4928 9453
4928 7748
8870 9333
6741 9236
6741 8588
7915 9603
7024 8996
3249 8864
3249 6694
3249 7124
6694 9978
3252 5403
4630 7115
4630 7898
5347 5724
5347 8273
5347 8457
3255 5335
3255 3308
3255 8165
3255 6136
3255 5165
3308 4342
3308 4642
3308 6990
3308 5507
3256 5998
3256 4609
3256 4954
3256 7738
3256 5159
3256 3672
4609 4959
4609 8595
5159 7485
5159 9500
5159 5744
3672 5469
3672 4705
3672 6519
3260 3889
3260 6547
3260 6799
3889 9956
3889 9927
3679 6638
3377 6862
3377 5509
4022 6197
4022 9529
5887 9091
5887 8829
8793 9160
3273 9144
3273 4124
3275 7610
3275 4570
3275 8599
3276 3580
3276 4207
3276 8172
3278 7978
3278 7755
3278 5014
5014 6446
5014 7287
4486 4666
4486 9321
4486 5227
4305 8574
4236 8027
4236 5717
9323 9926
5352 8299
5813 5943
5813 9772
5813 7131
9569 9637
3284 3354
3284 9235
3284 4705
3284 5885
5664 8034
3288 4032
3288 8064
3288 7925
3288 9195
3288 5065
3288 6758
8064 9573
5065 5531
5065 6118
5065 7016
6758 7802
3291 9861
3292 9408
3292 9008
3292 4814
3292 5331
3292 6630
3292 8197
8197 8678
3295 5692
3295 4898
4768 7521
4768 6218
4768 8176
4768 8052
3299 5519
3299 7951
3299 7754
3299 9497
7754 9088
7754 9206
7754 9875
5505 9151
5505 8466
5505 7774
5015 5480
3306 4341
3306 6825
3306 9454
3306 9087
4341 6703
5507 6490
5507 9664
5507 9966
5507 7159
5507 5879
5507 9582
3309 8850
3309 3936
3309 7052
3314 5239
3314 7582
3314 3315
7787 8706
3318 9988
3318 9639
3318 5310
9039 9894
8343 9167
8343 9291
9301 9376
4489 8986
4489 5596
4489 6883
8164 8243
8164 9553
8164 9733
6089 6206
3325 8354
7328 7919
7328 9861
3331 5461
3804 9651
3333 9622
3333 6006
3333 6950
3333 8019
7045 8237
3338 6650
3338 7818
3338 4470
5564 8463
5564 8480
5564 9657
4218 9155
4218 9210
9016 9704
3480 3702
3480 5975
3480 7393
3480 6678
3480 7189
3480 8762
3480 3981
3647 8811
3647 4447
3647 3937
3647 6120
3351 7132
3351 5175
3351 5152
3351 5500
3351 4700
3351 6799
5500 7831
5500 8777
5500 9792
3708 3835
3357 6739
3358 8731
5308 8582
5308 5976
5308 6675
3490 4429
7684 7768
7684 9669
8107 9051
8107 8500
5195 8864
3371 8960
8246 8794
5563 9714
5563 7849
5563 5611
5563 7779
3374 5865
3374 9135
3374 6493
3374 7935
3374 8679
3374 4463
3374 9853
5865 8299
5865 7911
6493 9320
6493 9128
8679 9720
3946 6906
5509 8174
5467 8542
3380 8464
3382 3811
3811 9477
3811 9641
9371 9948
7691 8230
3700 8899
3700 7256
3700 4104
3700 4127
3387 7135
3387 4068
3387 9449
3389 3788
3684 5387
3684 5321
3684 7558
7758 9894
3396 8874
3396 9587
4019 7705
4019 4979
4019 7388
4210 9009
4210 4440
9663 9705
5093 5543
3400 7933
3400 9406
3400 6699
3400 7568
5811 5993
5811 6401
3403 4150
3403 5030
4150 8577
4150 8892
3404 6912
3404 5089
3404 5156
4508 8937
4508 4970
3408 3786
3412 3998
3412 7027
3998 8850
3998 5711
7180 7631
3417 5843
3417 8348
3417 9035
3420 7007
3420 8394
3420 5466
3420 3454
3422 8218
3422 7037
3422 3587
5028 9241
5028 7661
6642 6984
6642 8192
7614 8652
6020 9038
3426 7460
3426 5593
5593 9427
3427 7371
3427 8164
3427 3754
3427 7226
3427 6747
3427 5540
7254 8886
7254 9218
4255 4764
4255 8277
5306 6727
5306 6429
4247 8353
4247 9339
4247 8678
3433 6998
3433 5518
5518 9063
5518 6178
5518 9939
9791 9965
6979 9166
7537 7672
6311 8024
6311 9590
5429 6371
7698 9338
4654 5124
4654 8877
4654 5242
4654 5718
7469 9477
7469 9454
7469 8940
3450 8197
3451 4409
7505 8163
5097 6010
4460 8517
4460 9539
4460 7674
8447 9384
4927 8785
4927 6318
4927 8042
4927 7871
4927 8021
9420 9807
3565 5727
3565 6183
3565 5286
3565 5939
3466 4630
3466 6314
3466 5168
6314 8997
3467 6403
3467 8898
3467 7392
4675 9766
4675 5934
4675 5828
4675 9059
3469 8147
3469 7203
3469 5470
3469 4067
3469 4461
3469 9529
3469 6299
3469 7663
8626 9561
3472 6700
3472 5075
3472 4807
3472 7547
6779 8028
6779 9309
9912 9954
4483 4856
4483 6751
4483 7911
3477 9264
3477 8907
3477 5782
9264 9525
9264 9614
5782 5821
5782 7082
3478 9287
3478 9329
3478 4171
4450 9528
4450 5220
3483 3661
3483 3651
4142 4750
4142 9252
6861 7054
6235 9117
6235 6461
8773 9541
8773 9559
8773 9686
5114 9155
5114 6994
5114 7116
5114 6529
5114 7039
6383 8933
6383 7659
8066 8567
3491 7045
3491 5996
5996 6544
5996 9263
4607 8639
4607 8047
4607 6582
4607 7802
8396 9499
7968 9480
7968 8541
7968 8083
3494 4655
3494 8095
3494 5105
3494 6599
3494 6938
6599 7769
5363 6132
5363 7801
5402 5943
5402 8368
5402 9395
7431 9819
7431 8985
7431 8294
5456 9399
5456 9692
6458 9812
8645 8916
8645 9715
3510 9034
3510 5616
3510 3688
3510 6589
3688 4223
3688 4361
3688 5705
3688 8672
6589 9471
6589 6649
3512 4698
3512 6928
4383 6971
4383 8124
4383 4682
4383 9566
4383 7957
3520 9087
3520 9431
3520 7383
3520 9264
3520 8680
8680 9102
6368 9890
6368 7566
6368 6399
8491 9818
3525 9672
3525 8123
8941 9820
3532 9076
3532 5874
3532 4526
3532 9339
3532 3663
5004 6854
5004 6608
3535 4919
6907 8954
6426 8706
6426 8591
3538 4509
3540 4769
3540 6348
3540 5192
3540 4187
6085 8073
6085 6671
7439 8863
7439 8128
7439 8988
6003 7732
6003 7497
5181 5747
5181 8809
6492 8934
3545 8259
3545 3862
3547 5958
3547 9361
3547 4451
3547 7454
5958 8547
4451 4650
3548 7991
3548 7739
3548 5235
3548 5236
3548 8876
3548 5373
3548 4359
5235 9148
5235 5676
5235 7875
5236 5898
6373 6914
6373 9616
7317 8654
7317 8337
7317 9072
4566 4981
4566 8429
4265 4385
4265 5597
4265 8360
4265 6986
4265 5952
8093 9350
6026 7312
5788 6629
5788 7476
6242 7399
6242 8359
8698 8741
4973 8401
4973 6365
3562 7650
3562 8963
3562 4338
3562 4234
7832 9311
6183 9495
6183 9394
3673 7187
3673 9754
3673 5889
3568 7295
3568 6076
3568 5420
3569 4420
3569 4115
4420 9710
4420 8376
4420 5954
4420 6930
4650 6790
4650 6110
4650 5996
4650 6090
4650 6878
7074 8406
6905 8488
5808 9430
5808 8221
5808 7973
5496 9981
5496 6376
5496 8751
5496 9458
4744 8115
5489 7008
5489 9887
4557 6938
7191 9117
7191 7369
3589 4587
3589 3651
3589 9925
3593 5984
3593 8610
3593 7144
3744 9700
3744 9898
3744 7872
3744 5792
3744 7823
4511 5863
4511 5182
7430 9516
7430 9246
7884 9951
5119 8260
5119 6340
3606 9660
3606 8244
3606 4749
3606 6011
3606 7875
3606 7738
9660 9809
7875 7935
6250 7556
5116 7331
5116 5873
5116 8069
6585 8432
7939 8981
9658 9757
3617 7364
3617 4164
3617 5977
4164 9901
4164 7272
4164 5371
4164 4259
3618 5889
3622 4806
3622 6096
3622 4303
3622 9046
3622 6813
3634 9118
3634 8107
6989 8065
6989 7726
3636 5693
3636 5903
3636 5238
3636 9264
5343 8927
5343 7808
3641 8622
3641 9012
3641 3871
3641 8356
4444 6249
3644 6094
3644 5549
7881 9177
3654 8923
3654 6804
3654 8991
3654 5079
3655 5898
3655 6495
3655 3680
5898 8535
3656 5291
5323 7349
3659 4168
3659 9850
3660 9820
3660 6871
3662 6493
6088 7678
3664 8842
3664 9062
9308 9546
6866 9841
6866 9927
4914 5504
4914 5366
3669 5307
3669 4685
3669 5431
3669 6155
6336 8395
4316 4525
4316 7827
5469 7866
6519 7322
6420 8222
6420 8151
5263 5873
5829 6161
5829 9581
6638 8971
6638 8257
7808 9763
7808 7944
7808 9586
3681 6215
3682 7164
7558 9406
7558 8470
7558 9561
3691 8679
3691 3968
3691 9791
3691 9425
3969 7982
3969 9048
6199 9126
6199 8548
6199 8364
6199 7059
6199 6659
6199 9282
7256 9147
7256 8756
3705 8741
3705 5266
3705 8908
5295 8151
5295 9549
5295 8477
5295 6076
5295 5297
5295 8475
3707 7472
3707 3843
3710 5174
3710 3942
3710 8559
3710 3964
8559 8614
8559 9922
4648 5547
4648 9851
4648 5214
3713 7416
3713 3890
6749 7338
6749 8481
6749 7644
3719 7958
4146 5742
4146 7327
5484 7476
5484 5855
3724 7201
3724 8196
3724 8212
3724 6772
3724 9885
7201 9509
3726 7951
3726 4206
3726 9133
3727 7606
3727 9684
3727 4115
3727 4711
3727 8517
7606 8440
4879 8157
4041 6589
5548 7569
5548 9482
5548 7283
7020 9849
3865 6700
3865 6658
7823 9288
3745 7041
3745 9116
3745 6439
3745 5277
3745 8991
4854 8291
3755 4381
3755 5235
3755 9212
3755 3814
3756 9179
3756 5599
3761 3762
3761 6135
3761 4954
6501 7203
3770 5296
3770 9332
3770 9733
3773 8315
3773 7767
4480 6341
4480 9022
3778 7533
3778 8291
3778 8364
6227 9812
4141 6457
3785 6555
3785 8357
3785 9609
3785 8666
8666 8891
3787 5285
3787 8718
3790 9369
6652 6968
6652 9051
6652 7579
5515 8232
5515 9943
5515 8291
5515 9428
4088 8970
4088 4456
3796 9036
3796 8946
3796 6907
3796 7661
3796 6696
3796 7729
3797 6669
3797 9826
6669 8544
6669 9090
4670 7158
3800 4502
3800 4361
3800 5955
3802 5652
3802 3956
3802 7867
3802 5546
3809 3867
3809 4326
3809 4803
3809 4484
4326 7734
4326 7749
4326 5858
4484 6748
4484 9537
4484 8479
4484 4775
9477 9479
3921 5267
3921 9672
6761 8293
6761 6818
3817 4239
3817 7898
3820 5140
3824 7229
3824 8920
7229 7908
7229 9315
7229 9973
3826 9091
3826 4086
3826 8339
3826 5335
3829 6475
3829 4572
3829 4639
3829 5111
3829 3865
4572 5034
4572 7083
4572 8059
5412 8103
5412 6709
9604 9670
3837 6651
4132 6464
4132 6678
4132 9217
7824 9803
7824 7874
7824 8020
7824 9936
3849 7142
3849 4216
3851 5410
3851 8025
3851 6153
3851 4762
8025 9684
3854 8103
3854 7193
7706 8516
5117 9538
3860 9673
3860 8189
3860 9075
3860 4349
4040 4306
4040 8530
3869 5000
3869 8332
3869 6617
8697 9219
5653 7638
5653 6927
5653 9200
5653 8430
7223 9946
7223 9802
3883 4896
3883 4013
3883 9124
3883 5062
5062 5439
5062 6386
3885 9336
3885 9871
3885 4803
3885 8824
3886 8879
3886 9895
3886 9352
3886 4595
6840 7889
6840 9727
6840 9819
3893 4177
3893 8402
3895 5344
3895 6247
6067 6083
3900 7973
3900 5774
3900 9513
3901 6683
3901 8281
8281 8886
6763 9735
6763 7885
6763 8799
9071 9409
3906 6395
3906 6727
3907 9199
4134 5080
4134 8037
4134 9429
3909 8603
3909 9950
3909 5641
3910 8765
3910 4788
8765 9211
4788 5129
3911 6539
6539 7446
5840 8619
4227 5223
7630 9122
7630 8589
6659 9391
6659 6960
3924 8669
3926 7272
3926 9910
3926 5076
3926 5290
3926 5240
5240 6964
5240 7873
3927 6003
3927 4430
3927 9770
3927 9804
4430 6081
4430 7180
4430 4551
4430 8680
4430 9681
6272 6301
6272 7459
6272 7281
6272 7467
3938 5281
3938 8601
3938 7646
3938 8572
3938 6368
3938 7648
7648 9459
5897 6435
5897 7188
5897 7646
5897 7488
7401 9090
6359 9174
5681 6986
7775 7816
3951 6146
3951 6482
3951 4369
3951 9193
6146 8092
6146 7024
5204 7501
4531 5847
4531 9435
3953 4454
3953 5685
3953 6933
6666 9286
4710 9247
4710 9390
3963 9019
3963 5062
3963 6530
6723 9600
6723 8102
6033 9452
6033 8329
9441 9696
3982 5139
3982 4013
3982 5943
5139 8673
5139 8279
5139 6888
5139 7067
5139 9798
3984 5690
3984 7080
3984 6092
3984 7859
3984 9247
5258 9611
8355 9623
3986 7721
3986 7032
8780 9134
3989 9423
3989 4604
3993 5499
3993 6773
3993 6280
3993 9417
3993 5226
6773 9566
6773 7044
9417 9598
5226 9275
5766 5967
5766 7468
5766 6793
7327 9301
7327 7475
4861 6631
4861 4968
4861 5885
4861 9144
8389 8451
5914 9214
5914 7083
4348 7591
4348 9154
4015 7504
4015 8627
4015 9819
4015 8644
4018 4224
4018 6267
4018 6294
4020 7418
4020 5064
5064 9640
4021 4026
4021 8201
4021 4431
4021 5792
4021 8099
4021 8739
4021 4027
4026 7360
4026 9259
4026 7674
4026 6183
6197 7962
7871 8347
4981 9650
4981 5614
4981 8852
4025 8623
4025 9176
4025 9084
4028 8970
4028 7653
4028 9465
4029 6215
4029 8729
4029 8720
5340 6899
5340 7509
5340 8967
6853 7274
6853 8468
4044 8627
4664 7477
4664 4801
4047 8567
4047 5993
4047 7863
4049 8719
4186 5168
4186 7081
4186 8929
4907 6418
4057 4756
4057 9398
5714 8562
5714 9609
5714 8302
4059 6095
6095 9969
6095 8349
6095 6177
6095 7880
6178 6322
6178 6461
7350 9555
7350 8119
4345 5198
6570 8937
6570 6682
7919 8399
4070 9630
4070 6835
4071 9080
4073 6228
4073 9932
4075 7381
4075 8021
4075 7447
4075 9419
7447 7902
4077 4489
4078 5093
4078 8577
4078 8632
4078 6828
4078 7541
6828 8432
6828 9827
4079 5620
4079 7901
4079 7929
4079 9134
4080 5351
4080 4541
4080 9736
4080 4251
4084 4213
4084 6086
4213 6462
4213 6585
4213 5203
4213 4314
6713 8321
6713 6903
7557 9738
4087 4154
4087 9867
4093 9258
4093 6677
4095 9133
4095 9469
4611 9626
4611 7683
4611 4966
4611 8233
4611 6208
4108 4209
4108 8910
4108 5112
4108 7905
5112 8991
5112 7296
4110 9949
4110 7494
4111 8544
4111 9868
4116 6490
4116 8089
5524 8454
5524 8847
8896 9856
8896 9710
4133 7676
4133 5441
5441 6136
5441 5763
5441 7227
4140 6903
6457 8788
6400 9487
6400 8121
7707 9812
7707 8787
7707 8487
6641 9706
6641 8566
6641 9585
6145 9552
6145 7117
6145 8479
7247 9952
4598 5963
4598 8170
4598 8116
4598 8353
4158 4617
4159 4929
4165 5225
4165 5504
5504 5893
5504 6726
4167 6689
4167 8893
6689 8485
6689 8495
6689 7746
5834 8251
5834 6474
4174 9001
4178 4300
4178 4930
4178 9401
7218 9365
7218 9135
4181 5339
4184 8829
4184 4932
7057 7626
7057 9121
6134 7109
5092 5840
5092 5337
5006 6603
5006 8841
5006 7739
5006 8512
4196 7770
4196 4450
4196 4395
4196 6862
7770 8544
4197 6700
5299 5793
5299 6242
5299 9452
5929 6078
4201 8886
4201 8892
5177 8918
5177 8651
5177 8302
5177 7137
5177 9827
8378 8806
6448 8002
6448 7430
6448 8268
6448 9265
6462 9833
5203 8277
7509 9582
7509 9684
4217 6615
6615 8339
6615 7082
4228 4890
4228 5686
8397 9874
4235 8708
4235 7954
7954 8351
7954 9697
5269 5835
5269 9820
5218 5269
5218 9254
5218 5881
4245 4331
4245 9919
4246 4553
4246 9684
4553 8037
4553 7394
4252 7561
4252 6750
4252 6551
4252 9555
5446 7229
5446 6580
8169 9105
4271 7391
7619 9208
6108 8316
6108 7373
4276 4920
4279 5903
4279 5593
4279 8015
4279 5652
4280 5598
4280 6872
4280 5747
4280 5742
4281 6665
4281 5513
4281 9364
4965 8676
6422 9866
6422 7951
6298 6606
6298 8215
6298 6414
6887 7921
7428 7435
4296 5986
4296 9904
4296 6768
4298 5545
4301 7043
4301 4525
4301 7251
4301 4450
4302 5592
4302 9459
4302 4835
5592 9954
5304 7482
5304 7591
8158 8584
4313 6129
8733 9384
8733 9739
4318 7510
4318 5319
4318 4564
4318 8569
4318 9970
7012 7504
6038 6904
6038 8603
4324 9965
4324 4830
4324 6734
4596 9487
4596 6375
4389 5307
4942 7031
4329 4899
7750 9470
4333 9064
4333 9544
4333 6951
4333 6620
8349 9937
6556 7318
4603 7789
5198 7494
5198 8531
5198 7076
7602 9174
7283 8131
7283 9398
4354 5346
4354 6000
7048 9138
7048 9281
4358 4520
5682 8048
5682 8988
5682 7074
4362 4566
4362 8068
4362 5958
4362 8580
4365 5646
4365 9418
5136 5330
5136 7922
5136 6660
4371 5590
4375 6962
4375 6852
4375 8538
4375 6937
4375 5760
6962 7948
4377 6306
4377 9752
4377 7401
4377 5214
4377 9177
5214 5330
5214 7035
5214 5418
5214 6833
4378 5715
4378 5827
4378 5989
6971 7477
6971 8919
5083 5815
5083 9311
5083 6227
5083 7690
4387 9302
4392 9724
4392 9184
4392 9806
7087 7984
7087 7469
7087 8810
4398 4989
4398 8514
4398 6237
4398 7828
4399 9819
4399 6224
4399 7457
4399 8196
4399 5519
5003 8253
5003 6921
5003 7103
7115 8733
7115 7498
7394 8108
4411 9279
6814 7193
7483 9898
8770 9399
8770 9618
4414 6703
4417 6144
6144 7855
4419 5948
4421 5948
4421 6580
4421 8221
4421 6870
4422 8741
4423 7074
4423 9327
4423 8505
4423 9758
7473 7890
4428 6213
4428 5872
4428 5385
8266 9794
8266 9958
4435 7065
4435 5369
4435 8216
8216 8649
8216 9578
4437 7840
4437 9646
4437 9121
4439 8757
4439 6701
4441 5513
4441 9254
4441 7230
4441 6153
4441 6821
7230 8566
7230 7946
7230 7718
7230 8324
4442 5248
4442 8930
6249 7652
5694 5974
5694 9899
4452 7018
4452 7554
4452 4473
4452 8528
7018 7963
7018 9906
4455 5768
4455 9241
4455 8405
4455 9298
9241 9675
4458 9777
4458 4495
4495 5085
9634 9803
4462 4996
4462 7866
4996 6006
4996 5069
4996 9429
5968 9166
4786 5358
4786 5668
4786 7731
4786 8396
4465 4706
4465 9283
4465 6923
4466 8273
4466 6174
4466 5490
4467 9703
4732 7459
5809 7621
6341 8640
6341 8061
6341 9833
8552 9216
4856 7721
4856 5776
5227 6676
5227 5534
6335 9625
4490 6281
4490 6269
4490 8752
4490 9347
6806 7948
6361 8403
4505 4521
4505 5776
8204 9265
6039 9218
6039 9666
6731 7901
6731 6927
4527 7982
4527 9371
4527 5306
7616 7982
7616 8559
4530 4971
4530 6923
4532 8806
4532 8734
4532 9445
4535 7185
4535 5088
7147 8904
5061 6516
5061 8074
5061 6928
5061 6367
5061 7325
5061 5677
5061 8813
5061 5932
7051 7282
4543 6862
4543 8152
4544 6818
4544 7502
4544 5912
4544 7790
7790 8162
7790 8712
5658 6091
5658 9097
5658 7610
5658 7377
5658 8622
5301 5588
4556 7692
4556 7613
4556 9131
7692 9189
7692 8190
7475 8029
4941 8960
4565 6402
4565 6376
7083 8894
7083 9939
7083 9579
7611 9652
7611 8777
7611 8834
6329 6958
6329 7278
6329 8276
4588 7789
4588 7985
7311 9742
7311 8434
5963 7881
5963 7701
5963 9891
8116 8280
8639 9377
4610 6518
4610 6402
4610 8620
4613 5754
4613 7030
4613 9799
4615 9236
4615 5312
4615 9253
5312 9964
5312 7148
5312 5887
5312 8303
4622 6525
4622 9792
4622 9607
8282 8469
8282 9689
4625 7558
4625 9997
4627 5427
8940 9088
8430 9825
8565 9555
8111 8945
4649 9431
4649 7100
6878 8595
4652 7592
4652 9784
4652 6996
6996 7793
6356 6629
6760 8460
4660 7680
4660 9180
4660 8156
4660 5249
7680 8935
7680 9265
8724 9422
4801 5086
4801 5640
4665 7528
5132 9458
7534 8566
4677 6340
4677 6085
4677 7685
5625 9249
5625 9851
5625 6886
5625 8521
7909 8402
7909 9810
5767 8846
4738 4872
4738 9925
4738 5778
4693 6550
4695 4905
4695 9934
5678 9566
4701 8709
4701 5876
4701 4839
4701 9740
5876 7876
5876 9856
5876 7233
5876 6378
5876 7596
5876 6549
4839 5779
8316 8654
4707 9552
4707 5597
7894 9534
4957 8859
4957 5404
4957 6558
4957 5869
4957 8432
4957 7400
4723 7308
7308 9534
6896 7766
6896 9249
6896 9250
6896 8016
5315 7228
5315 9020
4731 5286
4734 8691
4734 5818
4737 5217
4737 9204
4743 9886
4743 7032
4743 9781
8115 9801
8115 8557
4747 7013
4747 9049
9314 9895
4916 5588
5100 9241
5100 5170
5100 6960
4754 7620
4755 6422
4755 5161
4888 7648
4888 8755
4759 6139
7122 8121
4776 9962
4776 6038
4781 7936
4781 9844
4781 6114
4781 7229
8104 9897
6743 9169
5668 7552
5668 9844
7669 8055
4792 4932
4792 5868
4792 7729
4792 8774
4792 9287
4795 6699
4798 7018
4798 6273
4798 5225
4798 8247
4800 7975
5318 8466
5318 9706
5318 7146
8301 8561
7998 9296
6043 8868
6985 7486
6958 7916
6958 9316
8313 8888
8298 9708
5604 8933
5604 9471
5604 7496
4822 8472
4826 6311
4826 5314
4826 9709
4826 7489
7740 9160
4828 9169
4828 8320
4829 5457
4829 5868
5457 8682
5457 7415
5457 7592
5316 6626
5316 7729
5316 9697
6533 7170
4834 9648
4834 9999
4834 7761
4837 6450
4837 9649
4837 5597
4837 9008
4838 7092
4838 9759
4838 6758
4845 7171
4845 7851
4849 7892
4849 5047
4849 8854
4849 5672
4849 8782
4849 5859
4851 6629
7098 8740
8086 8545
8086 9014
6631 9070
4862 5719
4862 5579
4862 7023
4862 8434
8352 9457
8352 8536
5180 5207
5180 8485
7786 7976
4881 8757
4881 8726
4884 9325
4884 5575
4884 7791
4884 5987
4962 8170
5029 9518
5029 9314
5029 5307
5029 7439
4895 7353
4895 9924
4895 5817
4895 6778
6778 6979
6778 9086
4897 5838
7407 9577
5337 9453
5337 8705
4913 8379
4931 9115
4931 5346
4998 8592
4998 8362
4998 7026
4949 8325
4949 6657
4949 9323
6344 7057
4955 9676
4955 8106
4960 5172
4963 7160
4963 8904
4963 9074
9411 9451
6349 7938
5009 9132
5274 7626
5274 5401
5274 6813
5274 8564
4997 7260
8253 9850
6854 7936
6854 9480
6854 8097
6608 7615
6608 8805
6608 9918
6886 9872
6886 7398
5013 5978
5013 6141
7287 7957
7287 8672
6201 8309
6201 8412
5023 9328
5023 9977
5033 8083
5033 7313
7654 9387
7522 9415
7522 8656
8260 9476
8260 9542
5043 8818
5045 7081
8714 9969
5833 7968
5833 7613
5677 9139
5677 5852
5063 7611
5063 5867
5063 9331
6702 7474
5077 5369
5077 7763
5077 8109
5077 6805
7763 8146
7432 7474
7039 8312
7039 8185
7039 8609
5544 6378
5544 8445
5799 6277
5799 8550
5799 7026
7140 8329
7140 8413
5096 7611
5096 7756
5096 8406
5096 9498
5096 9524
7756 8409
8406 9904
5317 6620
5103 8694
5103 5626
5108 5747
5115 7516
5115 6431
7516 8250
7155 7428
7155 7172
8133 9684
5488 8288
6161 9238
6161 6355
6161 9248
5130 8261
5130 7132
5133 8192
5133 5709
5133 5182
8467 8525
8467 9279
5750 9276
5750 9797
5141 9689
5141 6588
8958 9200
5153 6296
5153 7068
5153 9502
5153 6532
6839 9517
6839 9174
8690 9448
8062 8100
7774 9205
6976 9861
6976 7904
6976 7934
6976 9215
6976 7633
7882 8880
7882 9334
5179 9829
5179 9947
5189 5506
7966 8864
5196 7756
5196 7604
5208 7887
5208 7847
5208 6854
5208 8099
5211 8094
5215 7323
5215 8598
5222 5276
5222 7882
5933 7608
5933 9629
6469 7468
6034 9501
8749 9400
8749 9113
5244 7104
5555 9866
5555 7811
5250 7882
5250 6168
5250 9704
5250 6632
6168 8833
6168 9851
6632 6864
6632 9870
6632 9968
6632 8671
5260 5923
8433 8563
5275 7580
5275 5722
5275 8153
5275 5979
5722 6090
5722 6993
5353 6802
5353 8954
5283 6642
5283 7148
6190 6674
6190 8080
5288 9313
5288 6240
9233 9255
5292 6502
8475 8521
8475 9258
8475 9177
5305 7518
5305 7096
6270 8662
8582 9090
6675 9725
5325 5795
5325 5468
5325 8165
5325 8068
5329 9895
5893 6564
6908 8917
6802 9244
6802 8901
6802 7020
5357 7821
5407 8699
5407 7125
5407 6890
5407 7004
5365 8723
5365 6146
5365 8013
5365 5415
7665 9512
5376 9665
5379 7401
5379 5602
6967 8594
5383 8764
5386 8766
5389 9692
5389 6744
5389 8051
6744 8175
6744 7204
7490 8176
7490 8008
7490 8301
5398 6772
5398 7181
5398 7979
5406 6422
5406 8410
5406 7919
7072 7717
7072 9444
5413 9621
5413 7300
7300 9525
5419 8709
7559 8463
5971 9738
5434 8095
5434 7563
5434 7742
7129 8224
7129 7522
7129 7548
5436 8241
8808 9180
8808 9075
5454 7426
7539 9917
7539 9096
7274 7622
5851 7675
6073 8092
6207 7116
6207 6778
6207 6722
5481 5521
5855 7423
5855 8651
5855 8202
5855 8189
7636 7725
5510 9074
5510 8832
5510 6648
8832 9433
5511 8296
5514 5687
7854 9912
7854 8375
5520 9415
5520 9961
7940 9801
6451 9084
6084 8042
5532 7488
5533 5992
5533 6288
5533 8569
5533 7663
8009 8513
5536 7824
5536 6930
5539 9877
5539 7855
7855 9106
5663 9582
5663 8733
6904 8500
6904 8155
5568 6019
5568 7015
5568 9738
5568 6102
5568 9633
6019 6172
6512 8038
6512 8844
8214 9839
8294 9405
5941 9726
5583 5687
5583 7708
5583 9511
5583 8874
6222 9956
6222 7054
5962 6184
5962 6550
5962 8513
5962 8246
5610 7937
5610 5694
5610 6197
8561 8915
5633 9919
5633 8055
5638 8339
5638 8300
5638 9724
6046 9338
6046 9635
5650 5766
5650 9083
5650 9060
5659 9692
5659 8521
7136 7518
8034 9937
8034 9226
7944 9327
5673 9611
5673 6578
7713 9853
5699 7557
5699 9857
5699 7623
5702 9913
5702 7400
5702 8068
5703 7848
5708 7131
5708 8122
7131 8654
7131 9488
5712 6797
5712 9248
5712 8165
5712 7998
5712 8588
5908 7770
5908 6653
5908 7287
5908 6665
5716 8703
8744 9735
5737 8370
5737 8285
8370 9021
6319 8557
6319 6483
5965 8343
5965 7343
5965 9101
6363 9467
6774 8296
6774 7093
5759 6930
7678 9196
5784 6403
5789 5956
5796 8798
7927 8238
5812 9913
5812 9355
5812 7491
8858 9341
7934 9678
7934 8461
7689 9268
5837 7918
5837 9802
6044 9975
8526 9870
8526 9124
5848 6066
5850 7148
5853 8785
5853 7388
5854 8004
5854 6825
5854 8543
6708 7933
6374 8396
6374 6640
5866 9117
5866 9341
5870 9327
5870 8915
5870 6456
6435 9046
6435 9960
6209 7069
5904 8315
5904 9946
6330 7930
8736 8910
6893 9941
6893 8807
5921 6642
5921 8344
5925 9019
5925 7728
5925 9959
5942 6693
5942 9399
5942 8503
9095 9552
5957 9571
5957 9857
7701 8890
5964 8257
6154 8198
5970 8648
5970 7888
5970 6178
5980 9121
5980 8471
5985 9539
5985 6776
5991 7072
6001 7849
6001 9714
6005 8995
6008 7557
6008 7091
6008 9469
6012 7503
6012 8624
6012 7599
6012 8058
6015 8007
6018 7552
6018 7236
6018 7056
7236 9457
6023 9692
6037 7190
6037 9689
7190 7635
7190 9238
7386 9448
6051 8977
6051 7099
6052 9193
6052 6479
6052 8352
7014 8757
7014 9434
7014 9838
6055 7887
6055 7262
6063 7153
6068 8516
8092 9253
7542 9053
7542 9924
6097 7972
6097 6919
6099 9670
6099 6951
6112 6812
6125 9456
7221 9456
9421 9748
6157 6338
6157 6492
6158 7015
6158 6330
6165 6233
8833 8996
6171 9519
6171 7595
6179 9326
6187 8179
6210 7103
6210 9101
6210 7562
7562 9527
7589 9872
8640 9007
6230 8133
6230 8270
6238 9385
8652 9057
6264 9032
6264 6429
6264 8086
6264 8747
6264 7974
8662 9185
8662 9494
6274 8795
6274 9949
6595 9163
6595 9067
9545 9638
6284 9766
6287 9393
7174 7312
6302 8669
6302 6995
7021 9186
6317 9891
6317 8294
6317 8249
7629 8980
7629 9901
6321 9612
6321 8450
6321 7222
8450 9340
8450 9932
7222 9256
6326 8406
6326 8058
6326 9248
8276 8801
6337 7465
6337 7320
6339 9491
6351 8280
7850 8405
7850 8572
7850 9774
6354 7247
6354 7823
6354 9724
6384 8430
8144 8239
8144 8337
8144 9232
8478 9980
8478 9270
6428 7877
7337 8142
6452 9125
6455 9995
6466 8867
6466 7488
6527 9165
6500 9501
6500 7040
7172 8634
7567 9701
7567 9532
7567 9873
8000 9802
6526 9253
7627 8084
7627 9128
8812 9492
9170 9613
6553 9477
6619 6876
6565 7437
6565 9275
6567 7577
6567 8785
7112 9683
6884 7684
6884 7999
6884 7288
8759 9595
8759 9976
8759 8917
6584 6750
6584 9557
6584 8221
6618 7750
6618 7165
6618 9921
6618 9170
9585 9913
6646 9506
6968 8097
9319 9834
6664 7925
6667 8446
6667 9592
7340 7633
6692 9298
6692 8360
6721 7643
6721 8618
8618 9673
6740 7738
6740 9152
7846 9310
7846 7882
6752 7724
6752 8948
6766 8945
6791 9125
6796 8745
8184 9406
6817 7579
6817 6906
6817 7054
6822 9861
6917 8644
6917 7324
6917 9882
6917 9933
8200 8355
8200 8703
7288 9848
7513 7832
7513 8650
8711 8962
8488 9916
6918 7557
6932 9538
6932 8192
6957 7273
6965 7394
6965 8529
6969 9644
6969 7311
8919 9494
6973 8249
6980 9451
6988 7447
7017 8436
7106 7745
7036 8134
8134 9126
8090 9632
8090 8387
8090 8726
8090 8487
7305 8758
7111 8285
7111 9813
8413 9006
7166 7411
7168 9307
7168 9350
7178 8747
8255 8484
8255 9062
7183 9488
7183 7856
7192 7712
8492 9159
7205 7762
7782 9097
7782 9311
7241 8371
7284 9591
7298 8909
7298 9169
7298 9137
7298 7871
7309 7420
7777 8054
7777 8895
9072 9502
7329 8749
7817 9321
7378 8172
7422 7784
7422 9189
9300 9873
7435 9425
7480 8257
7480 8201
7499 8340
7499 8779
8924 9901
8924 9991
8884 9668
8884 9821
7517 8493
7524 9896
7535 8114
7699 7706
7699 8818
7581 8526
7581 9679
8056 8254
7593 8342
7593 7840
8668 9132
8084 9933
7780 8133
8190 9791
7730 9459
9025 9667
8853 9598
8323 9384
7924 8250
8461 8700
7952 9227
8043 8909
8067 8297
8067 8156
8112 8594
8143 8937
8167 9350
8167 8497
8177 8480
8177 9997
8208 9063
8226 8312
8226 9218
8226 8585
8416 8487
8439 8589
8444 9720
8504 9032
8508 8735
8508 8545
8515 8769
8515 9410
8611 9967
8611 8620
8638 9448
8646 9206
8674 8849
8674 9685
8767 9397
9541 9636
9541 9815
8800 9036
8827 9370
8998 9187
9015 9751
9225 9674
9374 9751
9540 9747
