0 3274
0 9225
0 156
0 193
0 4295
0 1226
0 9438
3274 6358
3274 8814
3274 6883
3274 5375
3274 7751
3274 8758
156 4779
156 6285
156 202
156 6748
156 2738
156 7649
156 9330
156 1106
193 3857
193 5806
193 8680
4295 9287
4295 6234
1226 1424
1226 5303
9438 9822
1 5952
1 1953
5952 9957
5952 9878
1953 4197
1953 9824
2 9885
2 6699
2 2341
2 9892
2341 5714
3 8372
3 9693
3 7440
9693 9786
7440 9163
7440 9689
7440 9881
4 1813
4 4717
4 4005
1813 4393
1813 9287
1813 6924
1813 9467
4717 7951
4717 7510
4005 6419
4005 4880
4005 5440
4005 4073
4005 7907
4005 6734
5 2910
2910 9047
2910 7230
2910 4232
2910 2922
2910 3002
2910 8038
6 2965
6 6588
6 4372
2965 5285
6588 8868
4372 7727
4372 8205
7 609
7 6169
7 5191
609 5595
609 2718
609 3293
6169 7885
6169 9394
6169 6683
6169 7538
5191 7289
5191 7337
5191 6820
8 4868
8 5692
8 8836
8 5362
4868 7912
4868 9996
4868 8461
5692 6151
5362 8664
9 2754
9 2540
9 7853
2754 9177
2754 7472
2754 5851
2540 8065
2540 9549
2540 6444
2540 5558
2540 5602
2540 8322
2540 9633
10 8059
10 9686
10 5207
10 5002
8059 9789
5002 9365
5002 8935
11 5261
11 6680
11 494
11 60
5261 7113
5261 8340
5261 6050
6680 8130
6680 8063
494 3344
494 867
494 881
494 5516
494 7703
60 1417
60 7227
60 2885
60 4025
60 8436
60 9134
60 3257
60 368
12 6652
6652 9621
13 8336
13 6907
8336 9845
6907 8494
6907 8929
6907 8615
6907 9953
14 8910
14 7661
14 6648
14 776
14 3799
14 608
7661 9471
7661 9184
6648 9486
776 7319
776 7210
776 2263
776 8629
776 4362
776 7215
776 4598
776 6132
776 9294
3799 6611
3799 7482
3799 8387
608 6122
608 4765
608 5563
608 5005
608 3086
608 4217
15 844
15 2341
15 5450
844 3443
844 7791
844 2108
5450 9361
16 5858
16 5086
16 9661
5858 9672
5086 8201
17 7922
17 6684
17 2382
17 841
17 8146
7922 9910
7922 8256
2382 3253
841 2046
841 1021
841 1572
841 1502
841 1120
841 3473
18 446
18 9403
18 8899
18 9995
446 1908
446 3113
446 653
446 1288
446 7667
446 4556
446 3251
8899 9565
19 3638
19 2898
19 4747
19 1285
19 9299
19 224
19 7768
2898 4105
2898 7891
4747 6234
1285 1417
1285 9549
1285 1297
1285 7912
1285 9630
224 2990
224 5606
224 3125
224 3785
7768 8841
20 315
315 6448
315 5791
315 3831
21 6670
21 2262
21 6935
21 9001
21 8118
6670 9485
6670 9955
6670 7518
6670 7818
2262 5441
2262 5244
6935 8402
6935 7500
6935 8483
9001 9503
9001 9010
8118 8289
22 2947
22 6908
22 7986
22 4345
2947 6553
2947 6767
2947 7516
7986 8678
7986 8580
4345 5469
23 9520
23 6377
23 2468
6377 9066
2468 6297
2468 2930
2468 4158
2468 9243
2468 8558
24 1619
24 5300
24 2788
24 9209
1619 8906
1619 8380
1619 6112
1619 8994
5300 6537
5300 8613
2788 8466
2788 5200
2788 8499
25 1169
25 3017
25 8053
25 5632
1169 1422
1169 9504
3017 5182
3017 3626
3017 4312
3017 8835
3017 9275
3017 7679
5632 8775
26 4301
26 2466
26 41
26 769
26 8178
2466 9642
2466 7010
2466 9313
41 2129
41 5256
41 2992
769 5215
769 9876
769 4552
769 8868
769 5987
8178 9925
8178 8358
27 3947
27 3881
3881 8350
3881 8321
3881 8487
28 1510
1510 5606
1510 4058
29 7696
29 2764
29 1625
29 3992
2764 9454
1625 5859
1625 7310
3992 4667
3992 9308
3992 9287
30 5163
30 227
30 713
30 8570
5163 8719
5163 6073
227 834
227 8404
227 6313
227 6207
227 301
227 2234
713 5685
713 8060
8570 9848
8570 9353
8570 9534
31 2106
31 3948
31 4822
31 9874
31 9189
2106 8216
3948 5821
3948 4648
3948 5768
4822 5497
4822 4858
4822 5181
4822 6761
4822 5939
32 2145
32 6513
32 1414
2145 7993
2145 3434
2145 2588
6513 8004
6513 8792
6513 8326
1414 4537
1414 4714
1414 5804
33 8481
33 3449
33 6413
33 6849
33 6116
33 7202
3449 9652
3449 9471
3449 8351
3449 5214
6413 9216
6413 9005
6849 8380
6116 9522
6116 7707
34 6452
34 5209
5209 7553
5209 7470
5209 8895
5209 6375
35 8626
35 7152
35 4310
35 1138
4310 6581
4310 7804
4310 7147
1138 1566
1138 5248
1138 4229
1138 6279
36 3729
36 4557
3729 6506
3729 6594
3729 4017
4557 8986
4557 9646
4557 9424
4557 6313
37 4535
37 7224
37 5222
37 5525
37 3360
4535 7791
4535 8052
4535 9664
4535 5129
4535 5741
7224 7341
3360 8108
3360 6778
38 921
38 6776
38 9515
38 9921
38 3374
38 8801
921 2598
921 2168
6776 8014
3374 6594
3374 9863
3374 3986
8801 9806
39 730
39 941
39 5031
39 9801
39 6839
730 9785
730 5087
941 6265
941 4754
941 9707
941 967
5031 9350
6839 9329
6839 8731
40 4119
40 7643
40 6906
40 8071
4119 5695
4119 8632
4119 7078
7643 8737
6906 9359
6906 9825
8071 8998
2992 3283
2992 3025
42 2071
42 6146
2071 9966
2071 9581
2071 2339
6146 8876
43 484
43 2678
43 6787
484 6965
484 4282
2678 4154
44 9871
44 1740
44 4718
44 4479
44 8151
44 7772
44 907
1740 6420
4718 7247
4718 7719
4718 9862
4479 6133
4479 6516
7772 9157
907 8485
907 3306
907 5345
907 2010
907 2512
45 2645
45 9514
45 2088
45 7280
45 8555
45 9247
45 6106
2645 9332
9514 9913
2088 9429
2088 5634
2088 4341
7280 9008
6106 6685
6106 7539
46 7472
46 4498
46 942
46 2889
4498 6861
4498 5839
4498 6563
942 2015
942 2591
2889 8730
2889 7293
2889 9061
2889 4086
2889 5909
47 2188
47 7684
47 960
2188 6993
2188 6035
2188 8624
2188 3567
7684 9047
7684 9073
960 8482
960 3096
960 6823
960 6309
960 5989
960 5415
48 9769
48 6564
48 5027
48 8975
48 9446
48 5307
5027 8589
5307 9055
5307 9217
5307 9284
49 1209
49 9600
49 3660
49 2539
49 2723
1209 7855
1209 6915
3660 6136
3660 6186
3660 9930
2539 8630
2539 6530
2539 3116
2539 4858
2539 5515
2723 7958
2723 7962
2723 7439
50 1091
50 4734
50 2930
50 7720
1091 3260
4734 9803
2930 9814
7720 8897
51 675
51 1340
675 3881
675 8796
675 8407
675 3524
675 1508
675 4350
675 9520
1340 7875
1340 6007
1340 9011
52 302
52 1665
52 9135
52 2470
302 4483
302 6357
302 6246
302 5653
1665 2559
2470 2888
2470 9373
2470 6086
2470 9549
2470 3315
53 3703
53 7142
53 9783
3703 3819
3703 8283
3703 5979
3703 9732
7142 9804
54 1981
54 5663
1981 7949
1981 8035
1981 2563
5663 9570
5663 9610
5663 9865
5663 7261
55 4308
55 6271
55 9160
55 6032
4308 7673
4308 4821
4308 8926
6271 9282
6271 9102
6032 6187
6032 7338
6032 8760
56 8320
56 5318
56 4275
56 733
56 325
56 3265
5318 7272
5318 6004
4275 6739
733 9247
733 4040
733 7591
733 7659
325 8072
325 9230
325 8807
325 5915
3265 5373
3265 9422
3265 6071
57 6666
57 8364
57 6619
6666 8195
6619 8778
6619 6897
58 1359
58 9088
58 2016
1359 2049
1359 9578
1359 8619
1359 5126
1359 5286
9088 9274
2016 8312
59 3645
59 324
59 3351
59 5501
59 7939
3645 9622
3645 8442
3645 7559
324 5856
324 1712
324 3159
3351 4098
3351 8628
3351 5162
3351 6861
5501 8650
7939 9226
1417 3792
1417 8256
7227 9669
7227 9135
7227 9756
4025 5165
4025 9488
4025 9896
4025 7693
4025 4526
4025 4877
4025 7718
3257 4580
3257 4040
3257 9876
3257 7818
368 1537
368 3936
368 1744
368 1149
368 8465
61 8356
61 2685
61 3952
61 2948
2685 8292
2685 4034
3952 7572
3952 6512
2948 5140
62 7797
62 9860
62 4464
62 9991
4464 7829
4464 5076
63 2809
64 551
64 2462
64 5072
551 3865
551 8993
551 9057
2462 9898
2462 8821
5072 5980
65 5689
65 436
65 2581
65 4687
65 2230
5689 7086
436 7124
436 6187
2581 8120
2581 8559
4687 6275
4687 9643
2230 9389
2230 7172
66 9713
66 1511
1511 9314
1511 2980
1511 9162
1511 7010
67 6887
67 2253
67 5315
67 9618
67 6873
6887 9682
2253 3628
2253 6612
2253 6973
5315 8091
5315 8104
5315 5486
68 3911
68 1401
68 2944
68 1634
68 5192
68 2219
68 150
68 8619
3911 7402
3911 7087
3911 8440
3911 6552
3911 9681
1401 3801
1401 5958
1401 8306
1401 9939
1401 4163
1401 8488
2944 5118
2944 4435
2944 8171
2944 8109
1634 9525
1634 3842
1634 3106
1634 5341
1634 4937
5192 8089
150 9863
150 975
150 6053
150 696
8619 8829
8619 8655
8619 9222
69 949
69 5828
69 816
69 8162
69 8051
949 1777
949 6778
949 4528
949 5212
949 2520
949 8394
949 9425
949 3761
949 2236
5828 9553
816 9393
8162 9497
8051 8853
8051 8636
70 4355
70 2825
70 9725
70 292
70 3205
70 407
4355 7810
2825 4704
2825 9214
2825 6422
2825 5877
2825 9867
292 7999
292 658
292 6834
292 1623
292 4516
3205 4831
3205 4827
3205 3359
3205 8480
407 3303
71 3330
71 2198
71 4252
3330 3853
3330 8299
2198 9187
2198 5913
2198 4628
4252 5207
4252 9038
72 1735
72 1437
72 7896
72 6115
72 1852
72 9898
1735 2863
1735 4848
1735 6073
1735 8509
1437 2568
1437 2965
1437 7369
1437 2066
6115 8563
6115 7972
1852 8238
1852 8681
1852 2242
73 580
73 5928
73 8023
73 2997
73 435
580 840
580 8641
580 3757
580 637
580 9858
580 1835
580 8328
580 1021
580 2215
5928 5945
2997 3189
2997 4631
2997 3242
2997 8772
2997 5299
435 5219
435 5901
435 3177
74 5662
74 3413
74 8403
3413 4345
3413 4677
3413 6615
3413 4263
8403 9960
75 9438
75 905
75 966
75 7059
905 4914
966 4517
966 4807
966 9236
7059 7771
76 6985
76 7792
76 3432
76 4685
76 5061
76 5533
6985 7132
7792 8801
3432 6253
3432 6835
3432 3891
3432 5197
4685 7433
4685 4819
5533 8944
77 9851
77 547
77 7045
77 2704
77 695
77 9863
77 7310
77 8817
77 2082
547 7763
547 9406
7045 9079
2704 8479
2704 9905
2704 9634
7310 9223
7310 9330
2082 3264
2082 5753
2082 8455
2082 3498
78 6910
78 8584
78 7063
78 9813
78 2995
7063 9267
2995 7768
2995 7097
79 2349
79 6823
79 4583
79 5961
79 896
2349 4128
2349 8846
6823 9782
6823 7974
4583 5011
4583 8823
4583 9930
4583 5430
4583 8502
5961 7231
5961 6567
5961 8482
896 4149
80 3572
80 7252
80 7732
80 4321
80 898
80 1214
3572 7141
3572 9420
3572 4566
3572 4940
3572 6085
3572 8907
3572 6608
7732 9952
4321 5936
4321 6694
898 9019
898 6761
898 5122
1214 9421
1214 7746
1214 7734
1214 1707
1214 6711
81 8556
81 4561
81 7508
81 5154
4561 9565
4561 5017
7508 8139
5154 8428
5154 5179
82 7484
82 8311
7484 7588
7484 8225
83 3535
83 6413
83 446
84 2464
84 3849
2464 5542
2464 4665
2464 8154
2464 9340
2464 6035
3849 5345
85 3296
85 5252
85 6879
85 6494
85 658
3296 8814
5252 7710
6879 8212
6879 9644
6879 7630
6879 8982
6494 7859
6494 8569
6494 9642
658 6050
658 1493
658 4488
658 3345
658 4769
86 3588
86 8777
86 7443
3588 8247
3588 4367
3588 9930
8777 9973
7443 8565
87 2857
87 1362
87 6698
87 7310
2857 5085
2857 5874
1362 4098
1362 8745
1362 2419
6698 8972
6698 9062
88 5890
88 6146
88 5068
88 1338
88 6903
88 4758
88 3794
5890 9574
5890 7899
1338 8770
1338 7310
1338 9171
1338 9804
1338 7564
1338 5464
6903 7280
6903 7045
4758 9303
89 7093
7093 8871
90 9348
90 2603
2603 8647
91 2250
91 7759
2250 6892
2250 8931
2250 6240
7759 9032
92 5763
92 716
92 6292
92 3432
5763 6279
5763 9293
716 3380
716 4371
6292 9513
93 9603
93 6481
6481 8926
94 4626
94 3804
94 6797
94 6906
4626 4683
4626 6309
4626 9232
4626 7990
3804 4126
3804 5987
3804 9549
3804 3829
3804 5087
3804 4233
95 9028
95 3003
95 7285
95 1329
95 3049
95 973
3003 3445
3003 6077
7285 7977
1329 1342
1329 3653
973 9592
973 5031
973 9454
973 5748
973 1236
973 4582
973 6551
96 6446
96 9617
96 280
96 7382
96 7317
6446 8819
280 9575
280 2113
280 8076
280 3574
280 2713
280 8480
280 8107
280 4596
280 9634
280 3571
280 6636
280 3133
7317 9674
97 1841
97 1398
1841 4910
1841 5308
1841 7256
1841 1943
1398 2536
1398 5723
1398 4399
98 7261
98 8261
98 9428
98 2000
8261 9271
8261 9669
9428 9813
9428 9638
2000 4889
2000 6257
2000 4094
2000 9680
99 7203
99 7208
99 2121
99 4179
99 4030
99 4867
7203 8750
7203 9552
2121 2706
2121 2355
2121 7858
2121 5986
2121 6354
4179 4650
4179 6587
4179 8734
4179 7635
4179 8713
4179 8841
4030 6138
4030 6643
4030 5521
4867 9961
4867 8502
100 7490
100 7098
100 5489
100 6759
100 5917
7490 9928
7098 7998
5489 9790
5489 9184
6759 8115
5917 6436
101 5318
101 8478
101 2993
101 4664
101 3877
101 2406
2993 8338
2993 5788
4664 6223
4664 5692
3877 4028
3877 9464
2406 6683
2406 4213
2406 6276
102 7167
102 8465
102 3234
102 1566
102 1509
7167 7401
3234 6771
3234 6008
3234 9878
3234 5364
1566 4656
1566 3167
1566 4091
1566 6092
1509 5444
1509 9564
1509 1596
103 1883
103 8359
1883 5836
1883 5967
1883 2745
104 4927
104 8034
104 9039
4927 7449
4927 7535
4927 8641
9039 9086
105 1323
105 5462
105 2954
105 2968
1323 2595
1323 7189
1323 9736
1323 9995
5462 7850
5462 8062
5462 8889
2954 4725
2954 7549
2954 3163
2954 3073
2968 7682
2968 8057
106 1924
106 5729
1924 9957
1924 4096
1924 7746
5729 8377
107 9242
107 4228
107 3764
9242 9402
4228 7334
4228 6791
3764 8775
108 9152
108 3199
3199 6627
3199 9398
3199 8114
3199 3423
110 6608
110 6238
110 3241
110 6696
110 5328
110 8073
3241 5102
5328 9167
5328 5601
111 5394
111 7262
111 7534
111 5796
111 3807
111 8780
111 4126
5394 7376
5394 8566
5394 9847
7534 7928
5796 7909
5796 8925
3807 6788
3807 8594
3807 4499
3807 4819
4126 8327
4126 4851
112 4894
112 7007
112 5230
4894 9830
4894 8896
5230 7925
5230 6550
113 5356
113 5595
5356 7743
5356 7098
114 6875
114 6383
114 6494
6875 7980
6383 6730
115 8510
115 6025
6025 9825
6025 8430
116 7110
116 9779
116 3004
3004 6733
3004 8614
3004 9830
117 5821
117 5337
117 8720
117 2077
117 5757
117 7352
5821 9951
5337 9816
8720 9008
2077 6847
118 8840
119 7885
119 5378
119 3003
119 3207
119 3250
119 3539
119 922
7885 8504
7885 8714
5378 5467
3207 3296
3250 4188
3250 5979
3539 7601
3539 5307
3539 5010
922 3288
120 399
120 1910
120 9162
399 4120
399 9703
399 7555
399 1887
399 6516
399 5984
1910 5404
1910 2515
1910 4555
1910 2619
1910 6868
1910 7488
1910 4883
121 1367
121 264
121 8234
121 224
121 8505
121 7326
121 7900
1367 5018
1367 4865
1367 3465
264 1137
8234 8444
8505 8954
7326 8168
7900 8627
122 2130
122 987
122 262
122 4692
122 356
122 3095
2130 9251
2130 6750
2130 8821
2130 4718
987 7174
987 1683
987 5898
262 3620
262 5792
262 9029
262 5956
4692 5813
356 4108
356 3778
356 3450
3095 7724
3095 4464
3095 6446
123 5431
123 8376
123 7963
123 823
123 758
5431 9029
8376 8538
7963 9011
823 4453
823 1492
823 2203
823 3749
823 9593
823 9409
758 8271
758 6011
758 4598
758 1712
758 6735
124 5538
124 479
5538 7651
479 6746
479 9632
479 9790
479 6158
479 1828
125 2928
125 6779
125 2344
2928 8585
2928 7370
2344 3050
126 1009
126 8611
126 6350
126 5386
126 2185
1009 2061
1009 6929
1009 1747
1009 9661
1009 1589
8611 9754
6350 6589
6350 7549
5386 7509
2185 8056
127 9877
128 7844
128 6266
6266 9111
129 536
129 5672
536 6933
536 6035
5672 7435
5672 9765
130 190
130 9978
130 4964
190 8510
190 5536
131 7099
131 9561
131 6912
6912 7250
132 8712
132 2199
132 2140
132 6656
132 1280
132 2243
132 8709
132 5588
2199 8763
2199 9589
2140 9854
2140 7925
2140 6398
1280 6563
1280 5948
1280 5861
1280 6732
1280 6170
1280 3066
1280 8819
2243 7796
2243 4000
2243 3769
8709 9169
5588 9635
5588 6200
5588 5926
133 2968
133 2090
133 6394
133 5543
2090 8279
2090 5519
2090 7045
2090 3173
6394 8793
6394 7753
134 2535
134 8311
2535 9213
2535 3991
2535 4872
2535 7619
135 8201
136 1354
136 5706
136 811
136 3037
136 3568
136 2696
1354 4726
1354 4959
1354 6632
1354 3190
1354 2123
5706 6458
811 6385
811 3211
811 8556
3037 3518
3037 9458
3568 9937
2696 6839
2696 6381
137 643
137 8097
137 4729
137 380
137 1284
643 5960
643 2134
643 2706
643 7727
643 5074
8097 8720
8097 8718
4729 7257
4729 5914
380 5125
380 8951
380 1310
380 3750
380 3708
138 5684
138 476
138 7257
5684 9645
5684 6189
476 9597
476 5833
476 3432
476 9000
139 1395
139 8527
139 8474
139 2888
139 9992
1395 7772
1395 6339
8474 8527
2888 9448
2888 9180
140 2119
140 2974
2119 2657
2974 9237
2974 7465
2974 6069
141 4260
141 190
141 9941
141 5846
141 3019
4260 4267
5846 6267
3019 8187
3019 6280
3019 5535
3019 8218
142 9039
142 2071
142 9272
9272 9397
143 5791
143 5254
143 3971
143 5955
5791 8866
5791 9711
5254 9015
5254 5871
3971 4356
3971 4377
5955 9017
5955 9319
144 6627
144 5231
144 236
144 4235
144 7932
144 4486
144 5864
6627 7933
5231 8466
236 2585
236 7808
4235 5032
4235 9966
4235 6804
4235 6060
7932 8285
7932 8160
7932 8219
7932 9843
4486 9328
4486 5745
4486 9190
4486 7524
5864 8532
5864 7285
5864 6148
145 6173
145 2839
145 1731
6173 8749
6173 8090
6173 9493
2839 5266
2839 6136
2839 8056
1731 5750
1731 3538
146 7426
146 6497
146 5858
146 3702
6497 7717
6497 9127
6497 8251
3702 4188
3702 8200
3702 6985
3702 8769
3702 6351
147 8462
147 7869
147 958
8462 8570
7869 9495
7869 8967
7869 8041
7869 8811
958 5185
958 1588
958 2660
958 2663
148 3906
148 7275
148 4969
148 8882
3906 7228
3906 5537
3906 9118
3906 9694
7275 9165
149 6689
149 2191
149 6912
149 9092
149 7221
149 7761
2191 2755
2191 4079
9092 9777
7761 8438
7761 9067
7761 8226
975 4617
975 2351
975 3053
6053 9607
6053 9316
696 5717
696 8321
151 6379
151 7161
151 2962
151 2879
151 2673
6379 7853
6379 8436
6379 9603
7161 9330
2962 6990
2879 4501
2879 6550
2879 9638
2879 2979
2673 4361
2673 5180
152 8074
153 4084
153 8732
153 3344
153 7470
4084 8971
4084 6118
4084 7127
4084 4312
4084 5809
4084 7598
4084 7077
4084 6700
4084 8318
8732 8905
3344 9637
3344 4225
3344 9940
7470 8833
154 4429
154 4861
154 5541
154 8356
154 9852
154 1673
154 674
154 8725
4429 5911
4861 7309
1673 5188
674 4040
674 3152
674 807
674 8915
674 9416
674 2661
155 5042
155 2315
155 5760
155 7913
2315 5302
2315 8578
2315 3577
2315 5294
7913 9548
6285 7193
6285 9761
202 2980
202 1963
6748 8345
2738 9627
2738 6568
2738 5874
2738 6047
2738 8792
7649 8215
1106 6802
1106 5773
1106 6659
157 4299
157 2724
157 9789
157 1253
157 592
157 3339
4299 5496
4299 8104
4299 7161
2724 6490
2724 3238
1253 3385
592 9986
592 9462
592 912
592 3979
592 1584
3339 5881
3339 9353
3339 4901
3339 5298
158 8174
158 7819
158 8144
158 852
158 9800
158 6053
852 5533
852 1208
852 9470
159 7390
159 2741
159 4804
159 5006
159 2855
159 7981
7390 9148
7390 9629
2741 2928
2741 2979
2741 3809
2741 6875
4804 5031
2855 8984
2855 9593
2855 9825
2855 3010
7981 9199
160 1747
160 5630
1747 2395
1747 4414
1747 3285
1747 5074
5630 8738
161 1784
161 3404
1784 6092
1784 9879
1784 7868
3404 9972
3404 5023
3404 9477
162 8760
162 2850
162 1447
162 2797
2850 3845
2850 5999
2850 3934
2850 9901
2850 9858
2850 4691
1447 6656
1447 4814
1447 9005
1447 2209
2797 9965
2797 7654
2797 9716
2797 7008
163 6752
163 3005
163 6255
163 1404
163 1683
163 9493
6752 9516
3005 3544
3005 5720
6255 6747
1404 9687
1683 6354
1683 1930
1683 6352
164 3501
164 463
164 327
3501 4755
463 3907
463 8224
327 6251
327 7787
327 5407
165 4787
165 1291
4787 9580
4787 7773
1291 2084
1291 9609
1291 7092
1291 6446
167 4553
167 5307
167 9665
167 724
167 7288
167 4452
167 4696
724 2941
724 1812
724 7860
724 7250
7288 9096
4696 9715
4696 9992
4696 6454
4696 7466
168 1096
168 585
168 1359
168 7629
168 2228
168 2589
168 4369
168 2859
1096 9485
1096 4427
2228 5631
2228 6920
2228 7271
2228 4620
2228 5909
2589 9504
2589 6128
2589 7548
2589 8668
4369 9002
4369 4509
4369 8560
2859 6779
2859 4664
2859 5171
2859 5907
169 1978
169 7885
169 9086
1978 1999
170 9778
170 8831
170 5367
170 7218
9778 9816
5367 7205
7218 9035
171 2620
171 4050
171 4191
171 8948
171 1461
2620 4677
2620 5414
2620 7138
4050 7292
4191 6819
4191 7728
4191 7808
8948 9966
1461 9455
1461 2895
1461 5160
1461 4420
1461 8478
172 3105
172 2301
172 1681
172 2931
172 1418
172 729
3105 8247
3105 9112
2301 3452
2301 4851
1681 6639
1681 2538
2931 8391
2931 8353
2931 9292
2931 8735
1418 2199
1418 2027
1418 3713
1418 1749
1418 7349
1418 7588
1418 4972
1418 9541
729 8404
729 1887
173 8176
173 1474
173 7270
173 7515
173 2349
1474 4879
7270 8504
174 3960
174 6450
3960 5795
6450 7632
175 8385
176 1222
176 5497
176 5153
1222 2888
1222 3299
1222 7200
5497 6734
5497 8966
5497 6800
5153 9870
177 6197
177 7409
6197 6689
6197 9557
178 3110
178 4664
178 5594
178 5845
178 9389
3110 7345
3110 8311
3110 9396
5594 7837
5594 6844
5594 9064
5845 9788
5845 6257
5845 6330
179 4226
179 3438
179 3043
4226 6526
4226 5807
3438 9348
3438 9449
3043 4836
3043 6125
3043 6903
180 4118
180 2934
180 1320
180 4273
4118 7278
4118 4837
2934 3491
2934 5286
1320 2963
1320 3295
4273 5384
4273 6788
4273 7498
181 8155
181 3861
181 708
181 9091
181 4511
181 7606
3861 7294
3861 5826
3861 9269
708 6613
708 4200
708 5391
9091 9458
4511 9783
4511 7117
7606 7988
7606 9590
182 3681
182 3636
182 1778
3681 6385
3681 3770
3636 8370
3636 7347
3636 7260
1778 6368
1778 8401
1778 5574
183 6080
183 8419
183 9459
6080 8763
6080 7967
8419 9375
184 1032
184 5472
184 4850
184 7879
184 6640
1032 6055
1032 8202
5472 9365
5472 9624
4850 6998
4850 7110
4850 9574
7879 8079
6640 9905
185 7124
185 1599
185 6879
7124 8992
1599 9285
1599 8977
186 9816
186 5955
186 3162
3162 4341
3162 5780
187 4683
187 2541
187 1881
187 9002
187 7305
4683 7704
2541 8069
2541 8088
1881 8318
1881 7262
1881 4619
7305 9366
188 2126
188 9963
188 6479
2126 4352
2126 6050
2126 3921
2126 7947
6479 8526
6479 6791
6479 8768
189 7946
189 9183
189 8276
189 6422
189 4291
189 8731
4291 6218
4291 8812
8731 9329
5536 8246
5536 6924
191 8796
192 9036
192 8059
3857 7003
3857 8898
3857 6170
3857 7179
3857 6962
5806 9503
5806 7257
5806 8516
8680 9147
195 9083
195 2863
195 3461
195 2655
195 9899
9083 9950
2863 3463
2863 3796
3461 8101
3461 7494
3461 6377
2655 6913
196 4073
196 2561
196 2756
196 3246
4073 8585
2561 6169
2561 8414
2561 6139
2756 8437
2756 3759
2756 4731
197 2935
197 8485
197 2692
2935 7042
2935 5832
2935 4562
2935 8186
8485 9160
2692 7907
2692 6400
2692 5477
2692 9011
198 8590
198 1033
198 1130
1033 1439
1033 7469
1033 6072
1130 4718
1130 7784
1130 4399
1130 1167
1130 2252
1130 2290
199 5879
199 1927
199 9485
199 6642
199 9572
199 3133
199 1509
199 6689
5879 8371
5879 8628
1927 8655
1927 7665
1927 8278
6642 8539
6642 8825
6642 9131
3133 4712
3133 5066
200 8155
200 8781
200 7916
200 9254
7916 8912
7916 9844
7916 9435
201 871
201 6343
201 5549
871 1616
871 9098
871 4869
871 5897
6343 7553
5549 7432
2980 3575
2980 8477
2980 9990
2980 7455
1963 4626
1963 5570
203 8375
203 4872
8375 8968
4872 8021
4872 6055
4872 9509
204 3496
3496 7512
3496 4451
3496 3707
205 3479
205 8238
3479 9873
3479 3739
3479 7843
3479 8713
8238 8955
206 3142
206 5699
206 3209
206 6642
3142 6373
3142 9699
3142 4634
3142 7061
3142 9395
5699 6531
5699 9526
5699 9610
3209 7361
3209 5048
3209 8651
207 5255
207 2394
5255 5933
2394 9712
2394 3641
2394 3215
208 9524
208 4267
208 6786
208 3366
9524 9609
4267 9185
4267 9411
3366 7438
3366 9660
3366 6368
3366 4740
3366 6479
209 9333
209 6675
6675 9944
210 3757
210 7633
3757 4888
7633 9493
211 2970
211 7103
211 8996
211 2732
211 7205
211 7952
211 7048
211 6786
211 5768
211 3904
2970 9724
2970 8851
2970 6692
2970 3884
2970 4328
2970 8426
2970 3054
2970 3319
2970 6416
7103 8229
7103 9595
7103 8397
7103 8864
2732 6094
2732 8284
7205 9618
7205 7856
7952 8380
7952 9681
5768 9156
5768 8708
5768 9111
3904 5431
3904 4179
212 1058
212 7036
1058 1637
1058 3822
1058 1845
7036 8474
7036 8466
7036 9346
7036 7399
213 693
213 6591
213 3684
213 3288
693 899
693 3885
693 6302
693 4013
693 5093
6591 7974
3684 8855
3288 3492
3288 4756
3288 8077
3288 6461
214 5364
5364 7842
5364 9583
215 6757
215 9335
9335 9371
216 2383
216 8277
2383 6838
2383 6552
2383 5759
217 395
217 1058
217 3367
217 7979
217 7772
217 5507
217 2587
395 524
395 1450
3367 6473
5507 6882
5507 8897
2587 3376
2587 3232
2587 8924
218 3004
218 1856
218 7767
218 5457
218 1891
218 7747
1856 6229
1856 6508
1856 9704
5457 8303
5457 9787
5457 5617
1891 2645
219 264
219 4839
4839 7607
4839 7959
4839 8151
220 1463
220 5474
220 7350
220 7266
1463 3370
1463 4373
1463 3468
1463 6796
7350 8514
7350 9250
7266 7830
221 9963
221 2372
221 5711
221 9670
221 676
221 9463
221 586
221 9549
221 5774
2372 6777
2372 3596
2372 4881
2372 6468
5711 7108
5711 8655
676 2954
676 3936
586 3310
586 6510
586 4155
586 3868
586 3161
586 2255
5774 8478
5774 8977
222 6814
222 8222
222 8654
222 6674
222 4319
6814 9249
6814 7736
6814 8584
223 9663
223 810
223 9858
223 6708
223 7370
223 5114
5114 5306
2990 9647
2990 7625
2990 6451
3125 5167
3125 3444
3785 6355
3785 7880
3785 9609
3785 4365
3785 5249
225 2624
225 6589
225 4839
225 4695
225 4689
2624 4691
2624 8929
2624 5251
6589 9150
6589 6899
6589 8065
4695 5621
4689 4954
4689 5955
4689 5014
226 674
226 7365
226 6924
7365 7776
7365 9651
7365 8832
6924 8090
834 8530
834 4892
834 9436
834 8915
8404 8604
6207 8822
6207 7670
301 338
301 6188
301 9594
2234 8892
2234 8431
2234 5581
228 1089
228 8640
228 1520
228 2257
1089 5892
1089 4920
1089 1946
8640 8872
1520 1858
1520 8761
1520 5391
229 3188
3188 7650
3188 9784
3188 7271
3188 5130
3188 5172
230 862
230 2700
230 8782
862 9598
862 7729
862 5915
862 9655
862 7542
862 8987
2700 7626
2700 4466
2700 6722
2700 3841
2700 4194
231 6540
6540 8470
232 9689
232 5448
232 3760
232 7410
5448 5479
5448 7089
5448 5968
5448 5512
5448 9824
5448 5525
3760 6345
3760 5898
3760 9077
233 6084
233 7477
233 6198
233 669
6084 7464
6084 7266
7477 9831
669 2480
669 4149
234 9937
234 6422
234 8096
234 5895
8096 9398
5895 7376
5895 9803
235 7690
235 904
7690 9257
7690 7721
904 2607
904 1862
904 5721
904 5356
904 8310
2585 8329
2585 7273
2585 5224
2585 8599
2585 7061
2585 8298
2585 3319
2585 3192
7808 8203
7808 9792
237 1429
237 745
237 8403
237 1052
1429 2106
1429 3584
1429 5094
745 3607
745 3964
745 2510
745 5511
745 6133
745 7963
1052 1091
1052 3554
1052 9732
1052 3686
1052 7428
1052 2367
1052 1745
238 3404
239 7052
7052 9981
7052 9904
240 8974
240 9056
240 7120
240 6362
240 8965
240 2816
240 4154
9056 9531
7120 8222
6362 9072
2816 8779
4154 5503
241 7815
241 6980
7815 9543
6980 9356
242 6309
242 6534
242 8159
242 6686
242 6170
6309 6390
6309 7695
8159 8984
8159 8410
6170 8915
6170 6259
6170 7761
6170 7574
243 8213
243 3870
243 6298
3870 5813
6298 8063
244 7418
244 4432
244 294
244 4371
244 8474
4432 7232
294 2921
294 6990
294 8597
4371 6639
4371 4732
4371 8660
245 4616
245 9975
245 6352
4616 5569
4616 9536
4616 5826
6352 8433
6352 7040
246 3230
246 1443
246 7512
3230 8584
3230 6953
3230 8513
1443 3630
1443 6547
1443 7703
7512 9668
247 7590
247 7367
247 8938
247 8442
247 3702
7590 9021
7590 8605
248 9991
248 754
754 7953
249 9169
249 4122
4122 6873
250 9883
251 1993
251 4009
251 5544
251 9352
1993 3579
1993 5348
1993 5418
1993 4834
1993 6327
1993 7523
4009 8092
4009 9035
4009 8811
5544 9440
252 472
252 3493
472 4765
472 8476
3493 4070
3493 4889
3493 9038
3493 3652
253 2427
253 8927
253 8571
2427 3520
2427 4388
8571 8660
254 9476
254 2097
2097 3829
2097 7412
2097 4114
2097 4543
2097 6174
2097 9695
2097 3127
255 2635
255 4330
255 3109
2635 7574
2635 4947
2635 7046
4330 7566
4330 5814
4330 7949
3109 7360
3109 6785
3109 4265
3109 4582
256 7803
256 6937
256 8096
256 5539
256 3881
256 1744
256 7919
6937 7266
1744 6570
1744 9965
1744 3173
1744 5825
1744 2337
1744 2465
7919 8862
257 9136
257 689
257 8199
257 1153
257 5094
689 2289
689 7792
1153 1515
1153 8828
1153 7273
1153 2402
5094 7540
5094 7936
5094 9723
258 7363
258 1688
258 3632
258 6602
258 5494
7363 8529
7363 8554
7363 9196
1688 6663
1688 5490
1688 2944
1688 2633
1688 7039
3632 4751
6602 7387
5494 7674
259 666
259 6314
666 2209
666 2919
6314 8342
6314 9523
6314 9634
260 1525
260 4503
260 6863
260 8724
260 3553
1525 2532
1525 8693
1525 4096
1525 1542
4503 7236
6863 8793
8724 9376
3553 9335
3553 3924
3553 6204
3553 5410
261 8759
261 7105
7105 7970
3620 6643
3620 4158
5792 9790
5792 9971
5792 6578
5956 8682
5956 8796
263 4293
263 3936
263 6576
263 6830
263 8153
4293 4455
4293 7094
3936 5522
3936 8461
6576 7487
6576 7327
6830 7925
1137 2595
1137 9218
265 6926
265 7379
265 5717
6926 7742
6926 8415
7379 7937
7379 9555
7379 9295
7379 9962
5717 8687
5717 7605
5717 9004
5717 6726
266 1577
266 2480
266 6545
266 7485
266 8642
266 4525
1577 3866
1577 3078
2480 7515
2480 8032
2480 6579
6545 8532
6545 8188
6545 8107
4525 6454
4525 7769
4525 7518
4525 6640
4525 9158
267 7192
267 7228
267 9491
267 2732
267 8526
7228 7898
8526 9073
268 8013
268 6531
268 9897
6531 9135
6531 9291
269 6947
269 3761
269 6626
269 6524
6947 8253
6947 8647
3761 4100
3761 5342
3761 4384
6626 8625
6524 9646
270 2410
270 2932
270 2141
2932 6272
2932 8316
2932 4764
2141 9276
271 9758
272 9259
272 8081
272 3152
272 4915
272 8448
272 6139
272 7272
272 9625
272 1206
9259 9764
8081 9679
8081 9377
3152 4326
3152 5370
8448 9587
8448 9851
6139 8377
7272 7523
9625 9832
1206 1463
1206 9793
1206 7490
273 3000
273 3522
273 768
273 8823
3000 9883
3000 7883
3000 3288
3522 5349
3522 3557
3522 8025
768 1845
8823 9341
8823 9040
8823 9270
274 1566
274 7115
274 8146
274 1656
274 9660
7115 9033
1656 3469
275 5730
275 9467
276 5386
276 644
276 1582
276 2023
276 3726
276 2697
276 5251
276 514
644 1108
644 9181
644 3660
644 6770
644 7398
644 1011
1582 6355
1582 7879
2023 3459
2023 5846
2023 3581
3726 7550
3726 8259
2697 4432
2697 9042
2697 8720
2697 4291
5251 6517
5251 9968
5251 7265
514 845
514 9701
514 7151
277 7741
277 5621
277 5503
277 9200
5621 7294
5621 7618
5621 9836
5621 8755
5503 8165
278 6906
278 3652
278 6926
3652 4169
3652 6636
279 8416
279 653
653 9353
2113 4152
2113 5884
2113 5795
2113 5592
8076 9488
3574 4130
3574 7888
3574 9696
3574 5712
3574 8569
3574 6335
3574 6299
2713 6161
2713 3756
2713 5265
2713 3261
2713 8164
8480 9509
8480 9384
8107 9921
4596 8095
4596 7096
3571 7388
3571 7572
3571 5549
3571 8101
3571 8823
6636 9048
6636 8956
6636 7908
281 5851
281 7075
282 6170
282 1201
1201 7070
1201 3568
1201 7189
1201 8848
1201 2106
283 9793
284 3830
284 4006
284 2752
284 9714
284 2360
284 9901
3830 4983
4006 9612
2752 8774
2360 8336
2360 6478
2360 7872
2360 7581
285 3940
3940 5861
286 7443
286 4570
4570 6831
4570 6342
4570 6099
4570 8258
287 1285
287 8022
287 3191
3191 5868
288 1398
288 8336
288 1157
1157 7245
1157 9123
1157 5027
289 8440
290 1230
290 2400
1230 4534
1230 6301
2400 4895
291 6817
291 5239
291 2077
6817 8611
6817 8730
5239 7736
5239 9777
5239 6605
5239 8469
6834 9441
6834 8966
6834 9491
6834 7956
1623 5999
4516 8246
4516 9273
4516 5357
293 348
293 4894
293 8448
348 5108
348 7773
348 7932
348 7897
2921 9129
2921 9577
6990 7765
8597 9258
295 5052
295 299
295 3801
295 4679
295 6725
5052 6139
5052 7140
299 4535
299 9472
299 468
299 4871
299 3082
3801 6854
3801 4887
3801 9902
3801 5098
4679 9019
4679 5188
4679 7064
6725 6804
6725 9693
296 7918
296 5294
296 507
296 1667
296 8254
296 6194
7918 8452
5294 5390
5294 8195
507 4253
507 1684
507 1694
507 9345
1667 8107
1667 6912
1667 2975
8254 8910
6194 7549
6194 7570
297 2423
297 2059
297 8432
297 382
297 1980
297 6639
297 2138
297 1996
2423 6964
2423 4396
2423 9301
2423 7407
2059 8797
2059 6802
2059 8327
2059 7267
2059 6715
382 2190
382 3026
382 5064
382 3005
382 3204
382 7497
1980 6442
1980 8512
1980 4451
1980 6300
6639 9977
6639 8775
2138 7759
2138 3345
1996 2392
1996 6338
1996 9861
298 8527
298 6231
298 2464
6231 7446
6231 9316
468 7972
468 6780
468 6624
468 5161
468 2154
4871 6688
4871 9135
4871 7807
4871 7583
300 2163
2163 9026
2163 3374
2163 3336
2163 5321
2163 3445
2163 8535
338 7892
338 7605
338 9781
338 5963
6188 6747
4483 6150
4483 6275
4483 9293
4483 9848
4483 8516
4483 7196
6357 9160
6357 6600
6246 7599
5653 9148
303 7964
303 1494
303 5019
303 1931
1494 5184
1494 5718
1494 9453
5019 9606
5019 9272
1931 1953
1931 4428
1931 2140
1931 3036
304 716
304 2621
2621 8943
2621 5011
2621 5911
2621 4020
2621 6566
2621 8530
305 1208
305 9356
305 7038
1208 4037
1208 5101
1208 4794
7038 7853
306 4769
306 4471
306 6610
4769 8599
4769 7304
4471 4875
4471 7452
4471 7653
4471 4482
4471 6866
4471 4676
4471 7142
307 8556
307 5067
307 6309
5067 8016
5067 9295
308 1867
308 9831
308 6783
1867 3032
1867 3897
1867 5251
1867 2299
1867 3173
1867 4715
309 1023
1023 7114
1023 2725
1023 1616
1023 1220
1023 8450
310 6884
311 6255
312 6634
312 1583
312 4260
312 9606
1583 6002
1583 7033
1583 3332
9606 9764
313 5688
313 1879
313 9170
5688 6494
5688 8831
1879 2253
1879 8559
1879 4445
1879 2746
314 8210
314 2010
8210 8469
2010 5000
2010 6207
3831 6053
3831 7969
3831 9584
3831 7767
3831 9265
3831 3923
3831 7634
316 8650
8650 9075
8650 8884
317 1389
1389 9225
1389 9882
318 4312
318 7092
4312 9545
4312 9291
4312 6831
4312 9480
4312 6840
319 3293
319 3054
319 6470
319 4011
319 401
319 1323
3293 9340
3293 6276
3293 4626
3054 6799
3054 7940
6470 7484
6470 6892
4011 7247
4011 9019
4011 9425
4011 5171
4011 8448
401 1022
401 3404
401 9578
401 2059
401 1009
320 2865
320 3751
320 8228
320 955
2865 3804
2865 3803
2865 6452
2865 7752
2865 3119
3751 5363
3751 8327
8228 8487
955 2329
955 5681
955 8405
955 8585
321 336
321 9112
321 5699
336 6135
336 5905
9112 9641
322 2318
322 8803
2318 7975
323 1907
323 2623
323 9324
323 5754
1907 3059
1907 4973
1907 4134
2623 6144
2623 8830
5754 7727
5754 9616
1712 9353
1712 8559
9230 9645
8807 9530
8807 9136
5915 9273
5915 6011
5915 8630
326 6752
326 942
326 5453
326 2846
326 8145
326 6656
2846 4098
2846 7154
6251 8085
6251 8875
6251 6449
7787 8435
5407 7812
5407 6619
328 4984
328 4624
328 2735
4984 9630
4624 7213
2735 7423
2735 5287
329 4856
329 2373
329 8727
329 6955
4856 9384
4856 5982
4856 7516
2373 7430
8727 9845
8727 8730
330 4144
330 9697
330 5526
330 8317
330 9048
330 5767
330 7629
4144 6567
4144 6354
5526 6551
5526 8843
5526 7744
5526 9712
8317 9110
5767 9749
5767 7373
331 5273
331 6632
331 5057
331 4572
331 565
331 8544
5273 9837
5273 5325
6632 9384
5057 5540
4572 9325
4572 8040
4572 5836
565 4642
565 7855
565 2198
565 2905
8544 9774
8544 8745
332 6825
332 5635
332 8597
332 2846
5635 8573
5635 5653
5635 9971
333 3535
333 8266
8266 8941
334 9407
334 5214
334 8323
334 2329
334 1860
8323 8699
8323 9168
8323 9210
2329 7119
2329 4594
2329 4468
1860 3561
1860 9323
1860 5590
1860 2456
335 1880
335 3932
335 5884
1880 7245
1880 6253
1880 8532
1880 5658
1880 7595
3932 5157
5884 5893
5884 9867
6135 7953
6135 8858
5905 9989
5905 6678
5905 8505
337 2299
337 4033
337 8693
2299 8801
2299 5142
2299 3995
2299 3273
4033 7465
4033 6896
4033 9742
4033 6318
4033 7186
8693 9942
7892 8218
7605 8506
5963 7023
339 2184
339 2939
339 4026
339 6630
339 6270
2184 7940
2939 5921
4026 7133
6630 8342
6630 8730
6270 6653
340 1152
340 8885
1152 2078
1152 8084
1152 8481
1152 5812
1152 2592
341 980
341 6971
980 4553
980 5873
980 7493
6971 8583
342 9451
342 6230
342 2016
342 9569
343 6857
343 5885
343 9566
5885 8683
5885 8201
5885 7402
9566 9971
344 9604
344 1616
344 2478
344 6689
344 2085
344 417
9604 9988
1616 8920
1616 9562
1616 3738
1616 9424
2478 7223
2478 5460
2478 8749
2478 9131
2085 2339
2085 5057
417 5572
417 5993
417 6061
417 526
417 8897
345 1341
345 2301
345 5076
1341 5604
346 6256
346 9177
346 8770
346 3554
346 5472
6256 7246
8770 9978
8770 9071
3554 4627
3554 4251
3554 4257
3554 7789
3554 5692
347 4685
347 2692
347 1399
347 5282
1399 2928
1399 8494
1399 2539
1399 4738
1399 1815
1399 9435
5282 9426
5282 5944
5108 9807
5108 5312
7773 9037
349 1698
349 1661
349 1596
349 2988
349 6101
349 6984
349 6931
1698 4708
1661 2831
1596 2829
1596 4365
1596 7726
1596 9786
1596 6184
2988 6715
2988 5106
2988 4173
2988 9513
2988 6050
2988 6680
2988 3716
6101 9133
6101 6659
6101 9218
6984 9027
6984 8164
6931 8936
350 1847
350 6540
350 4813
1847 7152
1847 3936
1847 2430
4813 6613
351 4188
4188 7603
4188 7279
4188 8034
352 4731
352 6028
4731 7562
4731 6045
4731 5993
6028 8426
6028 8802
6028 8127
353 9446
353 3727
3727 5438
354 1156
1156 4476
1156 9464
1156 8282
355 2509
355 1781
355 8700
2509 2802
2509 3572
2509 7923
1781 6277
1781 3790
1781 2157
1781 9746
1781 9561
4108 9626
3778 7646
3778 4870
3778 5327
3450 6616
3450 8852
357 5873
357 923
357 465
5873 6339
5873 6378
923 6001
923 8071
923 5859
465 4571
465 1469
465 7178
465 7561
358 1327
358 2745
358 5608
358 2177
358 4360
1327 8931
2745 6694
2745 5192
2745 4017
2745 6733
2177 8341
2177 9575
4360 6342
4360 4854
359 9791
359 8656
359 8264
359 1772
8656 9636
1772 4775
360 595
360 9931
360 4020
360 3136
595 2458
595 812
595 8618
595 1337
595 8011
4020 7231
4020 5142
4020 7398
3136 4075
361 5494
361 1014
361 4067
361 4553
1014 3235
1014 8420
1014 2275
1014 2360
1014 1547
4067 6053
362 3222
362 5500
3222 5154
3222 7340
3222 3757
3222 4099
3222 4972
3222 9287
5500 9809
5500 9119
363 8941
363 1011
363 2705
363 7548
363 9995
8941 9141
1011 2964
1011 4183
1011 8863
1011 2629
2705 9020
2705 2752
2705 4769
2705 4282
2705 9384
7548 7978
364 4363
364 5996
364 6102
364 6456
364 2769
364 1738
4363 9977
5996 9273
5996 7110
5996 6935
6102 6276
6456 6939
2769 3059
2769 3134
2769 5402
1738 7732
1738 5687
1738 5298
1738 6389
1738 3555
1738 6766
1738 8937
1738 7438
365 797
365 3974
365 5898
365 9023
797 2776
797 3757
3974 8211
5898 7811
5898 6364
366 9995
366 6684
366 4425
366 5723
4425 5327
4425 9118
4425 9105
4425 5431
5723 7228
5723 8012
367 9601
367 8470
367 8000
367 6984
367 9137
9601 9771
8000 9712
9137 9406
9137 9786
1537 5948
1537 3217
1537 5172
1537 2567
1537 8076
1537 2845
1149 5422
369 9051
369 3403
369 8134
369 9593
3403 7387
370 2636
370 2144
370 4880
2636 5580
2636 8172
2636 7030
2144 3688
2144 4737
2144 6398
2144 7732
4880 6840
4880 6367
4880 8173
371 6107
371 1878
371 7996
371 942
371 1349
371 4910
6107 7626
6107 6170
6107 7344
6107 9206
1878 8266
1878 4422
1878 2181
1349 4946
1349 3479
4910 8040
4910 8987
372 1520
372 6435
372 7702
372 4751
372 1930
372 8645
6435 8747
4751 8193
4751 6672
1930 4445
1930 7811
1930 4600
1930 9515
1930 4068
1930 6205
8645 9047
373 1087
373 4710
1087 9088
1087 8040
1087 8453
1087 2510
1087 9968
1087 8060
1087 7587
4710 9441
4710 8567
4710 9409
374 7727
374 9905
374 7642
374 3176
374 1552
7727 9423
7727 9910
7727 8402
7727 8799
7642 9432
3176 9739
1552 8351
1552 8877
1552 3644
375 7740
375 8897
375 6674
375 3997
7740 8392
7740 9936
3997 8112
3997 7679
3997 4046
3997 8995
3997 9418
3997 4629
3997 4657
376 745
377 7403
377 3291
377 8421
377 3993
7403 8665
7403 9302
3291 5999
3291 6958
3993 5465
3993 7470
378 6006
378 5388
378 1171
378 8651
378 2224
6006 6590
6006 7648
5388 8017
5388 8964
5388 9975
1171 1382
1171 2150
1171 9462
1171 9498
1171 7534
1171 4466
8651 9970
2224 7265
379 8318
379 7581
379 1126
379 4539
7581 9341
7581 8214
7581 9099
1126 8624
1126 5037
4539 7424
8951 9017
1310 2196
1310 7955
1310 2008
1310 3903
3750 7628
3750 5088
3750 4097
3750 4912
3750 5004
3708 5199
3708 8004
3708 5463
381 9851
381 4728
381 9956
381 3445
381 5040
4728 5239
3445 7543
3445 5190
3445 4775
3445 5209
3445 8834
5040 7526
5040 7861
2190 3458
2190 8123
2190 7162
3026 4666
3026 6252
3026 9065
5064 5587
5064 9027
3204 9053
3204 9812
3204 9500
3204 8995
383 2774
383 3263
383 3491
383 5632
383 3554
383 2676
2774 4556
2774 3245
3263 6683
3263 4048
3491 8095
3491 5365
2676 3681
384 6215
384 8379
6215 8107
6215 7508
6215 6770
385 3068
3068 7033
3068 8013
3068 6798
3068 3433
386 5770
386 3533
386 2987
386 5268
386 5516
5770 7357
5770 6194
5770 8315
3533 8373
3533 5950
3533 8732
2987 9074
2987 4134
2987 4201
5268 8529
5516 7405
5516 8086
5516 7021
5516 8588
387 1228
387 5543
387 5273
1228 8164
1228 9885
1228 7988
1228 1445
388 3600
388 6180
388 8406
3600 4522
3600 9987
6180 9942
6180 8690
8406 8541
8406 8555
390 8362
390 9217
390 7053
7053 7478
7053 9663
391 8968
391 3092
391 1776
391 5258
8968 9867
3092 9824
3092 6009
3092 4937
1776 9523
5258 7647
392 5245
392 7869
392 2239
392 4582
392 5063
392 7720
392 7566
5245 5388
5245 9634
2239 8485
2239 2419
2239 3574
2239 5815
4582 7933
4582 8147
5063 5126
5063 8867
5063 5389
393 4672
393 3729
393 5982
393 8301
393 5599
393 5435
4672 4842
4672 8867
4672 7128
4672 5410
5982 8028
5982 8491
5982 8254
5982 6505
5435 5489
5435 9067
5435 9601
5435 6727
394 9454
394 8237
394 2023
394 9809
394 6830
394 8082
394 2369
8082 8286
8082 8940
2369 3366
2369 9869
2369 3829
2369 6825
524 7507
1450 7682
1450 4741
1450 4575
1450 3495
1450 6255
396 2804
396 1263
396 3014
396 7505
2804 6184
2804 6919
2804 6343
2804 4664
2804 5144
1263 5923
1263 3732
1263 5952
3014 8673
3014 3299
7505 9527
7505 8140
7505 8529
397 4393
397 7293
397 4533
397 2479
4393 7589
7293 8107
7293 9109
7293 7957
2479 9982
398 5023
398 4416
5023 6583
4416 5045
4120 9939
4120 8587
4120 8101
4120 9840
7555 7642
1887 8540
1887 3415
6516 7111
6516 9332
400 7237
400 9570
7237 9763
7237 8948
7237 9832
1022 2675
1022 6669
1022 2881
402 3225
402 4548
402 9898
3225 7439
3225 6690
3225 3464
3225 5203
4548 9536
403 8732
404 4940
404 2474
404 6911
404 2537
404 7056
404 1172
4940 8332
2474 7010
2474 6793
6911 8875
2537 8877
2537 6762
2537 5774
2537 4119
7056 8566
1172 3856
1172 1741
1172 4085
1172 7507
1172 6850
405 945
405 4341
405 2072
405 3153
405 5601
405 3246
405 9653
945 5203
945 5458
945 4059
945 8027
945 7629
4341 4917
4341 8416
4341 6062
4341 6818
2072 9874
2072 6169
2072 7153
2072 4151
3153 5053
3153 9497
5601 7184
5601 7790
406 689
406 5585
406 2484
5585 6865
5585 6005
5585 8014
2484 7935
2484 2792
2484 9454
3303 4828
3303 7941
408 4848
408 7733
4848 5669
4848 5138
4848 7678
7733 8691
409 8529
409 7905
409 5626
8529 8590
7905 9964
410 1465
410 447
410 7917
410 5526
410 4234
1465 6308
1465 3727
1465 5691
447 3951
447 9421
447 7201
447 1985
447 995
447 6866
447 450
7917 9785
4234 9687
4234 8132
4234 8236
411 5826
411 2699
411 3394
411 3533
5826 8278
5826 9504
2699 5982
2699 4330
2699 3154
2699 3350
3394 4917
412 4737
412 1542
412 1546
412 1778
412 8862
412 6118
4737 6358
4737 8012
1542 9564
1542 9509
1542 4258
1542 8370
1542 4774
1542 9211
1546 5812
1546 8471
1546 5530
1546 8973
1546 5743
413 3886
413 2803
413 7994
413 453
413 6212
3886 4129
3886 6819
2803 8457
2803 7360
2803 8421
2803 6428
2803 8558
453 1152
453 1544
453 2827
6212 9952
6212 9473
6212 7694
414 8867
414 4085
4085 8822
4085 6155
415 4166
415 7460
415 7877
415 8229
415 1904
415 7383
4166 5356
4166 9369
7460 9035
7460 9655
7460 9373
8229 8537
1904 4851
1904 5890
7383 7940
7383 9750
416 2403
416 983
416 9986
2403 7663
2403 7652
2403 2977
983 4596
983 6378
983 3888
983 8852
983 6533
983 8534
983 1312
5572 9729
6061 7992
6061 6548
526 8691
526 954
526 4110
526 5201
526 6629
418 5270
418 3712
418 6254
418 8762
418 2630
418 9488
418 5062
418 9080
5270 8929
5270 7619
5270 7454
3712 9343
3712 5982
3712 7165
6254 7161
8762 9853
2630 7150
2630 8114
2630 8425
2630 7552
2630 6491
2630 5121
5062 5374
419 4271
419 625
419 3385
4271 5652
625 2182
625 7762
3385 5149
3385 3485
420 7863
420 7488
420 2098
2098 8012
421 2565
421 8370
421 4234
421 2866
421 9327
421 9543
421 1179
2565 9746
2565 7813
2565 7858
2565 4615
2565 7600
1179 6807
1179 5019
422 8973
422 628
422 1017
422 4770
422 6593
422 3703
422 8671
422 8899
8973 9983
628 5453
628 1939
1017 5084
1017 1392
1017 2830
1017 1176
4770 5237
4770 8999
4770 8915
6593 6815
6593 7321
6593 9767
423 9993
423 6432
423 2079
423 3854
423 743
6432 7663
2079 4509
2079 9377
3854 6652
3854 3921
3854 4918
743 3361
743 4830
743 5121
424 1156
424 6810
424 7831
425 1437
425 6180
426 4834
426 7246
426 6565
4834 5090
4834 5370
7246 7813
7246 8177
427 9083
427 5479
427 6058
5479 9401
5479 8937
428 7898
429 1735
429 9261
429 9706
429 4851
4851 5918
4851 9549
4851 8677
430 2700
430 8916
8916 9245
431 8433
431 6766
431 3585
431 1786
431 774
8433 9234
6766 7780
6766 8840
3585 3659
1786 5093
1786 7049
774 5218
774 3278
432 814
432 5763
814 3333
814 1746
814 6988
814 1083
433 9884
433 2715
433 4519
433 6378
433 2763
433 4348
2715 4996
2715 3880
2715 3825
4519 8924
4519 9113
4519 4910
6378 7900
2763 8575
2763 2837
2763 3000
2763 4731
4348 6931
4348 7739
4348 8545
434 3094
434 5707
434 6554
434 2684
3094 6312
3094 7588
3094 8567
3094 9108
5707 6933
5707 6326
5707 9349
2684 2985
5219 9360
5219 5716
5219 5293
3177 6046
3177 5233
6187 7119
6187 8736
437 9278
437 5398
437 7414
437 2347
437 1552
437 8241
437 6948
5398 7554
5398 5703
2347 9928
6948 8863
6948 9688
6948 8550
438 9840
438 515
515 4688
515 7169
515 6037
515 4168
515 7466
439 7245
439 3831
439 4529
439 3456
4529 8733
4529 4688
4529 8850
4529 6494
4529 9797
4529 6163
3456 7334
3456 8708
3456 9388
3456 7022
3456 6306
440 3275
440 6724
440 3597
3275 7296
3275 6477
3275 6348
3597 9051
3597 8478
3597 4930
3597 6156
3597 5392
3597 8161
3597 4042
441 8706
441 8388
441 7465
441 757
7465 8011
757 2056
757 2099
757 2746
757 3415
757 6754
757 3242
757 8001
442 845
442 5874
442 8973
442 2922
845 9436
845 3471
845 1462
5874 8992
2922 8302
443 4193
443 5254
4193 7791
4193 5960
444 1699
444 6779
444 2997
444 5558
444 7770
1699 6035
1699 4980
5558 7543
7770 8293
445 5333
445 9760
445 7461
7461 9988
1908 4948
1908 9500
1908 6819
1908 9658
1908 5301
3113 4402
1288 2824
1288 5217
1288 5809
4556 7734
4556 5642
3251 8109
3951 8137
3951 9891
3951 7638
7201 7593
995 7450
995 9362
995 7219
450 8931
450 8721
450 4092
450 1454
448 5580
448 2167
448 4676
448 7648
448 8226
5580 6541
5580 9386
5580 5671
2167 4947
2167 4059
2167 3728
2167 6952
2167 3542
4676 7475
4676 6845
4676 7659
7648 9675
7648 9491
449 7466
7466 9730
8721 9583
4092 9825
4092 9955
4092 7659
1454 9862
1454 4782
1454 2070
1454 6876
451 3972
451 1294
451 6188
451 3146
451 5515
451 6626
3972 6567
1294 3304
3146 4677
5515 6896
5515 8203
452 9480
452 1453
1544 1637
1544 3831
1544 3611
1544 9688
1544 2649
1544 9771
2827 6372
2827 3512
2827 8906
2827 9551
2827 3535
454 3317
454 4010
454 2965
454 2328
454 7446
454 4752
3317 6571
3317 7350
3317 9613
3317 6594
3317 3598
4010 7728
4010 8037
4010 9231
2328 6089
2328 7186
7446 9568
4752 8130
4752 7676
4752 5544
455 9040
455 2861
455 1532
9040 9574
2861 8037
2861 8250
2861 3990
2861 9777
1532 9206
1532 6160
1532 6525
1532 5602
1532 7348
456 4735
456 5671
456 5872
456 6500
4735 8606
4735 5606
5671 8837
5671 5911
5671 7476
457 4776
457 5044
457 7834
457 9931
4776 6826
7834 9517
7834 9639
7834 8683
458 6654
458 1260
458 7067
6654 9684
1260 8631
1260 3239
7067 7663
7067 9036
459 2265
459 5668
459 878
459 8076
459 6840
2265 9844
2265 4049
2265 9201
878 6777
878 1464
878 3214
460 6864
460 8088
460 9314
460 7146
460 8875
460 3182
6864 9230
8088 8652
8875 9651
3182 8487
3182 5560
461 6072
461 6676
461 2220
461 5740
6072 9372
6072 8009
2220 2883
2220 6296
2220 3018
2220 8948
2220 4996
2220 9487
2220 2286
5740 7061
5740 8676
5740 7259
462 9131
462 5401
462 2440
462 2109
462 6723
5401 8151
2440 8348
2440 3991
2109 8406
2109 3073
2109 9375
2109 4948
2109 5306
2109 5630
6723 9375
6723 8031
6723 8369
3907 4377
464 4404
464 1169
464 9852
464 1907
464 7858
464 5716
464 527
4404 6391
4404 5583
4404 6434
4404 7593
4404 5409
4404 7556
5716 9746
5716 5872
527 2173
527 2231
527 3983
527 1854
4571 7793
4571 9050
1469 1626
1469 4471
1469 1963
1469 7261
1469 3385
7178 9853
466 3797
466 5969
466 6597
3797 5554
3797 8762
5969 6222
5969 7279
467 7906
467 4903
467 3235
467 7285
7906 7997
7906 9844
3235 3710
3235 5331
3235 6942
7972 9752
6780 7732
6780 7015
6780 7979
6624 7321
5161 9997
2154 4516
469 7744
469 9486
469 8132
7744 8938
7744 9583
470 9382
470 941
471 7122
471 6317
471 6619
471 9282
471 1167
6317 6980
1167 1250
1167 7328
1167 9431
1167 8457
1167 5275
4765 4993
4765 8968
4765 8640
4765 6698
8476 9776
8476 9507
8476 8665
8476 9783
473 5808
473 3795
473 8049
473 4105
473 3838
3795 7324
3795 5892
3795 7423
8049 9594
4105 7860
4105 9076
3838 6044
3838 9083
3838 6068
3838 8721
3838 7496
474 2293
2293 6388
2293 2519
2293 8558
2293 9617
475 2774
475 6050
475 7814
475 1942
475 9472
475 5364
475 1876
1942 7758
1876 6783
5833 9307
477 5783
477 7870
477 7391
477 6574
477 8611
477 6075
477 642
477 6723
477 3599
5783 7283
5783 9558
7870 8418
7870 9764
7391 8218
6574 7087
6574 8260
6075 8148
6075 9357
642 5218
642 5558
642 2367
3599 5224
3599 8801
478 7373
478 7718
478 2648
478 5152
478 5450
7373 9630
7718 8792
7718 9968
2648 5267
2648 4165
2648 9605
2648 9285
5152 9202
5152 8705
6746 7772
6158 6242
6158 9370
1828 4580
1828 8085
1828 4378
1828 3461
1828 8221
1828 4610
1828 6623
480 6304
480 7321
480 4509
480 7448
6304 7596
7321 7788
4509 8541
4509 5039
4509 5011
7448 7556
7448 9447
481 5393
5393 9010
5393 7386
482 2958
2958 3748
2958 9086
2958 5677
483 7216
483 4145
483 3407
483 3822
483 5153
483 6010
483 6051
483 4166
483 6546
483 8526
483 5821
483 2646
483 4335
483 4286
4145 7943
3407 5472
3407 9437
3407 5633
3407 8900
3822 9258
3822 9947
3822 8813
6010 7768
6010 6690
6051 8328
2646 5904
2646 7632
2646 3523
2646 3192
2646 6799
2646 3101
4335 6674
4286 5822
485 5038
485 749
485 2117
5038 6406
5038 9368
5038 6349
749 4360
749 7221
749 1772
2117 7817
2117 7596
2117 3236
2117 2267
2117 8785
2117 7087
486 9014
486 8383
486 5956
486 9272
486 4192
486 3375
3375 6394
487 9674
487 2850
488 3125
488 3658
488 7374
488 2170
488 1512
488 3904
7374 8646
2170 7651
2170 8944
1512 7183
1512 4807
489 5844
489 9535
489 4472
489 2610
489 7520
489 620
5844 9702
4472 6339
4472 6822
2610 9792
2610 3375
2610 5148
7520 9648
7520 8821
620 1568
490 5495
490 9122
490 6786
491 3680
491 6748
3680 4054
3680 8336
3680 3936
3680 9195
492 3290
3290 8300
3290 3508
493 3241
493 9179
867 7482
867 7843
867 6929
867 9188
867 3864
867 4018
881 4700
881 4160
495 5256
495 6802
495 2163
495 8701
6802 9091
6802 7395
496 4776
496 7259
496 3120
496 4517
496 5461
7259 8908
3120 4534
3120 6797
3120 4790
3120 5522
4517 9184
5461 7798
497 6733
497 7544
497 3340
497 9531
497 4285
497 6278
497 3108
6733 8705
6733 7066
7544 8534
3340 8997
3340 9362
3340 7828
3340 6636
4285 5985
4285 6244
6278 9637
3108 7421
3108 9292
3108 3497
3108 4574
3108 9714
3108 6080
498 3965
498 1164
498 9677
498 9563
498 4247
498 5296
498 5143
498 1059
3965 5822
3965 4881
3965 8729
3965 9393
3965 5629
1164 9586
1164 9703
1164 3105
1164 5056
1164 8276
1164 6683
4247 9406
4247 7333
5296 8629
5143 9464
5143 6105
1059 3233
1059 3694
1059 9063
499 2955
499 1519
499 1230
499 6715
2955 6102
2955 7059
2955 8118
1519 7523
1519 7749
1519 5878
1519 6201
6715 7096
6715 9828
500 2690
500 7327
500 6718
7327 9734
7327 9319
6718 9363
6718 7117
501 4279
501 1521
501 1374
501 1209
4279 5392
4279 7001
4279 8838
1521 3792
1374 6516
1374 7415
502 6129
502 2146
2146 2197
503 1165
503 7413
503 1523
503 1965
503 7501
503 3262
503 3906
1165 2333
1165 7118
1165 6741
1965 4772
1965 6185
1965 7624
7501 9112
3262 8482
3262 9787
3262 7320
3262 9958
504 7569
7569 7909
505 8842
505 3326
505 1575
3326 3796
3326 4600
3326 3895
3326 8824
3326 9191
1575 3252
1575 3795
506 9214
506 928
506 3715
9214 9437
928 3187
4253 7967
4253 5000
1684 5070
1684 7504
1684 3312
1694 7880
1694 6236
508 9842
508 1140
508 5158
1140 4950
1140 8064
1140 5897
1140 9499
1140 1396
1140 8041
5158 9397
509 5861
509 2740
509 2130
509 4547
509 8837
5861 7129
5861 9315
5861 8060
5861 7555
5861 7397
2740 9882
2740 6940
2740 5333
4547 7693
510 2868
510 7320
510 1401
2868 4795
7320 8871
7320 9702
7320 8597
7320 7396
7320 8011
7320 8951
511 5531
511 8564
5531 5668
5531 7760
512 2545
512 9432
512 4376
512 8843
512 5743
2545 8963
2545 8046
2545 8544
4376 4913
4376 5035
5743 6439
513 6572
513 9845
513 7513
513 4528
513 4062
513 1295
513 2642
6572 9506
9845 9846
7513 8964
7513 8185
7513 8543
4528 7006
4062 6661
4062 4642
1295 5797
1295 5577
1295 6895
2642 2806
2642 8421
2642 7484
7151 9237
7151 7596
7151 9711
7151 9010
7151 9182
4688 7379
6037 9425
6037 8588
6037 6137
4168 4695
516 9649
516 1051
1051 6960
1051 9933
517 820
517 5831
517 6639
517 3435
517 3170
820 6774
820 2426
5831 6800
5831 9464
3435 8198
3435 5730
3435 4576
3170 8012
3170 4046
3170 6300
3170 6271
518 3894
518 7537
518 1518
3894 7024
3894 4561
3894 8259
7537 9925
1518 8542
1518 2771
1518 3110
519 1147
519 7500
519 1843
519 2924
519 5694
1147 8474
1147 5690
1147 3414
1147 3043
7500 7506
1843 8299
2924 6583
2924 8306
520 5227
5227 8054
5227 9796
521 671
521 8058
521 4221
671 7276
671 6464
671 7360
671 7991
671 9754
4221 5429
522 1797
522 4117
522 1700
1797 7421
1797 3250
1797 3515
1797 9646
1797 3883
4117 8539
4117 4372
4117 5994
1700 7782
1700 3698
523 5063
523 1239
523 3102
523 5622
523 4044
1239 5697
1239 3795
1239 7871
1239 2661
3102 9627
3102 5954
3102 6797
5622 6516
4044 8996
7507 9906
525 9318
525 1117
525 7842
525 3093
525 3685
9318 9636
1117 2438
1117 1853
1117 8343
1117 4197
1117 2366
3093 6246
3093 4503
3093 4117
3685 4336
3685 5307
3685 8211
8691 8725
954 3403
954 2748
954 3159
954 6366
4110 7075
5201 8917
6629 8477
2173 2884
2173 5781
2173 6053
2231 6959
2231 6173
3983 6773
3983 7317
1854 7763
1854 5616
528 1061
528 9036
528 8668
528 1480
528 8219
1061 5239
1061 2116
1061 2516
1061 6380
1061 3751
1480 3123
529 8388
529 1607
529 2387
529 1381
1607 4141
1607 3915
1607 7397
1607 4884
2387 3746
2387 4566
1381 7150
1381 3684
1381 9478
530 9498
530 2372
530 4479
531 1787
531 3736
1787 4229
1787 7336
1787 7706
1787 7924
1787 4388
533 3286
533 5878
533 3737
533 3522
533 7469
3286 3871
3737 4355
3737 8710
534 1706
534 2908
1706 5333
1706 6409
2908 4160
2908 4456
535 4420
535 6283
535 9024
535 7117
4420 8216
6283 8593
6283 7800
7117 9494
6933 9037
6933 7527
6035 6175
537 5749
537 1557
5749 5833
5749 7959
1557 8171
1557 4226
538 8403
538 6087
6087 8749
539 2418
2418 7286
2418 6803
2418 6291
2418 6794
540 2862
540 1000
540 6081
540 4014
540 4528
540 6851
540 9811
2862 3876
1000 8010
1000 6261
1000 8085
1000 4884
6081 7013
6081 9058
6081 7199
6081 8079
4014 4959
4014 4584
6851 7922
6851 8715
541 5145
541 1184
541 3390
541 9801
5145 7844
5145 9302
1184 8456
1184 4027
3390 7742
542 7485
542 4387
542 4966
542 4552
542 8610
4387 7856
4966 8484
4966 8304
4966 9327
4966 5472
4552 7488
4552 5250
8610 9752
543 5020
543 9330
543 1677
5020 7294
5020 7587
1677 6487
1677 5144
1677 6432
1677 7684
1677 6495
1677 8235
544 4957
544 2526
4957 7363
2526 8361
2526 8246
2526 4132
545 8211
545 5340
545 2723
545 9589
545 1519
5340 8528
5340 6743
5340 7146
5340 6267
5340 7759
546 5998
546 5631
546 2292
546 4116
5998 9671
5998 8475
5631 5656
2292 5023
2292 2642
2292 6096
2292 8732
4116 9897
4116 8949
4116 5282
4116 5084
4116 6343
7763 8126
7763 9844
9406 9839
548 3279
548 5034
3279 3837
3279 9055
3279 3907
549 1751
549 5879
1751 3957
1751 3526
1751 3206
1751 5419
550 6134
550 4684
550 9532
6134 6434
4684 5391
4684 9215
9532 9818
3865 7802
3865 6571
3865 6823
8993 9646
9057 9469
9057 9371
9057 9437
552 9022
552 9762
552 2015
552 7840
552 2604
552 3819
552 5997
9022 9634
9762 9809
2015 4864
2015 6628
3819 5785
3819 5941
3819 9991
3819 8125
3819 7086
3819 8413
5997 9198
553 9222
553 856
553 1451
553 8084
553 9495
856 6079
856 4771
1451 5955
1451 1937
1451 8740
1451 8584
1451 2381
1451 3221
1451 3381
554 8533
554 9573
554 8252
8533 9509
8252 9771
8252 9566
555 1388
555 5807
555 981
555 8915
555 8641
1388 7011
1388 7801
5807 8840
981 1796
981 5480
981 5086
556 2531
556 2115
556 5228
556 5538
556 8957
556 829
556 8075
2531 7436
2115 8321
2115 7253
2115 7317
5228 5489
8957 9721
829 7521
829 1560
829 4820
829 1749
8075 9842
557 2249
557 2607
557 618
557 3071
557 8903
557 7760
2249 8324
2249 6240
2607 8665
2607 4515
2607 7742
2607 3209
618 4097
618 8455
3071 9184
8903 9246
558 2376
558 9020
558 8358
558 8959
558 6872
558 7384
558 8110
558 4272
2376 4006
2376 2621
9020 9072
9020 9204
7384 8649
4272 4878
4272 8224
559 2078
559 4154
559 3717
2078 5718
2078 8399
3717 9956
560 5191
560 1206
560 9456
560 4335
560 3115
560 1212
3115 9648
1212 3834
1212 7338
1212 6643
561 9919
561 2189
561 8859
561 6278
2189 6552
2189 4311
2189 9670
2189 4442
2189 9505
562 8579
562 1767
562 6511
8579 9759
1767 2748
1767 2449
1767 5895
6511 7719
6511 6557
563 4373
563 7624
563 916
563 7956
4373 5736
4373 8376
4373 9098
7624 7762
7624 9827
7624 8986
7624 8496
916 4765
916 978
916 2885
916 5831
916 6263
7956 8802
564 4474
564 2839
564 4712
564 3176
564 5701
4474 8413
4474 5505
5701 9697
5701 5997
5701 5887
4642 8257
4642 8120
2905 4235
2905 5947
2905 9373
2905 3620
2905 7904
2905 6728
566 1023
566 9233
566 1914
1914 3905
1914 2749
1914 9165
1914 7194
1914 8384
567 3133
567 2008
567 8477
567 1433
567 9430
2008 2463
2008 9279
2008 9312
1433 9916
1433 1582
1433 6185
1433 5018
9430 9547
568 3692
568 7911
568 9927
568 3299
3692 5892
3692 8208
3692 4551
3692 8930
7911 9235
7911 9814
3299 7903
3299 5936
3299 6997
3299 8270
3299 7561
3299 4544
569 2143
569 3704
569 4163
569 3358
569 4730
569 633
569 7643
2143 4879
2143 4706
2143 6638
3704 6108
3704 4534
3704 7202
4163 4672
3358 7741
3358 5096
4730 8384
4730 8062
4730 8207
4730 6521
633 2270
633 4657
570 2618
2618 6491
2618 7012
2618 8304
2618 7973
2618 9082
2618 7330
2618 6623
571 6423
571 6341
571 4820
6341 8771
572 6922
572 3176
572 6742
572 8051
6922 8108
6742 9522
6742 9921
573 1667
573 4183
573 9183
573 4772
4183 4425
4183 8870
4183 7317
4772 6193
574 772
574 600
574 2336
574 1462
574 5081
574 9426
772 6244
772 5631
772 3511
600 2012
600 2227
600 2414
600 9062
2336 3892
2336 4532
2336 4508
1462 1716
1462 3864
1462 2702
1462 7664
5081 6409
575 4591
575 4383
575 9251
575 3350
575 9163
4591 8596
4591 5542
4591 8497
4383 8921
4383 7309
4383 7123
4383 5276
4383 9571
4383 7417
9251 9619
3350 6870
3350 8263
9163 9846
576 7052
577 1640
577 3670
1640 7512
1640 5136
1640 7478
1640 2648
1640 9191
3670 4064
3670 7903
3670 5886
3670 6780
3670 5433
578 8682
578 4092
578 6974
6974 7729
579 9711
579 3893
579 2112
579 5633
3893 5683
2112 9712
2112 3320
2112 6547
5633 8261
840 3187
840 1907
840 1174
840 6598
840 6438
637 1336
637 6100
1835 2968
1835 5246
1835 1895
1835 6151
1835 7143
8328 9187
1021 6842
1021 5724
1021 1126
2215 4690
2215 9485
581 2003
581 8728
581 3570
2003 3877
2003 3806
8728 9225
8728 9401
3570 5555
3570 7536
3570 9296
3570 3927
582 9059
582 859
582 1876
582 6744
582 4899
859 2575
859 7055
6744 9755
6744 6985
4899 7437
4899 6249
4899 7058
583 3244
583 2811
583 4946
583 9173
583 9126
583 9221
583 9537
3244 7141
3244 4955
2811 7406
2811 2923
9173 9193
9221 9586
584 6330
584 5217
584 4126
6330 9175
6330 8780
6330 9381
6330 6434
5217 9842
3310 6966
3310 7767
3310 4985
6510 6885
6510 7646
4155 5380
4155 6106
4155 8054
3868 4618
3868 9007
3161 4540
3161 5808
3161 3675
3161 8186
2255 8398
2255 3785
587 9685
587 6797
587 2764
587 5056
587 5356
5056 7512
5056 5863
588 9256
588 7424
588 4106
588 1983
588 1254
588 1354
7424 9440
7424 9989
7424 7937
4106 7787
1983 6275
1983 2210
1983 3809
1254 9006
1254 5488
1254 5135
1254 5452
589 7998
589 2329
589 4701
589 3574
7998 9375
4701 8994
4701 5473
590 2758
590 1943
590 1431
590 5443
2758 6596
2758 2860
2758 8852
1943 2671
1943 3446
1943 9801
1943 8319
1943 5495
1943 3975
1943 9760
1943 8373
1431 9653
1431 6597
1431 9526
1431 8793
5443 7604
5443 7626
5443 5828
591 1764
591 3149
591 3901
591 3742
591 1791
1764 2667
1764 6344
1764 6783
3149 6797
3149 5941
3149 3632
3149 8868
3149 6837
3901 8952
3901 4524
3742 6246
3742 7877
1791 8310
912 4264
912 7033
912 3560
3979 4689
3979 7890
1584 3112
1584 5799
1584 4883
593 767
593 9310
593 4771
593 5122
593 7374
767 1942
767 2043
4771 8127
4771 7999
4771 5789
5122 8804
5122 8460
594 1814
594 8744
594 5602
594 5690
594 1026
1814 3894
1814 9686
8744 9789
5602 8943
5602 5808
5690 8492
5690 9217
1026 9921
1026 2846
1026 4698
1026 9561
1026 1525
1026 8378
1026 5123
1026 3737
1026 6475
2458 6707
2458 4889
2458 5939
812 3216
812 7483
1337 2237
1337 5151
596 5298
596 4919
596 5861
596 7587
596 7575
5298 7172
4919 9543
4919 4978
7587 8039
7575 7742
7575 9414
597 7395
597 3154
597 9064
597 3453
597 6760
597 9031
597 1339
7395 9322
3154 8390
3453 9145
3453 3846
3453 8559
9031 9747
1339 8888
1339 9989
1339 7697
1339 5241
1339 9599
1339 2987
598 7808
598 1750
1750 9417
599 630
599 3421
599 4655
599 8509
630 2643
630 8311
630 5472
630 4067
630 6205
630 3991
630 9517
630 1198
3421 6001
4655 9594
4655 5071
4655 6065
2012 4949
2012 8076
2012 7758
2012 6734
2227 4381
2227 5555
2414 6032
2414 2565
601 6458
601 1576
601 8703
6458 7259
6458 8613
6458 9052
1576 7607
1576 9176
1576 5308
8703 9420
602 1034
1034 2453
1034 3028
1034 2226
1034 4661
1034 2054
1034 4094
603 9305
603 1650
603 5601
603 8485
603 6137
603 6541
1650 6088
1650 8868
1650 4054
1650 2562
6137 8403
6137 7782
6541 9321
6541 8192
604 4221
604 2089
604 5754
2089 6735
2089 4200
2089 8553
2089 4581
2089 5441
605 6565
605 4485
605 7087
605 1394
4485 5358
4485 5465
7087 9076
606 3741
606 831
3741 7380
3741 7718
831 7305
831 6883
831 9308
607 2302
607 5352
607 9613
607 8886
607 2111
607 7609
2302 6842
2302 4107
2302 5781
5352 8699
5352 8591
5352 7859
9613 9739
8886 9432
2111 7505
5005 7333
3086 5075
3086 9366
3086 4341
3086 9283
3086 5805
3086 8696
4217 5232
2718 5707
2718 8287
2718 8410
610 5866
610 2762
610 7036
610 9990
610 3203
5866 8197
2762 4611
2762 8588
3203 3349
3203 6503
611 2702
611 6395
611 9059
611 6119
2702 9370
2702 4759
2702 7069
6119 8355
6119 9654
612 1701
612 1742
612 2500
612 1314
1701 9039
1701 2995
1701 3567
1701 8947
1701 6947
1701 3650
1701 6018
1742 7910
1742 4875
2500 5969
2500 2648
2500 8445
1314 8333
1314 5780
613 9092
613 4164
4164 8663
4164 9794
4164 6403
614 4031
614 2037
4031 4530
4031 8474
4031 4744
4031 7134
2037 6003
2037 2552
615 6630
615 1566
616 3985
616 4023
616 1722
616 6226
616 9505
3985 5490
3985 9777
3985 8076
3985 5957
4023 7805
1722 6643
1722 8837
1722 4316
6226 9372
617 9653
617 694
694 5583
694 2936
694 5973
694 6013
694 4617
4097 7770
619 8678
619 8986
619 4406
619 1797
619 9724
619 6135
619 4648
8678 9053
4648 6365
4648 5090
1568 7996
1568 1636
621 9793
621 8390
8390 9328
622 9123
622 5149
622 6280
5149 5401
5149 6728
5149 6108
624 9014
624 7762
624 2877
2877 5822
2877 3017
2877 4307
2877 6401
2182 8597
626 2110
626 8910
626 6112
626 3804
2110 3831
6112 9514
6112 8974
627 1135
627 3175
627 9585
627 5249
1135 7907
3175 9319
3175 3571
3175 3348
3175 7350
5249 9981
5249 6546
1939 5810
1939 5317
1939 9068
1939 4703
629 8915
629 5295
629 4150
629 7335
5295 7229
5295 8735
4150 4814
4150 7280
4150 6189
4150 6423
2643 6731
2643 4568
2643 7347
2643 5334
2643 6812
2643 9667
2643 4742
2643 5721
6205 7437
6205 9681
6205 7530
6205 9075
3991 9934
3991 5715
3991 8256
9517 9992
1198 4154
1198 7902
631 9805
631 6366
631 1608
631 1686
631 5617
1608 5682
1608 1799
1608 4427
1608 2975
1608 4631
1608 5992
1608 7016
1608 4119
1686 9645
1686 8636
1686 2663
1686 8780
1686 2430
1686 4799
1686 7209
5617 8845
632 4197
632 3384
632 3152
632 5404
4197 5386
4197 6602
4197 7174
4197 7119
3384 5498
3384 5976
3384 3791
3384 4396
5404 7785
5404 7907
2270 6824
2270 9216
2270 3819
4657 9760
4657 8448
634 7176
634 8603
634 6011
634 2579
6011 7659
6011 9158
6011 9007
2579 6422
2579 2796
2579 6590
2579 6766
635 6530
635 4330
635 5225
6530 9180
5225 5284
5225 7706
636 6310
636 2944
636 6180
636 5025
636 3087
6310 6662
6310 8998
5025 5218
3087 8972
3087 7306
3087 8377
3087 7413
3087 3376
1336 2975
1336 4906
1336 9187
1336 3281
1336 8570
6100 9177
6100 8886
638 7284
638 9615
638 9373
7284 9255
7284 8330
639 1200
1200 1435
1200 4402
1200 5447
1200 7720
1200 5603
640 4102
640 4851
640 7216
640 2035
640 7372
640 6457
640 7658
4102 5146
4102 7872
4102 4516
4102 4705
2035 9231
2035 4222
2035 2794
2035 6993
2035 6566
2035 2125
2035 3528
7372 9966
6457 7300
7658 8245
641 1377
641 2798
641 5688
1377 7409
1377 2055
2798 5025
2798 6256
2798 7128
5218 6642
5218 9306
5218 9198
5218 5501
2367 8943
2367 8343
2367 8854
2367 6531
5960 9816
2134 7955
2134 8759
2134 2487
2134 8941
2706 6988
2706 9053
5074 7128
5074 7857
5074 7145
1108 1893
1108 2802
1108 1997
1108 3705
1108 1264
1108 9453
9181 9645
9181 9371
6770 8722
6770 9677
7398 9997
7398 8384
7398 7896
7398 8937
645 3729
645 8196
645 2420
645 8080
8196 8824
2420 6166
2420 4892
2420 9353
2420 9519
2420 3367
2420 2828
2420 3199
646 5580
646 2954
646 4758
647 6596
647 6183
647 5261
6183 7769
6183 7135
6183 8575
6183 7903
6183 6501
648 5484
648 7574
648 6629
7574 9278
7574 9071
649 5775
649 5138
649 8498
649 5935
5138 5864
5138 8675
5935 7261
650 9046
650 6335
9046 9927
9046 9404
6335 7916
6335 6763
651 1749
651 5432
651 5577
1749 6297
1749 5167
1749 7334
1749 5627
1749 5131
1749 5840
1749 1978
1749 5877
5432 6044
5432 7092
5577 7060
5577 8498
652 9816
652 3157
3157 4340
3157 5538
3157 6623
9353 9497
654 3557
654 9821
654 4135
654 7039
3557 5356
3557 9852
4135 6669
7039 7934
7039 7577
655 2740
655 9909
655 3721
655 3996
3721 7585
3721 7525
3721 6442
3996 4919
3996 7877
656 6421
656 9288
656 8515
656 6604
656 3131
8515 9659
8515 8834
6604 7388
6604 8417
6604 8807
3131 5662
657 2553
657 1434
2553 9690
2553 2784
2553 9046
2553 7683
2553 4076
1434 9262
1434 9080
1434 5837
1434 2252
1493 6123
1493 5386
1493 3322
1493 4700
4488 8942
4488 8815
4488 8660
3345 3626
3345 3692
3345 9386
3345 5476
3345 5238
659 7028
659 9062
659 8575
659 5154
659 7683
7028 7739
7028 8091
8575 9638
8575 9083
660 1851
660 7331
1851 2751
1851 6792
1851 9519
7331 7843
7331 8393
661 5512
661 1811
661 3477
5512 8891
5512 9021
5512 8815
1811 9593
662 2998
662 3226
662 3911
662 5457
2998 7445
2998 8379
3226 4594
663 2613
663 7144
2613 9763
2613 5460
2613 5962
7144 7767
7144 7489
664 7964
664 8921
664 5264
664 8456
5264 8099
5264 5372
5264 5633
665 9309
9309 9716
2209 3970
2919 8953
2919 9385
2919 6590
2919 9297
2919 9320
2919 9628
2919 8446
667 3793
667 5949
667 1646
667 9182
3793 8135
5949 9714
1646 6123
668 9651
668 2570
668 2335
668 2320
668 7755
2570 2680
2570 8683
2570 7042
2335 4178
2335 4833
2320 4107
2320 4415
7755 9962
7755 9573
7755 8256
7755 8296
4149 5875
670 9108
6464 8177
672 8273
672 5075
8273 8298
5075 6153
673 3538
673 821
673 6604
3538 5059
3538 5178
3538 9786
821 9026
821 7939
821 9270
821 6830
821 2501
821 920
4040 6272
4040 5347
4040 4159
4040 8386
807 3277
807 6334
807 2681
807 5261
9416 9548
2661 6426
2661 2890
2661 5910
2661 9733
3524 6497
1508 5257
1508 7078
4350 4669
677 6765
677 7827
677 5707
677 9818
678 4062
678 6819
6819 9074
6819 9450
679 3509
679 4742
679 9007
679 3968
679 2441
679 5219
3509 4534
3509 4037
4742 5402
4742 9292
4742 9313
4742 6043
3968 9724
3968 9375
680 6007
680 9948
680 5768
680 2547
680 8142
680 9485
680 6745
6007 9542
6007 9008
6007 8905
6007 8700
2547 8699
6745 9407
6745 8404
6745 7894
681 3878
3878 5918
3878 9203
682 9381
682 6532
682 5121
682 7031
6532 8592
5121 6348
5121 9125
5121 6251
5121 6801
5121 7334
5121 9986
5121 9393
683 3495
683 1373
683 7916
3495 4434
3495 5576
1373 1726
684 4826
684 7765
4826 4898
4826 5031
685 5928
686 8572
8572 9688
8572 8714
687 8854
687 3700
687 3924
687 7776
687 8807
3700 6511
3700 6850
3924 7721
3924 4356
3924 7781
3924 7448
7776 9851
7776 9185
7776 8815
688 4830
688 6178
688 9849
688 9280
4830 9344
4830 7827
6178 7565
6178 7656
6178 8582
6178 7429
6178 7995
2289 8024
2289 6068
2289 5465
690 3381
690 4638
690 8134
690 3595
3381 7220
3381 4983
3381 9794
4638 7009
3595 4594
3595 6678
3595 4486
3595 8716
3595 4829
691 8765
691 2015
691 8607
8765 9883
8607 9370
8607 9121
692 1475
692 3532
692 4464
692 6482
692 4144
1475 7148
3532 7382
6482 7292
899 1414
899 2156
899 1168
899 4803
899 7034
899 6610
3885 6752
3885 6039
6302 7087
6302 7283
6302 7883
4013 5178
4013 4822
4013 6709
4013 4792
5093 8996
2936 9235
2936 5633
5973 6177
5973 9288
6013 8295
6013 7236
6013 9431
6013 8672
4617 6247
697 2763
697 2574
2574 4101
2574 8856
2574 5656
2574 5978
698 3811
698 9538
698 3173
698 3127
3811 9438
3811 7996
3173 3189
3173 9749
3173 4983
3173 9489
3127 7821
3127 4344
3127 6736
3127 3945
699 1597
699 8734
699 7277
699 7789
699 1938
1597 2356
1597 2582
1597 4976
1938 2941
1938 7499
1938 4499
700 3862
3862 6602
3862 4708
701 5894
701 6567
701 5177
701 6180
701 8034
701 9004
5894 7100
5894 9663
5177 8416
702 9334
702 3467
702 5623
702 5987
9334 9574
3467 4680
3467 7640
5623 7549
5623 6228
5623 7820
5623 6241
5623 6344
5987 9802
5987 7837
703 4981
703 1147
703 7853
703 5850
703 5657
703 3407
703 3242
703 7078
703 4921
703 3317
4981 6742
3242 3891
3242 4419
3242 4366
704 8588
704 2818
704 9446
704 8462
704 3620
704 8846
2818 5188
2818 6727
2818 9940
2818 5656
8846 9551
705 8228
705 8249
705 6167
705 2813
705 2244
705 8513
705 5363
8249 9847
6167 9464
6167 8228
2813 4353
2813 6714
2813 7416
5363 8251
5363 6583
706 9001
706 5480
706 5890
706 1317
5480 6711
5480 7193
5480 6618
1317 2787
707 1195
707 8014
707 4903
707 2329
707 9883
707 1029
1195 1370
1195 8894
1195 4014
1195 9752
8014 8529
8014 8174
1029 4119
1029 6044
1029 2855
1029 5458
1029 2275
1029 3355
4200 6716
4200 9199
4200 4290
4200 6469
5391 6163
709 3910
709 6995
709 7663
3910 4620
3910 7219
3910 8405
3910 5643
3910 6148
7663 8376
710 7818
710 3407
711 1385
1385 3501
1385 2655
1385 8532
1385 3686
712 4019
712 4830
712 6388
712 8991
4019 6754
6388 9689
5685 9610
5685 9749
5685 6721
8060 8312
714 2240
714 9178
714 9513
2240 2444
2240 7574
2240 5746
715 4312
715 8772
8772 9817
3380 6839
3380 5207
3380 7744
3380 8709
3380 6673
3380 8431
3380 7191
717 1814
717 3793
717 9428
717 8377
717 6425
717 4668
6425 8315
6425 8022
4668 9262
718 1927
718 8597
718 1368
718 8817
718 5819
718 9320
718 9932
1368 6439
1368 2614
1368 9164
5819 8634
5819 7832
5819 6625
719 5713
719 6635
719 9000
719 4827
719 5893
5713 8249
5713 6392
6635 7978
6635 7991
4827 4905
5893 9529
720 8401
720 6815
721 7525
721 1272
721 7177
721 3569
721 7224
721 5471
7525 7901
7525 8969
1272 9099
7177 8383
3569 5333
3569 9703
3569 7837
3569 3984
3569 5067
3569 5591
3569 9755
3569 8082
3569 8997
5471 8785
5471 9072
5471 9009
5471 6644
722 4116
722 5398
722 8360
722 9894
722 2495
2495 8237
723 1806
723 5165
723 8748
1806 7980
5165 8946
5165 8380
5165 7005
5165 8511
5165 9186
2941 6722
2941 3256
2941 5478
1812 9995
1812 6036
725 6034
725 6419
725 6435
725 6280
6034 6812
6034 9178
6034 9534
6034 7452
6419 9513
6419 8394
726 6863
726 7244
726 9602
726 3500
726 5613
726 7056
726 6287
3500 9846
3500 7682
6287 7218
6287 9989
727 6321
6321 6766
728 4204
728 8381
728 5324
4204 7847
4204 6638
4204 6529
4204 8393
8381 9321
5324 5774
5324 9315
5324 8240
5324 6609
732 2170
732 9169
732 3548
732 7612
732 8072
3548 7937
3548 9727
7591 9511
7591 9204
734 1334
734 6134
1334 5148
1334 2540
1334 1982
735 1758
735 1425
735 2718
1758 7736
1758 2242
1758 2982
1758 2571
1425 5461
1425 8493
1425 2619
1425 8554
736 9876
736 6692
736 4020
736 2417
6692 7808
2417 5328
2417 8962
2417 8064
2417 3209
737 1388
737 4244
737 6116
737 9128
737 8106
737 1226
4244 5537
4244 8321
4244 9548
8106 9025
738 9616
738 6955
738 2584
9616 9970
2584 7486
2584 9337
2584 4170
739 2766
739 9023
739 4160
739 4730
739 1740
2766 6617
2766 8172
4160 7078
740 827
740 5940
740 5515
740 7339
827 5941
5940 9678
741 5260
5260 6626
5260 6011
5260 7397
742 4880
742 7900
742 5505
742 9645
742 7844
5505 5638
744 4302
3607 6797
3607 8569
3607 9964
3964 8684
2510 6115
2510 3528
2510 8453
2510 3083
5511 6246
746 8864
746 4746
746 6875
746 4932
746 8762
746 2949
746 5288
4746 5347
2949 5434
2949 5931
2949 5406
5288 5597
5288 6151
5288 8417
5288 9638
747 5996
747 9012
748 3288
748 7920
748 5716
748 6119
748 4113
748 2785
748 9543
7920 8980
4113 7400
4113 5892
4113 4229
4113 7754
2785 6999
2785 8689
2785 4285
750 9772
750 3552
750 6709
750 9346
750 8602
750 7350
750 7494
750 1000
3552 3765
8602 9060
7494 7913
751 2238
751 6414
751 9964
751 1298
751 2568
2238 6618
2238 3696
2238 8095
2238 8068
1298 2550
1298 4299
1298 2853
1298 4696
1298 9356
2568 8187
2568 6503
2568 6800
2568 4791
752 1919
752 3108
752 3876
752 1927
1919 5892
1919 1938
1919 8253
1919 3793
3876 5416
3876 9528
753 8336
753 829
753 6599
6599 9956
7953 9879
7953 9839
755 2220
755 5641
755 852
755 4600
4600 5617
4600 6653
756 4597
756 7712
4597 9316
4597 9016
4597 8729
7712 8938
2056 9740
2056 8930
2099 9292
2099 9293
2746 7506
2746 8120
2746 6008
2746 3183
3415 7224
3415 6238
3415 5493
3415 5685
6754 8088
8001 9712
8001 8130
4598 4749
4598 8780
6735 8631
6735 7770
6735 7037
759 1402
759 6649
759 6143
1402 3499
1402 7140
1402 3245
1402 7790
6649 8227
6143 8523
6143 7382
760 6989
760 5369
6989 8915
5369 7253
761 5542
761 7500
761 4386
761 5387
761 3569
5542 9680
5542 6475
5542 9328
4386 9493
4386 7330
4386 8913
4386 6752
4386 9189
5387 5828
5387 8716
5387 9794
762 7450
762 3975
762 1902
762 5310
762 2101
7450 8828
3975 5756
3975 6220
5310 8653
5310 9105
2101 8258
2101 6282
2101 9879
763 9001
763 7936
763 2780
763 8701
763 6541
2780 9187
2780 3205
764 9775
764 9128
764 7915
764 8590
764 1841
765 9352
765 3068
765 7403
766 8551
766 4873
766 8642
766 6767
766 2577
766 6943
8551 9146
4873 5584
6767 6935
2577 2604
2577 5333
6943 9617
6943 7983
2043 4624
2043 3241
2043 3876
2043 5593
2043 6485
1845 2920
1845 6528
1845 8015
5215 6661
5215 7943
5215 9201
770 8942
770 5566
770 2877
770 2793
8942 9874
8942 9179
5566 7870
5566 5620
2793 7676
2793 6580
2793 6662
771 6808
771 5083
771 3340
771 5177
771 2273
6808 9820
5083 6445
2273 6044
2273 5831
2273 6161
2273 8902
2273 5397
6244 7633
6244 8462
3511 6170
3511 4975
3511 4884
3511 4095
773 3292
773 6755
773 9922
773 3551
773 4917
3292 4646
3292 5658
3292 4687
3551 9615
3551 4338
4917 9842
3278 4369
3278 4830
775 3518
775 5874
775 9417
775 4168
3518 8672
3518 9682
3518 9815
3518 6403
7319 8704
7210 8012
2263 4513
8629 9270
4362 9094
4362 5336
7215 9098
7215 8413
6132 9978
6132 6585
777 5919
777 9041
777 4227
777 5953
777 1359
777 2255
777 9511
4227 6171
4227 9027
5953 7259
5953 7542
5953 8346
9511 9765
778 1432
778 4554
778 8807
778 7514
1432 3780
1432 8812
1432 8282
4554 7352
4554 9096
7514 7604
7514 8790
779 1331
779 7771
779 9801
779 6064
1331 3277
1331 8144
1331 1823
7771 8883
6064 9083
780 5725
780 5118
780 5572
780 7339
5725 9110
5725 9527
5725 9542
5118 8289
781 8449
781 4007
4007 4982
4007 5186
782 5264
782 6209
782 4934
782 8303
6209 9086
4934 8955
4934 6564
4934 5911
8303 8327
783 5487
783 1793
783 5072
783 9105
5487 6121
1793 4614
1793 6472
1793 8473
1793 6575
784 9213
784 8683
784 5339
784 3350
784 7104
784 8878
8683 9294
5339 5998
7104 7548
7104 8648
8878 9721
785 4338
785 1884
785 2244
4338 9527
4338 9067
4338 9803
4338 6128
1884 2075
786 1861
786 4929
786 6813
1861 4133
1861 4146
1861 5771
1861 9298
4929 5511
6813 7208
6813 8573
787 7874
787 7832
787 9434
787 1099
787 1714
787 9873
7832 9772
7832 8737
1099 4226
1099 9796
1099 2918
1714 6685
788 4909
788 6587
788 6894
788 4739
788 6727
4909 8053
6587 9897
4739 9413
4739 9605
6727 7457
6727 7163
789 3307
789 1814
789 8032
789 6504
3307 9640
3307 5087
6504 7118
790 9575
790 1884
790 6344
790 4202
790 1896
790 8975
4202 8307
1896 9370
1896 8530
1896 8201
1896 9680
792 8151
792 8233
792 8506
793 6324
6324 8772
6324 9394
794 3836
794 8194
794 8232
794 8592
794 7704
794 9422
3836 7927
3836 5875
3836 5322
3836 8334
3836 4799
8232 9612
8232 8471
795 3148
795 7000
3148 3936
3148 8526
3148 6510
3148 3281
3148 9906
7000 7333
7000 9267
796 4665
796 8985
796 1185
796 9994
796 5119
4665 7917
4665 6894
4665 5721
8985 9041
1185 5270
1185 2356
1185 6300
5119 6455
5119 8037
2776 3665
2776 8538
2776 3299
2776 4668
2776 3279
799 3415
799 4370
4370 9299
4370 6871
4370 9957
801 8807
801 8279
801 4545
801 1698
4545 9461
4545 6543
4545 9353
802 1702
802 7101
802 3772
1702 2571
3772 6697
3772 6206
3772 7518
3772 8001
3772 4811
3772 7946
3772 8867
803 9496
803 5873
803 8446
804 5019
804 5910
804 7217
804 7823
5910 7911
7823 9168
7823 9739
805 2233
805 4597
805 5982
2233 3081
2233 3586
806 5221
806 1217
806 2644
1217 5161
2644 4526
3277 8324
3277 8472
3277 7140
3277 3337
3277 3382
6334 7676
2681 6722
2681 7964
2681 9224
808 4427
808 9723
4427 5313
4427 7753
809 3391
809 3649
809 5084
3391 3630
3391 3799
3391 9280
3649 6821
3649 5722
5084 5762
6385 9864
6385 7668
3216 6004
3216 9031
813 3852
813 8005
813 2135
813 4975
813 6425
813 3921
813 8718
3852 5343
3852 7109
3852 9686
8005 8760
2135 5269
2135 4661
2135 8181
2135 5903
2135 6662
2135 6443
4975 5474
4975 5917
4975 7253
3921 8706
3921 4328
3921 5861
3921 5709
3921 4479
3333 9144
3333 5651
1746 8615
1746 1958
6988 7573
1083 4812
815 2304
815 7708
815 4885
815 5408
2304 5314
2304 7109
2304 6575
2304 3055
5408 9978
5408 7694
5408 9913
5408 7371
5408 7702
817 8084
817 2132
817 7978
817 3357
2132 4221
2132 8131
3357 7067
3357 6602
3357 6211
3357 4741
3357 4168
818 7180
818 1715
818 1583
7180 9940
7180 8587
7180 9313
7180 8796
1715 7757
1715 8111
819 6887
819 8690
819 7919
8690 9329
8690 8708
6774 9423
6774 7561
2426 8563
9026 9773
2501 6593
920 7625
920 6941
822 7708
822 5255
822 6284
6284 8830
6284 8596
4453 7978
4453 4741
4453 4491
1492 2986
1492 9349
2203 5063
2203 4060
2203 5474
3749 7909
3749 7931
3749 6064
824 6691
824 7861
6691 8187
6691 9309
7861 8823
825 3019
825 9694
825 3437
825 9970
825 9418
825 7131
825 5999
7131 8381
7131 7792
7131 8656
5999 7583
826 6956
826 8187
826 5474
826 7206
826 4307
826 8003
826 2684
826 3099
826 7285
8187 8677
4307 5768
4307 9406
8003 9944
8003 8549
8003 9409
3099 4010
3099 5146
3099 5022
828 8100
828 7925
8100 8771
7925 9156
7925 8613
1560 4565
1560 7773
1560 2811
830 9388
830 9150
6883 7520
9308 9849
832 7136
832 3342
3342 5522
3342 8538
3342 5890
3342 4777
3342 5285
833 9981
833 8626
833 3918
833 6279
3918 8887
3918 3945
6279 7328
835 2045
835 8453
835 8642
835 2219
835 8620
835 5309
2045 7493
2045 9462
2045 4315
5309 7315
836 3683
836 2013
836 9544
836 5784
2013 7333
2013 6235
2013 3387
2013 2554
5784 7602
837 7331
837 8142
838 5758
838 3882
5758 7793
5758 6137
3882 5740
3882 9781
839 7035
7035 8899
7035 7292
3187 4234
3187 5364
3187 6278
1174 3765
1174 7065
1174 3835
1174 4355
6598 9236
6438 8166
6438 9608
6438 8466
6438 7948
2046 6789
2046 2787
1572 4192
1572 4273
1572 7877
1572 9196
1572 6544
1502 3411
1502 4734
1502 6370
1120 4840
1120 3046
1120 8085
3473 8266
3473 8603
3473 5538
3473 5514
843 2274
843 3009
3009 5825
3009 3962
3009 6350
3009 3692
3009 5705
3443 4341
3443 8471
3443 6537
3443 7837
3443 8240
3443 5423
3443 6513
2108 9013
2108 9404
2108 5378
2108 8107
3471 5489
3471 3634
3471 4353
846 3661
846 2035
846 3220
846 8557
846 7024
3661 5782
3220 9220
3220 8531
3220 4616
3220 4678
7024 9164
847 6710
847 3638
847 8622
6710 9318
848 6039
848 3966
3966 6197
3966 8923
3966 8467
849 7499
850 4502
850 3591
4502 5397
3591 5718
3591 5737
3591 9299
3591 8006
3591 9444
851 2463
851 1156
851 1458
2463 5669
2463 8265
1458 6121
1458 9604
853 8430
8430 9270
854 1765
854 1434
854 1589
854 2648
854 6797
854 4855
1765 3502
1765 9584
1765 4700
1765 4363
1589 7505
4855 5182
4855 7523
4855 7448
4855 7092
855 9806
855 7331
855 6169
855 6077
6077 8030
6079 6812
6079 6140
857 6780
857 6784
6784 8227
858 4830
858 4819
858 2304
858 5169
858 1269
858 9805
858 1430
4819 8672
4819 5767
4819 8373
5169 6223
5169 8745
1269 3933
1269 6223
1269 5904
1269 4299
1430 8963
1430 7749
1430 7544
1430 2472
1430 4776
2575 4869
2575 6066
2575 6264
2575 9466
7055 8834
860 9730
860 9908
860 4725
860 3049
4725 9644
861 3489
861 6918
861 9591
3489 3582
6918 9084
6918 8747
8987 9573
863 3545
3545 4037
3545 7679
3545 6597
864 6477
864 8736
864 1463
864 6143
6477 9405
865 3911
865 1696
1696 2663
1696 8033
1696 5708
866 4772
866 3835
3835 7092
3835 4151
3835 5365
7482 9130
6929 8076
6929 7011
6929 7321
6929 7407
3864 5544
3864 9398
3864 4514
4018 6479
868 9410
869 5421
869 7414
870 2475
870 6621
870 9547
2475 5824
2475 5276
2475 4442
2475 8256
2475 4873
2475 4690
2475 5509
9547 9852
5897 8346
872 3911
872 5954
872 9258
872 1471
872 9657
5954 9451
5954 6117
1471 9679
1471 6522
1471 2492
1471 7253
1471 4000
1471 9627
873 2543
873 6268
873 9506
873 5721
873 6403
873 7379
873 6818
2543 9991
2543 9626
6268 7519
6268 8943
5721 6913
6403 9080
6403 9665
6403 7050
6818 8233
874 9115
874 1256
874 9321
1256 5724
9321 9599
875 2441
875 9622
875 4825
9622 9977
9622 9656
4825 9520
4825 7412
4825 8498
876 4224
876 5116
4224 7412
4224 8495
4224 7718
5116 6343
5116 8003
877 5133
877 8190
877 3662
877 9476
8190 9070
3662 7214
3662 9084
6777 7860
1464 9037
1464 3514
1464 9382
1464 2191
1464 3945
3214 4810
3214 6326
3214 8748
3214 5648
879 1478
879 1912
879 8936
1478 7685
1912 5391
1912 2591
880 2132
880 1772
880 3045
880 8347
880 2085
880 1169
880 4015
880 4117
880 1236
3045 9640
3045 5951
8347 8408
4015 5435
4015 7682
1236 6017
1236 3332
1236 8637
1236 1714
1236 4475
1236 7284
4700 8414
4700 4715
882 3194
882 7437
3194 9366
3194 4904
3194 7215
7437 9923
7437 8237
7437 8631
7437 9766
883 8591
883 7593
883 5222
883 9408
884 1706
884 6178
884 4720
4720 9235
885 6431
885 9773
885 9660
885 6047
885 9102
885 8999
885 7425
885 9894
885 8489
6431 6531
6047 9823
6047 6910
6047 6118
7425 8250
886 2373
886 3809
887 9357
888 1741
1741 9555
1741 3840
1741 7390
889 7152
889 7041
889 1347
889 1960
889 5146
1347 7148
1347 6056
1960 2613
1960 4039
1960 8115
1960 7286
5146 8403
5146 8093
890 6666
890 2865
890 4519
890 6004
890 5468
890 5873
6004 7369
6004 6097
5468 6224
5468 9040
5468 8300
891 1258
1258 2022
1258 6662
1258 2199
1258 3621
1258 8182
892 9242
892 5331
892 6601
892 2329
892 6018
6018 7082
6018 9020
893 4278
893 7895
893 3075
4278 8589
7895 9326
7895 9523
3075 8239
3075 5499
3075 8108
894 4987
894 2054
894 4504
894 7171
894 8384
894 4261
2054 3765
2054 4496
2054 8588
4504 6517
7171 9259
7171 8281
8384 9607
4261 6636
4261 5980
895 9771
895 7666
895 1043
7666 9256
1043 3562
1043 4292
1043 8619
1043 9472
897 3535
2156 7988
2156 9775
2156 2222
2156 8640
2156 8890
1168 8253
1168 1854
1168 7542
4803 5893
4803 4961
7034 7971
900 7383
901 7020
901 6721
901 8027
901 4366
7020 9117
7020 8503
6721 9459
6721 9083
4366 6947
4366 6468
4366 5530
4366 6927
902 5077
5077 8794
5077 8319
5077 7193
903 2922
903 6497
903 5458
903 3378
5458 5627
5458 8171
3378 4453
1862 7554
1862 6097
4914 6658
3306 5294
5345 8826
908 2302
908 9056
908 3628
3628 3794
3628 3991
3628 9810
3628 5997
3628 5559
909 9045
909 8642
909 8283
9045 9809
910 4982
910 2849
910 3717
910 3968
910 3249
2849 3900
3249 3377
3249 5741
911 4322
911 1236
911 6611
911 8587
911 1090
4322 8073
4322 8597
4322 9252
6611 7575
1090 2636
1090 3392
1090 1567
4264 4463
4264 7169
4264 7378
3560 7598
3560 9986
913 7878
913 2757
913 8391
913 8084
7878 8400
2757 3604
2757 6608
2757 4952
914 3902
914 5006
914 9662
3902 5011
3902 6980
3902 4202
915 7563
915 1424
915 8850
915 9551
1424 2087
1424 7413
1424 1433
978 8291
978 9306
978 4256
6263 9896
917 7499
917 6358
6358 8431
6358 8633
918 7378
918 7105
918 5656
918 7775
918 3896
918 8241
5656 9570
7775 9917
7775 9822
3896 4435
3896 5236
3896 6758
3896 4540
919 1339
7625 9575
6941 8234
6941 7436
6941 9497
2598 8205
2598 8448
2598 4536
2598 3107
2168 8876
2168 9520
6001 8732
6001 7270
6001 8049
6001 9781
924 1465
924 7280
924 2750
924 9919
924 4898
2750 4973
2750 3238
4898 6735
4898 6426
926 5693
926 8595
5693 6562
5693 6203
5693 9725
927 1720
927 5874
927 8762
927 8306
927 8115
927 3786
927 8230
1720 4600
1720 6851
8306 9763
8115 9272
3786 9062
8230 8955
8230 9205
929 5274
929 9981
929 5072
929 5200
5274 6475
5274 8235
5200 9962
5200 5635
5200 8226
930 4882
930 7413
930 6522
4882 8990
4882 5958
4882 8798
931 3285
931 9644
3285 9878
3285 4738
932 1692
932 2237
932 1948
932 3787
932 3521
932 8687
932 4134
1692 9375
1692 3146
1692 7327
1692 5304
1692 2151
2237 3888
2237 6446
1948 3854
1948 9945
1948 4459
1948 6679
3787 6410
3521 8804
4134 9931
4134 8333
4134 4365
4134 6690
933 5518
933 4482
933 8807
933 5864
5518 6619
5518 6562
5518 9490
5518 7542
4482 8870
4482 7163
934 5288
934 7127
934 8465
7127 9742
935 1299
935 9376
935 5275
935 1776
935 2284
935 2096
1299 3324
1299 5848
1299 4134
1299 2031
1299 2278
5275 5931
5275 7311
5275 5601
2284 4533
2284 7661
2096 9129
2096 8088
2096 9611
936 8912
936 3538
936 7775
937 8437
8437 9518
938 6460
6460 7734
939 3986
939 1107
939 6002
939 2029
3986 4293
3986 6128
3986 8471
3986 6207
1107 5476
1107 9212
1107 5821
1107 3912
1107 7296
6002 9691
6002 7916
2029 8087
2029 9631
2029 5965
2029 5428
2029 9210
940 3585
940 4934
6265 9314
4754 8364
4754 7923
9707 9832
967 1127
967 4728
967 6188
2591 2696
2591 6661
2591 3117
2591 8450
2591 7432
2591 6478
2591 6035
943 5941
943 5545
943 1576
944 5063
944 7311
944 4098
7311 7999
7311 8540
4098 4869
5203 8775
5203 5425
5203 8442
5203 5442
5203 9578
4059 4207
946 6472
946 8317
946 9322
946 9854
946 4103
946 4979
946 5324
6472 7542
6472 8502
4103 8035
4103 7666
947 1390
947 7785
947 7498
1390 4441
1390 9977
1390 7637
7785 9350
7498 8195
948 5914
948 6400
948 6667
948 1778
5914 6550
6400 6916
6400 7094
1777 2086
1777 5138
6778 8387
5212 6516
2520 5764
2520 6792
8394 9322
2236 4804
2236 4357
2236 7795
2236 4025
2236 2989
2236 2469
950 5128
950 6269
950 3472
5128 9082
5128 6510
6269 7231
6269 6410
951 6331
951 2650
951 5514
951 6733
951 1647
6331 7433
2650 6869
2650 6305
2650 3223
1647 3188
1647 4020
952 9379
952 3987
952 1981
3987 6812
3987 7880
3987 6078
3987 8525
953 6710
953 9694
953 8671
953 2959
2959 8934
2959 8752
2959 6269
2959 4257
2748 7591
2748 6841
2748 8530
5681 6115
8585 9674
956 3529
956 2920
956 4668
956 4396
3529 6840
3529 6857
3529 5272
3529 7599
3529 8499
2920 9265
2920 4225
2920 3274
2920 6759
957 1378
1378 4849
1378 3442
1378 3263
1378 8900
1378 5452
5185 9703
5185 7491
5185 7632
1588 5937
1588 4980
1588 1646
1588 4319
2660 6495
2660 5517
2660 3495
2660 3386
2663 4585
2663 5103
2663 8224
2663 7870
2663 9438
2663 9090
959 6537
3096 3496
3096 7486
3096 3518
5989 9213
5989 7440
5989 9336
5989 6152
5989 6214
5415 8479
5415 8958
5415 9313
5415 9493
5415 9253
961 7857
961 2612
961 6225
961 4856
961 1261
961 6897
7857 9986
2612 2758
2612 3277
2612 6757
2612 9225
1261 9695
1261 6741
1261 6044
6897 9953
6897 9485
6897 9932
962 1533
1533 7722
1533 5959
1533 1602
963 3830
963 7489
963 4013
963 3576
3576 5793
3576 8597
3576 5583
964 7185
964 6957
964 9800
964 3957
964 3663
964 6296
964 6987
7185 8771
6957 7956
6957 7882
6957 9027
3663 6174
6987 8348
6987 9216
6987 9302
965 8065
8065 8087
4807 6048
4807 5765
4807 6976
9236 9617
968 1158
968 6694
1158 3253
1158 4901
1158 7562
1158 6082
6694 7117
969 8134
969 4537
969 8155
969 1600
4537 8044
4537 9951
4537 5498
1600 3502
1600 3368
1600 5402
1600 8308
970 1342
970 6747
1342 3930
1342 6610
1342 2768
1342 3243
6747 9483
6747 9341
971 1412
971 6329
971 1684
971 8563
971 9711
971 8440
1412 8567
1412 7431
1412 7389
1412 2205
6329 9428
6329 9586
6329 9160
6329 9897
972 3893
5748 6679
5748 6196
5748 6605
6551 9226
974 6533
974 9911
974 2724
974 7046
974 4255
974 3120
974 4550
974 8132
974 5325
6533 8554
6533 8643
6533 9795
6533 9775
7046 8041
7046 9098
4255 4923
4255 5245
4255 4933
4550 9008
4550 6123
5325 6725
5325 5962
5325 7761
5325 6890
5325 7685
5325 8391
2351 7780
2351 8252
2351 9763
2351 7384
2351 9150
976 3880
976 1089
3880 8792
3880 7146
977 7371
977 1025
7371 9339
1025 4190
4256 5460
4256 8941
4256 6438
979 9493
1796 2020
982 8520
982 6853
982 7565
982 3217
6853 7590
6853 8767
6853 7785
7565 8653
3217 8386
3217 3882
3217 4449
3217 3973
3217 4508
3217 6079
3217 5529
3217 6732
3888 6706
3888 4890
8852 9741
1312 8135
1312 1581
984 8222
984 9199
984 7754
7754 7903
7754 8082
985 8197
985 3279
985 3668
985 7653
985 5658
985 8321
985 1477
985 1444
985 1565
8197 9983
8197 9342
8197 8652
3668 9587
3668 3842
3668 5616
3668 3916
7653 9258
7653 7853
7653 7900
1477 8479
1477 5622
1477 4753
1477 1665
1477 2874
1477 3949
1444 2622
1444 6670
1565 3700
1565 1773
1565 2502
986 2082
986 9717
986 7105
986 7711
986 5661
986 1910
7711 8696
5661 5687
5661 9088
7174 8448
7174 9722
988 2009
988 7464
988 6904
2009 8434
2009 5072
2009 3094
2009 8078
6904 7019
989 6550
989 3531
3531 8213
3531 5843
990 4687
990 5308
990 3629
990 2513
990 5614
990 1117
5308 6993
5308 7576
5308 7622
3629 4000
3629 6261
3629 5043
3629 9459
3629 8541
3629 7809
3629 7098
2513 6691
2513 5779
2513 4851
2513 9290
2513 7288
2513 7723
2513 7168
5614 7819
5614 5785
991 4765
991 4653
4653 6419
992 6124
992 8761
992 1700
992 1383
6124 8639
6124 8163
6124 7146
1383 7440
1383 5611
993 5018
5018 5259
5018 9102
994 8793
994 8257
994 1317
994 6666
994 8114
994 9733
994 8263
8793 9626
8263 8717
8263 9248
996 4755
4755 6334
4755 7939
4755 7604
4755 6870
4755 5685
997 1596
997 6936
997 8342
997 1978
998 4043
998 7206
998 5847
998 1847
998 7390
4043 4449
4043 4118
4043 5988
4043 7308
999 8710
8710 8772
8010 9817
6261 7221
4884 7543
4884 7116
4884 6014
1001 2322
1001 9100
1001 2698
1001 4669
1001 5991
2322 6639
2322 4848
9100 9900
2698 9236
2698 8091
2698 6341
2698 9821
2698 5135
2698 6359
4669 5187
4669 5696
5991 6381
1002 5220
1002 2934
1002 9419
1002 2478
1002 5193
5220 5911
5220 6786
9419 9737
5193 8305
5193 5681
5193 7635
1003 9544
1003 7768
1003 4034
1003 1035
4034 4665
4034 8186
4034 9423
4034 4106
1035 2074
1035 5429
1035 6495
1035 5542
1035 9949
1004 5007
1004 7200
1004 1283
1004 8359
1004 5518
5007 9562
7200 8300
1283 8962
1283 6616
1283 2661
1283 6816
1005 2397
1005 7315
2397 8313
2397 3182
7315 9757
1006 8314
1006 4659
4659 8201
4659 7211
4659 9511
4659 9215
1007 7929
1007 7964
1007 7214
7929 9603
7929 8788
7214 8722
1008 2051
1008 5728
1008 2426
2051 8282
2051 3336
2051 9983
2051 3633
5728 9324
2061 5518
2061 5310
2061 7103
1010 7346
2964 6869
8863 9040
2629 8463
2629 9427
2629 6556
2629 9032
1012 3640
1012 8913
1012 7257
1012 6257
1012 1785
1012 6084
3640 5869
6257 9637
6257 9150
6257 7906
1785 3868
1785 5140
1785 6675
1785 2039
1785 1791
1785 8808
1785 9599
1785 8618
1785 3903
1013 2456
1013 9147
1013 1666
1013 1119
1013 3638
1013 7587
2456 8412
9147 9448
1666 9978
1119 9665
1119 8551
1119 2352
1119 9102
1119 2260
8420 9981
2275 7354
2275 5406
2275 9075
1547 5717
1547 3308
1547 3944
1547 2710
1547 4100
1015 7392
1015 1337
1015 6889
1015 7499
1015 2878
1015 3464
1015 3416
2878 4462
2878 4192
2878 9166
2878 7717
2878 8163
3464 7336
3464 8647
3464 9556
3416 9868
3416 5595
3416 6110
3416 5458
1016 1041
1016 9757
1041 9438
9757 9835
1392 4550
1392 7248
1392 3810
1392 3700
1392 3034
2830 4729
2830 6152
1176 2719
1176 4862
1176 8951
1176 2446
1176 4914
1018 3741
1018 1894
1894 7986
1894 3637
1019 7002
1019 5501
1019 1148
7002 9590
7002 8024
1020 1951
1020 3046
1020 2631
1020 4134
1020 6825
1951 2001
1951 4101
1951 9726
3046 4021
3046 7946
2631 3489
2631 9358
2631 6289
2631 9220
6842 9984
2675 9064
2675 4918
2675 3955
6669 9469
6669 7123
2881 7980
2881 4640
2881 4662
2881 5389
7114 8668
1220 7909
1024 8337
1024 2980
5123 8751
1027 1759
1027 2506
1759 6230
1759 9698
2506 7906
1028 7247
1028 4035
1028 2962
7247 9712
7247 7707
4035 5004
6044 9014
3355 7478
3355 6381
3355 7247
1030 1050
1030 8582
1030 4278
1030 9547
1030 2939
1050 7339
1050 9298
1050 7314
1050 3936
1050 6849
1050 9345
1050 2485
1050 7174
1031 3832
1031 6343
1031 9021
1031 6562
1031 1986
6562 9088
1986 2437
1986 7787
1986 5037
1986 3226
1986 5102
1986 5892
6055 9652
6055 9746
6055 6100
1439 2866
1439 6950
2453 3658
2453 6128
2453 5904
2453 8818
2453 5570
3028 9796
3028 3616
2226 6525
2226 4185
4661 4897
4094 5451
4094 7416
2074 9359
2074 8673
5429 8123
5429 6730
5429 8331
6495 9530
6495 9747
1036 2180
1036 8715
2180 7649
1038 8991
1038 6843
1038 1276
1038 4114
1038 8173
6843 8328
6843 8538
6843 6906
1276 4511
1276 9063
4114 7152
4114 6297
4114 9784
4114 9583
1039 4211
1039 5590
1039 2153
1039 5879
1039 4112
1039 6718
1039 6871
4211 6330
4211 8019
4211 7976
4211 9730
4211 4654
5590 6393
5590 9936
2153 3093
4112 7293
4112 6625
4112 6796
4112 7983
4112 6180
1040 5594
1040 2988
1040 3782
1040 8606
3782 9691
3782 9952
1042 7779
1042 8694
1042 7552
8694 8939
3562 8178
3562 4285
3562 5283
4292 6756
4292 4700
4292 6266
1044 7797
1044 4914
1044 2579
1045 2903
1045 1819
1045 7920
1045 8490
1045 1073
1045 3738
1045 5497
1045 8817
1045 8736
1045 6864
1045 2661
1045 2665
2903 6729
2903 4431
2903 7892
2903 7796
2903 4084
2903 3500
1819 3611
1819 9152
1819 7248
1819 8640
1073 1892
1073 3807
1073 9759
1073 2696
3738 4210
3738 4994
3738 8044
3738 7184
3738 7642
2665 6867
2665 6204
2665 8098
2665 8638
1046 2960
1046 1814
1046 7325
2960 4249
2960 8073
2960 6034
2960 5570
1047 8510
1047 5723
1047 9756
1047 9029
1047 5857
1047 2013
5857 6419
1048 8899
1049 1632
1632 7455
2485 9216
2485 9330
2485 6479
2485 2708
2485 9908
6960 8524
3686 4320
3686 8113
7428 8105
1745 2257
1745 2386
1745 8712
1053 9493
1053 3448
1053 8283
1053 4505
1053 3321
1053 9924
3448 6929
3448 9187
3448 7204
4505 8843
3321 6091
3321 7410
3321 8194
1054 6233
1054 5879
6233 9073
6233 9732
1055 6113
1055 7834
1055 1232
6113 7915
6113 9849
1056 9285
1056 7731
1056 8510
7731 8462
7731 8411
7731 8348
1057 3898
1057 6741
6741 9185
1637 3661
1637 2325
1637 9951
3233 8605
3233 8577
3233 4911
3233 4150
3694 6534
3694 6294
3694 8964
9063 9657
1060 4034
1060 3586
1060 1529
1060 8417
1060 6358
3586 9255
1529 1695
1529 3145
1529 4303
1529 7334
2116 8991
2516 8083
2516 4225
2516 3665
2516 9868
6380 8578
1062 2849
1062 8562
1062 5734
1063 5406
1063 4545
1063 4796
1063 2405
1063 5884
1063 7298
5406 9744
5406 7627
5406 5771
4796 5065
4796 7851
2405 7711
2405 6899
2405 9838
7298 7619
1064 1392
1064 8693
1064 4259
1064 7344
1064 3981
4259 5416
4259 8240
7344 7510
7344 9178
7344 8580
3981 6960
1065 2474
1065 1817
1817 6135
1817 7928
1066 1483
1066 8254
1066 6600
1483 7957
1483 4782
1483 9051
1483 5542
1483 8068
1483 2092
1483 3352
6600 7283
6600 8088
1067 6011
1067 9354
1067 4844
1067 7561
1068 3366
1068 1636
1068 3049
1069 3772
1069 1577
1069 5535
1069 2249
1069 7526
5535 8057
7526 8959
1070 5713
1070 3371
3371 4161
1071 6679
1071 5788
1071 4318
1071 4345
1071 6397
1071 6346
4318 8336
4318 6027
6397 7619
6397 6979
6397 8407
6397 8335
6346 8171
6346 8876
6346 8861
1072 3890
1072 9088
1072 3610
1072 7217
1072 9918
1072 7393
3890 6350
3890 5734
3890 8493
3890 7758
3890 5001
3610 7760
3610 6199
3610 3677
7393 9613
7393 9478
7393 7677
1892 8694
1892 8942
1892 5117
1074 3725
1074 5736
3725 8018
3725 6776
5736 6901
5736 7349
5736 8502
1075 8492
1075 2312
1075 4630
1075 7690
8492 9591
2312 7620
2312 6536
2312 4800
2312 5907
4630 5274
4630 5878
1076 7930
1076 5713
1076 4210
1076 5903
7930 8637
4210 9935
4210 6860
5903 8021
5903 6753
5903 8256
5903 7915
1077 4639
1077 4943
1077 3878
1077 5630
1077 3483
3483 5447
1078 3288
1078 7704
1080 2757
1080 2632
1080 3359
1080 1129
1080 1533
2632 5684
2632 4748
2632 5272
2632 5526
2632 6489
3359 7136
3359 6076
3359 4329
1129 3223
1129 2266
1129 8642
1129 6728
1129 9256
1129 3525
1081 8939
1081 2520
1081 4801
1081 4965
8939 9689
4801 6645
4801 6043
4965 6486
4965 8941
4965 7865
1082 8379
1082 9516
1082 6012
6012 9367
6012 9458
1084 3466
3466 4548
3466 6823
3466 4628
3466 7652
1085 2589
1085 2738
1085 1683
1086 6782
1086 9169
1086 4708
1086 4819
1086 9850
6782 7863
4708 6368
4708 8358
4708 7878
8040 9456
1088 3423
1088 2406
1088 7930
3423 9218
5892 6219
4920 8155
1946 8458
1946 9401
3392 8918
3392 5956
3392 4012
1567 9110
3260 9992
3260 7643
3260 8832
1092 9360
1092 7803
1093 7252
1093 9231
1093 4133
1093 3938
1093 6158
1093 7624
1093 9966
1093 5638
9231 9484
4133 5592
4133 8194
3938 8426
3938 7390
5638 5815
5638 7421
1094 7286
1094 1507
1507 2264
1507 1578
1095 1890
1095 4760
1095 8951
1890 7439
1890 6793
1890 6492
1890 2820
1097 4491
4491 9504
4491 7392
4491 8136
1098 8487
1098 7143
8487 9617
2918 8525
1100 7125
1100 3384
1100 5777
7125 7991
7125 9689
5777 8250
1101 8681
1101 5892
1101 2121
1101 1948
1102 3018
1102 5043
1102 5792
3018 3037
3018 9073
3018 9523
5043 8765
5043 7702
5043 8303
1103 6164
1103 5335
6164 6678
6164 9922
5335 7835
5335 5369
5335 7914
5335 7614
1104 2449
1104 4702
2449 7899
2449 7126
1105 9726
1105 2946
1105 4309
1105 9141
1105 4006
1105 1489
1105 6086
1105 5637
2946 5488
2946 7824
2946 3546
4309 5092
1489 5024
1489 4010
6086 9974
6086 7967
6086 7903
6086 8299
5637 8481
5637 5795
5773 8798
6659 6992
6659 7596
3912 6360
7296 8626
7296 8794
1893 8270
1893 8491
2802 3717
2802 9453
2802 4278
1997 8605
3705 8058
3705 8348
3705 3745
3705 6586
3705 8271
1264 4551
1264 5630
1264 6917
1109 7909
1109 3311
1109 8213
1109 8564
1109 1531
1109 2133
3311 3859
3311 5740
1531 6172
1531 6307
1531 9333
1531 6671
1531 8962
2133 4328
2133 4320
2133 4487
2133 6868
1110 3448
1110 6801
1110 5662
1110 2705
6801 7357
1111 6544
1111 7753
1111 8977
1111 9542
1111 9684
1111 3957
1111 7354
6544 8646
6544 7210
6544 9165
1112 8613
1113 9535
1113 2166
1113 3470
1113 6774
2166 2950
2166 2647
2166 6996
3470 4851
3470 5838
1114 4099
1114 8900
1114 2415
1114 5359
1114 8911
2415 7653
2415 7916
5359 7347
5359 6359
5359 8610
1115 7612
1116 9750
1116 3419
1116 9140
3419 3850
3419 8705
2438 9516
2438 4347
1853 6538
1853 6518
1853 7565
1853 1854
8343 8411
8343 9530
2366 8897
2366 9413
2366 9392
1118 8443
1118 5354
1118 2020
8443 9261
8443 9072
5354 8464
2020 6260
2352 4007
2352 7018
2352 3314
2352 9055
2352 7094
2352 3157
2260 8000
2260 3894
2260 3165
2260 8881
4840 7983
1121 3810
1121 7397
1121 6191
1121 9315
3810 5408
7397 7521
6191 8798
6191 8062
6191 8404
1122 9256
1122 4272
1122 4628
1122 7258
1122 6759
4628 7842
1123 8514
1123 3603
1123 7737
1123 5262
1123 1921
8514 9077
3603 5783
7737 8567
5262 6497
5262 5895
5262 9791
1124 1487
1124 2504
1124 9087
1124 9328
1124 8499
1487 4384
1487 8888
1487 2601
1487 8108
1487 3905
2504 2897
2504 7448
9087 9090
1125 2009
1125 9758
1125 9590
1125 6530
5037 6336
5037 7735
1128 2442
1128 7735
1128 3798
1128 3148
1128 8522
1128 1642
2442 6668
2442 5893
2442 6182
7735 8534
7735 9471
3798 7155
3798 5376
8522 9170
1642 3762
3223 8521
2266 9211
4399 4473
4399 8183
2252 6470
2252 4018
2252 8019
2290 6315
1131 9382
1131 8390
1131 3847
3847 5750
3847 5990
3847 5011
1132 8911
1132 7599
1132 4270
1132 2315
1132 7895
1132 5371
7599 9103
4270 9744
4270 4693
5371 5815
5371 7124
5371 8882
1133 1241
1133 6791
1133 4042
1133 5793
1241 5212
1241 7644
1241 8861
4042 8813
4042 7774
4042 9142
4042 9416
4042 6657
5793 7096
5793 8989
1134 5783
1136 5028
5028 6688
5028 7700
5028 7853
2595 8547
2595 2983
5248 8650
4229 8887
1139 3294
1139 8990
1139 9681
3294 6458
3294 3996
8990 9886
8990 9826
4950 8550
4950 5953
8064 8184
1396 9546
1396 3239
1396 9958
1396 6245
1396 4792
8041 9921
1141 9532
1141 6651
1141 5644
1141 3498
1141 3970
1141 3513
1141 5947
5644 5717
5644 9000
3498 9140
3498 5854
3970 7649
3970 5190
3513 6003
3513 8896
3513 9088
1142 6860
1142 3222
6860 8970
6860 7859
6860 8460
1143 6849
1143 4441
1143 6782
1143 8054
4441 4693
4441 7916
4441 5962
8054 9745
8054 9843
8054 8838
8054 9166
1144 1524
1524 4235
1524 8492
1145 8587
1145 7830
1145 8971
7830 9394
8971 9712
1146 4148
1146 9274
1146 9212
4148 8715
4148 4360
9274 9859
3414 6905
3414 8413
3414 8129
5422 6765
1150 4215
4215 9705
4215 6792
4215 6126
1151 9320
1151 1226
1151 5114
1151 5985
5812 9674
5812 5996
5812 7500
5812 7859
2592 7947
1515 7074
1515 7442
8828 9453
2402 2424
1154 8249
1154 8864
1154 8892
1154 2649
2649 6161
2649 7361
1155 1747
1155 6550
1155 3787
4476 9111
4476 8817
9464 9970
3253 6224
3253 9193
3253 9877
3253 9257
4901 5194
7562 9743
7562 8973
1159 7062
1159 9641
1159 4964
1160 5572
1160 7880
1161 9126
1161 5898
1161 2407
2407 9767
1162 7171
1162 9532
1162 8648
1162 3306
1162 9436
1162 8175
1162 6007
1162 2242
2242 7702
2242 3267
2242 3359
2242 4830
2242 8637
2242 8670
2242 8283
1163 7620
7620 8144
7620 8378
6683 8246
6683 7558
6683 8188
2333 3935
2333 2748
2333 8966
2333 4336
2333 6132
7118 8278
1166 2901
1166 8329
1166 3283
1166 9211
1166 4395
1166 5024
2901 3532
2901 6861
2901 7987
2901 9609
8329 8645
8329 8779
3283 5681
3283 9973
4395 9995
5024 5643
5024 7797
5024 7775
1250 8454
7328 8321
8457 9494
1422 3969
9504 9598
1170 7148
7148 7294
1382 8744
1382 9248
1382 8198
1382 7991
2150 8969
2150 6831
2150 5035
2150 8496
2150 7748
4466 4815
4466 8950
4466 7221
4466 7495
3856 9538
3856 8664
6850 8547
6850 9719
1173 5122
1173 6529
1173 3531
1173 1437
1173 4781
6529 6554
4781 8297
4781 7696
4781 6853
4781 9199
4781 8204
3765 8642
3765 5635
3765 8458
1175 8427
1175 2175
1175 5105
1175 7109
1175 5425
8427 9096
2175 5724
7109 7875
5425 7509
5425 7348
5425 8926
5425 5520
5425 9364
2719 7699
2446 5091
2446 7751
2446 7773
2446 4890
2446 3878
2446 2985
2446 5904
2446 6877
2446 3747
1177 3033
1177 9317
3033 8742
1178 5330
1178 1518
5330 7497
5330 8773
5330 9208
5330 7486
5330 6318
6807 7772
6807 8102
1180 8143
1180 2876
1180 9816
1180 5754
8143 8570
2876 6120
2876 8597
1181 2573
1181 8350
2573 7532
2573 6748
1182 7166
1182 3108
1182 2681
7166 9557
1183 2586
1183 3830
1183 2250
1183 4920
2586 3094
2586 7578
2586 9923
4027 4231
4027 7219
4027 5868
6300 9999
1186 9838
1186 9274
1187 6574
1187 7032
1187 3806
1187 8324
1187 6637
1187 3496
1187 3661
3806 7227
3806 5127
8324 9633
6637 8262
6637 6663
1188 2601
1188 6112
1188 3058
1188 8701
1188 2067
2601 4592
3058 9491
2067 6611
2067 4831
2067 6924
2067 5739
1190 7079
1190 2046
1190 9997
1190 8162
1190 1679
1190 3447
1190 5925
1190 6472
1190 5931
1679 6234
3447 9458
3447 6406
3447 9522
5925 7894
5925 6365
1191 3516
1191 9489
1192 3934
1192 8907
1192 7363
1192 9918
1192 5690
1192 8055
3934 7743
3934 7036
3934 5434
8055 8485
1193 6746
1193 2394
1193 7273
1194 1466
1194 7864
1194 4709
1194 8114
1194 6212
1194 6119
1466 7079
1466 8868
1466 8134
1370 4778
1196 1601
1196 7428
1196 1780
1196 4122
1196 2676
1601 9963
1601 4797
1601 5184
1601 3110
1601 4205
1780 4468
1780 8892
1780 6981
1780 6356
1780 4449
1197 4032
1197 8126
1197 7698
4032 4182
4032 4446
4032 4153
4032 9818
7698 8347
7698 8949
7902 9369
1199 5056
1435 8275
4402 4912
4402 9765
4402 9745
4402 9154
5603 8129
7070 7595
7070 7374
7189 9003
7189 8305
1202 5745
1202 4004
1202 5128
1202 7192
1202 3468
5745 8933
5745 8084
4004 7154
3468 9965
3468 3525
1203 3161
1203 8660
1204 7476
1204 6952
1204 6956
7476 9167
6952 9343
1205 4788
1205 5689
1205 9433
1205 1347
1205 9472
4788 8189
1207 3815
1207 1838
1207 2567
1207 4649
3815 5630
3815 7143
1838 4008
2567 6332
2567 5667
2567 3895
4649 7109
4649 4854
4037 4216
4037 4747
5101 5955
4794 7773
6915 7423
6915 9180
1210 1383
1210 9584
1210 9347
1210 1640
9347 9464
1211 4620
1211 4188
1211 4795
4620 5557
4795 6268
3834 4204
3834 7088
7338 7583
7338 8016
6643 7058
6643 9292
6643 7702
1213 1505
1505 8442
1505 6481
1505 7322
1505 6815
1505 9302
1505 6722
1707 3342
1707 6940
1707 9461
1707 4407
1707 3295
6711 8594
1215 2709
1215 4337
1215 3737
1215 7590
1215 1668
1215 6910
2709 7407
2709 7574
2709 9866
2709 8633
4337 5508
4337 7901
1668 4592
1216 1422
1216 9818
1216 6786
1218 3254
1218 5254
1218 8008
1218 5330
1218 8635
3254 6775
3254 6041
3254 8011
8008 8577
8008 8382
8008 8833
8635 9970
1219 9977
1219 7342
7342 9363
7342 9156
7342 9756
1221 6932
1221 3447
1221 8047
1221 1595
1221 4275
1221 6106
6932 8836
1595 3928
1595 9299
1595 2684
1595 9270
1595 1713
1595 7240
1595 6389
1595 4732
1223 8500
1223 6879
1223 8232
8500 9437
1224 5881
1224 2140
1224 1836
5881 8293
1836 4435
1836 8277
1836 2415
1836 4184
5303 9175
5303 5357
5303 8582
1227 3833
1227 2747
1227 8149
1227 9521
1227 3487
3833 6984
3833 6505
2747 5227
2747 5673
2747 8933
8149 9511
9521 9972
3487 8465
3487 6887
8164 9630
8164 9945
7988 8709
1445 6228
1445 4573
1445 1525
1445 3523
1445 4913
1229 2649
4534 8242
1231 1267
1231 7852
1231 4192
1267 9079
1267 8058
7852 8448
1233 7627
1233 7790
1233 5852
1233 2824
1233 8238
1233 4171
7790 8157
5852 9755
5852 8079
5852 6871
5852 6307
2824 5143
2824 8239
2824 6638
2824 7737
4171 5812
1234 1279
1234 9873
1234 2916
1234 2696
1279 4641
1279 3999
1279 3896
1279 4895
1279 9319
1279 9109
2916 7244
1235 7629
1235 7774
1235 2319
1235 2280
2319 7190
2319 7174
2319 3978
2280 2425
6017 6499
6017 6687
6017 8012
3332 5246
3332 7141
3332 7259
8637 9315
4475 5995
1237 7262
1237 9001
1238 8537
1238 7386
1238 4879
5697 7892
5697 8528
7871 8594
1240 5270
1240 8030
1240 3696
1240 9451
1240 1787
3696 5350
3696 9363
3696 5106
3696 4712
7644 9249
8861 9104
1242 3832
1242 9971
1242 5108
1242 4019
1242 3616
1242 6435
1242 4838
3616 9675
3616 7342
3616 7162
4838 6703
4838 9710
4838 6543
4838 7692
1243 6758
1243 5771
1243 7537
1243 9378
6758 6804
6758 9166
5771 8070
5771 6376
1244 8531
1244 4885
1245 5927
1245 4179
1245 8513
1245 5425
1245 2782
5927 7706
5927 8092
2782 9442
2782 8349
1246 6870
1246 3707
1246 1817
6870 9985
3707 6361
3707 4882
3707 8026
3707 7529
3707 8936
1248 4544
1248 8885
1248 4420
4544 5989
1249 5723
1249 3623
1249 8274
3623 8056
1251 7065
1251 8103
1251 6906
1252 2549
1252 5744
1252 9636
1252 2804
1252 6783
1252 9356
5744 5914
5488 5734
5135 5347
1255 5729
1255 1283
1255 8065
1257 8148
1257 6543
1257 7946
6543 9155
2022 9565
2022 8624
2022 7201
6662 8819
3621 4577
3621 6231
8182 8403
8182 9716
1259 1322
1259 6685
1322 9486
1322 8787
1322 9891
1322 2658
6685 8096
6685 8146
3239 3957
3239 9880
1262 4456
1262 5367
1262 7563
1262 7601
4456 9721
4456 9148
4456 7486
4456 8068
4456 5738
4456 4653
4456 7105
4456 5837
5923 9644
5923 9008
3732 5616
3732 7876
3732 5944
4551 9376
4551 7153
6917 8802
6917 9278
1265 3095
1265 4005
1265 1546
1265 4181
4181 6326
4181 4989
4181 5700
4181 9327
1266 7480
1266 3283
1266 6496
1266 8987
6496 6650
1268 5801
1268 9618
1268 3838
1268 3604
5801 5953
5801 9434
5801 6373
5801 5947
3604 7242
3604 8640
3933 9128
3933 6607
3933 8566
6223 9921
6223 6666
6223 7002
5904 7447
1270 2067
1270 8985
1271 2659
1271 4333
1271 5832
1271 9869
2659 6738
2659 6361
2659 6322
2659 5136
4333 9711
4333 9295
5832 6809
1273 4611
1273 9409
1273 3811
4611 9622
4611 9696
4611 8702
1274 8727
1274 3847
1274 8479
8479 8598
1275 8447
1275 5189
1275 6418
8447 8691
8447 9439
5189 5750
5189 8249
5189 5625
5189 6863
5189 7289
1277 3097
1277 6114
3097 4109
3097 8859
3097 8712
6114 6753
1278 8952
1278 4699
4699 7457
4641 6371
3999 9924
3999 9560
3999 4807
3999 7721
3999 7087
4895 9362
4895 8007
4895 6434
4895 8780
9109 9280
6563 9247
6563 9275
5948 8799
6732 6968
6732 9070
3066 7056
8819 9520
8819 9988
1281 8228
1281 1360
1360 1975
1360 1450
1282 6850
1282 8334
1282 5419
1282 2523
8334 9518
8334 8377
5419 7690
5419 6434
5419 7300
2523 4989
2523 2954
2523 4973
8962 8981
6616 8935
6616 8900
6616 8009
6816 9089
6816 9759
1297 2328
1297 6013
1297 2134
1297 6424
1297 9514
1286 2524
1286 4008
1286 4923
2524 6635
2524 6346
2524 6406
2524 7360
2524 4220
4923 7465
1287 4413
1287 2115
1287 7092
1287 8659
4413 8159
4413 9834
4413 5117
4413 5622
4413 9509
8659 9861
1289 8684
1289 8006
1289 5644
8006 8937
1290 6864
1290 4023
1290 6806
1290 9398
1290 3212
6806 9506
3212 9076
2084 4424
2084 9715
1292 8781
1292 6078
6078 9992
6078 8035
6078 7192
1293 4691
1293 2613
1293 7930
1293 1514
4691 6779
4691 9528
1514 7901
1514 2836
1514 3527
3304 9445
3304 6550
3304 5515
5797 8017
5797 9890
6895 6980
1296 5087
1296 7921
2550 6421
2550 6293
2550 3324
2550 7278
2853 5633
2853 4543
2031 9864
2031 8537
2031 3772
2278 2502
2278 2527
2278 3220
2278 4363
2278 8965
1300 9021
1300 7501
1300 9686
1300 7196
1300 7803
1300 2242
7196 8174
1301 9678
1301 4936
1301 3504
1301 2374
1301 5188
1301 8738
4936 5301
3504 5880
3504 7695
3504 6797
3504 7847
2374 5797
2374 4005
2374 8693
2374 5783
5188 5785
1302 1923
1302 5459
1923 4026
1923 7886
1923 3214
1923 8215
5459 9629
5459 9374
5459 8749
5459 6203
5459 8806
1303 9285
1303 5183
1303 4261
5183 8688
5183 8971
5183 7059
5183 5264
1304 6612
1304 3181
1304 7163
1304 3288
1304 5350
1304 2082
3181 8975
7163 7444
7163 7361
5350 8438
5350 6148
5350 8960
5350 7577
1305 9530
1305 5260
1305 7340
1305 2243
7340 9123
7340 8470
1306 3659
1306 4570
1306 8593
3659 3881
3659 5990
3659 9762
3659 8186
3659 8994
1307 9352
1307 7798
1307 7470
1307 5530
1307 5901
1307 4395
1307 1497
7798 9849
5530 7566
1497 6073
1497 6061
1497 2678
1308 5520
1308 2963
1308 6940
5520 7236
5520 7246
2963 9983
2963 8172
2963 4735
2963 3683
6940 7150
1309 8979
2196 9209
2196 4495
2196 4570
2196 3825
3903 5700
3903 8778
3903 4031
1311 4588
1311 8248
4588 9170
4588 8894
4588 7575
4588 9973
4588 5197
4588 4848
1581 7025
1581 8267
1581 4172
1581 7177
1581 9182
1581 2282
1313 4156
1313 8597
1313 6808
1313 3656
1313 4168
3656 7877
3656 4234
3656 6397
3656 7493
8333 8562
5780 7017
5780 5835
5780 9413
1315 8165
1315 6302
1316 6049
1316 2669
2669 8181
2669 6652
2669 3384
2787 5030
1318 8954
1318 4081
1318 5615
1318 7610
1318 7394
1318 3052
1318 8027
8954 9212
8954 9168
4081 6584
4081 9303
4081 8677
5615 6461
5615 6164
7610 9509
7394 9601
7394 8325
3052 6393
3052 4649
1319 7566
1319 5687
1319 8365
5687 8308
5687 8336
5687 9065
5687 7691
5687 6842
5687 9610
3295 5248
3295 4562
3295 8061
3295 5824
3295 3819
3295 5108
1321 9855
1321 5542
1321 6134
1321 7433
8787 8954
2658 6903
2658 3258
2658 5865
1324 1924
1325 9544
1325 1571
1325 1458
1325 4291
1571 8636
1571 1847
1571 8877
1571 5824
1326 5192
1328 9002
1328 2549
1328 1480
1328 7934
7934 8470
3653 4577
3653 4779
1330 8959
1330 8998
1330 2863
1823 9941
1823 5044
1823 2658
1823 4357
1332 2104
1332 3443
1332 3802
2104 5640
3802 4350
3802 5433
1333 6627
5148 8348
5148 6218
5148 6910
5148 6193
1982 2547
1982 7508
1982 3664
1982 7623
1982 6209
1982 2214
1335 7429
1335 7302
1335 6548
7429 7911
7302 8437
6548 6786
6548 7150
2975 6297
4906 9896
4906 6092
4906 7641
3281 8452
5151 8019
7564 8951
7564 9326
7564 9406
5241 9463
5241 8050
7875 9328
7875 8527
7875 9749
3930 7450
3930 4413
3243 4279
1343 5025
1343 4856
1343 7605
1343 3465
1343 3311
1343 7034
3465 5484
1344 6150
1344 9726
1344 1812
1344 5784
6150 8652
1345 2174
1345 9002
1345 3327
1345 1878
1345 4806
2174 7889
3327 7232
3327 6075
3327 5958
3327 4272
4806 6286
4806 7440
1346 4514
1346 6855
1346 3431
1346 8000
1346 8061
4514 6939
4514 8295
4514 6174
6855 8634
3431 9265
3431 7918
3431 4708
8061 8887
6056 9103
6056 7490
1348 9004
1348 7300
1348 7030
1350 3469
1350 7174
1350 9505
1350 5469
3469 4636
3469 4534
3469 4850
3469 5370
3469 7534
3469 4475
5469 7145
1351 4150
1351 8000
1351 1387
1352 8662
1352 6137
1352 9341
1352 6515
1352 9699
1352 7381
1352 1499
1352 9330
1352 9090
8662 8998
6515 8557
7381 9360
7381 8701
1499 4251
1499 5339
1499 2150
1499 2725
1499 9580
1499 5659
1353 4652
1353 2911
1353 9694
1353 3441
4652 5461
4652 5638
2911 6572
2911 5907
3441 9745
3441 9375
4959 6522
4959 9255
4959 6298
4959 5640
3190 8876
2123 2449
2123 7969
2123 7927
1355 8961
1355 9790
1355 8073
1355 7114
1355 5601
1356 4266
1356 6189
4266 6415
6189 8891
1357 1533
1357 8236
1357 9512
8236 9082
1358 4959
1358 2268
2268 6592
2268 7619
2268 6354
2268 4446
2268 6237
2049 2995
2049 9614
5126 6782
5286 8473
1975 2722
1361 1657
1657 6714
1657 3583
1657 1912
1657 8363
1657 9187
1657 3893
1657 4542
8745 9013
2419 3484
2419 4807
2419 3766
2419 3235
1363 5793
1363 9442
1363 6465
9442 9543
1364 3116
3116 9035
1365 9303
1365 2514
1365 6201
1365 7970
1365 3196
1365 9440
2514 3956
2514 3222
7970 9687
7970 8694
1366 2900
1366 8891
1366 9506
2900 3660
2900 3610
2900 4189
8891 9732
8891 8968
4865 8149
4865 9411
4865 6490
6439 9518
2614 8693
2614 3129
1369 5922
1369 2532
1369 1514
1369 8956
1369 9805
5922 6690
5922 9351
2532 5905
2532 5891
8956 9466
4778 9320
4778 6014
4778 9524
4778 8238
1371 5557
1371 6057
1371 2138
5557 6313
5557 9269
6057 6867
1372 9030
1726 9882
1726 3386
7415 8948
1375 4746
1375 5908
1375 5705
5908 9099
5908 6673
5705 9959
5705 8154
1376 8692
1376 1569
1376 3188
1569 6724
1569 6245
1569 4771
1569 8656
2055 7918
2055 2816
4849 8316
3442 6901
3442 4441
3442 6479
1379 6930
1379 6333
6333 7718
1380 7145
1380 8400
1380 9627
1380 2569
2569 9874
2569 9313
2569 6059
9248 9621
8198 9990
5611 8320
5611 9234
5611 8412
1384 8028
1384 5048
1384 9252
1384 6683
8028 8279
5048 7078
5048 9074
8532 9794
1386 5299
1386 6736
1386 6985
1386 7080
5299 6435
7080 8706
7801 8595
7637 9592
1391 8036
8036 8885
3034 5529
3034 9652
1393 7308
1393 7369
1393 4153
1393 8869
1393 5892
7308 9637
7308 9335
7369 9654
7369 8832
7369 9126
4153 6443
4153 7535
4153 8971
6339 6884
6245 9786
6245 7207
6245 7465
4792 5824
1397 2669
1397 3067
3067 4724
3067 5353
3067 4437
2536 6626
4738 7976
1815 3135
1815 7595
1815 8988
9435 9940
1400 2257
1400 9151
1400 9519
1400 7043
1400 7857
1400 5327
9519 9529
7043 7303
5327 9724
5958 8762
5958 6170
5958 7551
5958 6064
3499 4809
3499 6419
7140 7665
3245 8561
3245 7218
3245 4528
3245 6514
1403 4302
1403 5324
1403 8530
1403 3997
1405 4152
1405 7668
1405 5753
1405 4181
1405 5278
1405 4475
4152 7307
7668 8195
5278 6670
5278 6978
1406 5902
1406 4039
1406 5538
1406 7451
1406 4802
5902 9452
5902 8422
4039 6984
7451 9912
4802 9266
1407 7777
1407 4812
1407 9071
1407 4981
1408 8321
1408 3029
1408 6792
1408 2933
1408 7017
1408 8374
3029 8430
3029 5892
6792 7011
2933 6460
2933 4459
7017 7354
7017 8459
7017 8282
8374 9217
8374 9375
1409 7242
1409 4833
1409 8941
1409 4535
7242 9914
4833 8194
4833 9265
1410 3518
1410 4193
1411 5529
1411 7902
1411 3547
3547 6260
3547 5203
3547 7588
3547 6651
3547 9321
7389 8469
2205 7276
2205 3164
2205 6794
2205 2729
2205 4817
2205 3970
1413 8276
1413 9614
1413 8395
1413 8154
1413 9061
8154 8558
8154 8901
8154 8921
9061 9843
4714 5751
4714 9447
4714 4853
1415 8869
1415 8828
1415 2806
1415 8586
2806 4843
2806 9955
2806 8315
2806 6155
2806 9212
1416 8789
1416 8439
1416 6243
1416 2281
1416 9773
8789 9529
8789 9055
8789 9882
6243 8833
6243 9384
2281 6171
2281 2527
2281 8604
2281 4439
3792 6635
3792 4685
3792 7181
8256 9249
8256 9768
2027 7108
2027 9561
2027 9775
2027 2685
2027 2503
2027 8884
3713 5868
3713 5655
7349 8351
7588 9546
4972 8255
4972 9009
9541 9978
1419 5780
1419 4212
1419 7124
4212 5756
4212 9701
4212 5524
1420 2777
1420 7727
1420 9565
2777 6407
2777 6816
2777 8683
1421 8613
1421 8326
1421 5589
1421 5069
1421 4194
1421 8428
8326 9045
8326 9812
8326 8501
8326 8500
5589 8091
5589 9636
5589 9529
5589 7885
5069 9321
5069 6067
4194 9850
4194 6279
4194 7403
8428 8776
8428 9273
3969 7647
1423 9772
2087 7555
2087 3460
2087 8237
2087 4230
8493 9089
2619 8375
2619 7421
2619 3044
2619 8560
2619 3723
1426 6788
6788 7753
6788 8775
1428 8239
1428 2038
8239 9423
2038 9521
2038 9392
2038 2777
3584 9354
3584 5963
3584 6314
3584 3908
7749 7842
7749 9522
2472 5791
2472 4884
2472 8032
2472 4009
2472 6265
2472 7405
9526 9628
3780 4393
3780 4503
8812 9570
1436 1581
1436 1713
1436 5523
1436 8053
1436 5147
1713 9290
1713 4346
1713 8399
1713 2076
5147 6815
5147 8227
1438 4333
1438 8222
6950 9609
1440 3780
1440 2665
1440 8938
1440 3558
3558 9563
3558 6751
3558 4579
3558 5051
3558 5568
3558 8296
1441 2499
1441 6089
1441 1805
6089 7921
6089 7003
1805 5928
1805 2023
1805 5712
1442 2114
2114 9031
2114 6000
3630 9769
3630 7367
3630 4616
6547 7997
2622 8020
2622 3330
2622 8699
6228 9735
4573 9854
3523 9315
3523 8730
3523 6399
4913 8196
1446 9110
1446 8748
1446 3640
1446 4425
1446 2922
1446 2167
4814 8905
4814 7867
4814 6263
1448 4941
4941 8461
4941 7551
4941 8732
1449 8465
1449 7285
1449 1694
1449 2420
1449 6197
7682 8834
7682 9404
4741 7938
4741 7402
4575 9502
4575 5385
4575 6806
1937 5440
1937 4271
1937 8212
1937 8061
1937 8258
2381 7661
2381 6795
2381 7752
2381 3356
2381 2534
3221 7043
3221 6503
3221 6638
1452 2714
1452 7004
1452 8823
1452 3454
1452 5435
2714 8328
2714 3201
7004 7594
3454 5445
3454 5322
3454 9760
3454 5362
3454 9563
3454 9862
3454 9810
2070 4985
2070 6972
2070 2799
2070 7953
2070 9517
2070 7423
6876 8044
1455 9750
1455 9886
1455 6444
6444 9236
1456 7045
1456 7414
1456 2329
1456 3121
1456 2920
1456 3770
3121 6396
3121 6008
3121 5867
3770 4459
3770 7705
1457 8754
1457 8834
1457 4609
1457 9320
1457 8348
8754 9979
4609 6203
8348 9648
6121 7512
6121 8916
1459 6653
1459 3408
1459 3767
1459 6150
6653 8123
3408 7005
3408 4391
3408 7182
3767 7461
1460 8882
2895 4098
2895 3494
2895 3661
1716 2164
1716 6460
1716 7795
1716 8800
7664 7698
3370 4198
6796 8546
6796 6966
3514 8178
3514 9704
3514 8676
3514 3840
3945 7582
3945 4542
6308 6703
5691 6397
5691 8084
1467 4736
4736 6355
1468 3867
3867 8606
1626 2544
1626 2612
1626 3735
1470 5315
2492 8602
2492 6275
2492 6079
2492 9060
2492 4288
2492 6481
4000 4203
4000 6071
4000 7377
4000 9678
4000 9042
1472 4099
1472 6128
1472 7369
1476 5251
1476 8707
1476 4215
8707 8744
4753 7740
2874 2939
2874 4845
2874 9399
3949 5687
1479 2423
3123 9622
3123 7134
3123 8509
3123 9874
3123 7431
3123 9420
1481 6388
1481 8094
1482 9317
1482 9274
7957 8634
8068 8567
2092 5948
2092 5713
2092 8322
3352 5022
3352 4694
1484 3939
3939 8294
3939 8684
3939 3999
3939 8919
1485 9078
1486 6049
1486 2230
4384 8318
3905 5620
3905 9557
3905 8953
1488 2747
1488 7717
1488 7314
1488 9651
1488 1678
1488 7715
7717 9199
1678 7617
1678 7700
1678 2728
1678 6670
1490 3623
1490 8178
1490 6654
1491 3826
1491 9434
1491 8655
1491 8549
3826 6874
3826 6078
3826 4146
3826 3956
8549 9717
2986 8265
2986 6636
9349 9355
6123 7141
6123 9705
3322 7479
3322 3956
3322 8775
3322 6540
3322 8264
3322 7696
3322 9803
5184 8385
5184 6342
5184 8812
5184 8402
5718 9448
5718 5919
5718 9657
5718 7686
5718 6358
1495 7463
1495 5411
7463 9720
7463 9311
7463 8144
7463 8673
5411 6340
5411 6411
5411 6453
1496 7548
1496 1858
1496 9027
1496 4877
1496 2988
1496 9647
1496 3815
1496 9391
1858 5916
1858 5098
1858 9033
1858 9525
1858 5118
1858 4150
4877 7521
4877 8890
6073 7561
6073 9830
1498 3685
1498 9647
1498 2240
1498 9175
1498 2520
9175 9286
5659 5797
1500 1547
1500 3303
1500 6582
1500 9903
1500 7554
7554 9984
1501 2763
1501 5566
1501 7864
3411 5451
3411 8604
3411 9949
3411 7954
3411 4290
1503 4511
1503 8320
1504 6535
1504 4282
1504 2469
2469 6433
2469 9641
2469 4735
6722 9445
6722 8055
6722 7029
1506 7551
1506 3680
1506 3722
7551 9230
3722 3766
3722 7589
3722 8106
3722 4141
2264 9935
2264 6624
2264 3460
1578 2960
1578 3849
1578 8100
5257 8073
5257 6265
5444 9081
5444 9012
5444 8470
5444 8890
4058 8920
4058 5698
7010 9731
7183 8865
1513 1646
1513 8403
1513 5096
1513 6838
1513 2672
5096 8437
5096 7607
6838 9318
2672 3132
2672 7283
2672 6506
2836 4987
2836 3074
3527 6457
3527 3773
3527 8948
3527 7727
7074 7681
1516 4848
1516 7517
1517 7746
1517 7777
1517 3838
1517 2636
8542 8830
2771 9977
2771 6213
2771 3800
2771 7228
2771 3102
2771 3392
7523 8470
1522 7726
1522 2517
2517 2804
2517 5436
2517 2529
2517 3354
4096 6781
1526 3698
1526 7197
1526 6172
1526 8048
1526 3632
1526 9572
1526 4875
3698 6721
3698 7467
3698 5167
3698 4149
6172 9998
6172 9408
6172 7362
6172 7820
8048 9021
4875 8236
4875 9807
1527 6945
1527 7947
1527 4474
1527 2009
1528 5102
5102 8471
5102 8281
5102 7874
5102 7749
5102 5887
1695 5378
1695 2591
1695 4544
1695 7166
3145 5026
3145 9546
4303 8201
4303 7417
4303 6658
4303 6009
4303 7888
7334 8859
7334 9038
1530 7154
1530 6093
1530 2367
1530 6204
7154 9230
6204 8620
6204 7260
6307 7096
6307 9376
6671 7073
6160 8604
6160 9532
6525 7283
6525 9854
6525 7973
7722 9765
5959 6821
5959 9556
5959 7200
1602 6819
1602 6961
1602 5543
1602 3190
1534 2722
1535 4105
1535 1656
1535 4884
1535 6429
6429 8626
6429 9472
6429 9846
6429 7784
6429 8838
6429 9911
1536 4189
1536 5232
1536 1561
4189 8424
5232 9142
1561 7411
1561 6235
1561 6041
5172 6327
2845 4662
2845 6678
1538 6259
1538 6773
6259 8373
1539 4878
1539 7866
1539 8494
1539 9718
1539 2468
4878 6271
4878 9368
4878 6552
7866 9144
7866 8119
7866 9005
1540 3631
1540 5640
1540 3564
3631 5130
3631 9097
3631 7300
3631 9717
3631 5724
5640 8210
5640 9366
5640 8779
3564 9239
3564 5233
3564 9010
1541 3455
1541 7655
1541 9805
1541 6154
3455 4105
3455 7689
3455 8282
7655 9628
6154 9137
9509 9560
4258 4565
4258 7908
4774 5894
4774 7003
4774 6015
1543 2229
1543 7202
2229 5187
2229 9242
2229 5225
3611 9659
3611 4582
3611 7908
3611 8535
1545 8545
1545 4716
4716 6959
8471 9644
8471 9277
3308 6639
3308 5547
3308 7528
3308 8199
3944 5406
2710 4140
4100 7066
4100 5204
4100 6634
1548 1948
1548 2359
2359 8967
2359 9747
2359 7724
2359 4099
2359 8822
2359 8140
2359 7063
2359 3820
1549 8814
1549 3904
1549 8886
1549 9720
1549 8233
1549 3132
1549 8401
1549 8804
3132 5086
8804 9134
8804 9589
1550 6352
1550 3968
1550 6878
6878 8056
6878 7412
1551 5122
1551 7879
1551 3232
3232 9341
3232 5986
3232 8299
3232 9659
8351 9736
3644 6257
3644 8812
1553 3608
1553 3369
1553 9301
3608 6203
3608 7828
1554 5454
1554 5310
1554 5063
1554 6079
1554 7527
1554 9372
1554 8866
1554 3845
8866 8999
3845 5557
3845 4800
3845 4815
3845 9973
3845 7230
3845 9287
3845 5461
1555 9741
1555 7953
1555 4403
1555 6595
1555 9757
9741 9988
4403 5918
4403 8309
6595 7094
6595 9833
6595 9334
6595 9721
1556 1747
1556 4214
1556 3634
1556 7084
1556 7201
1556 4343
1556 4834
1556 5262
4214 6742
4214 7693
3634 6900
3634 5459
3634 4681
7084 7915
4343 7247
4343 4856
4343 7167
8171 8484
1558 4451
1558 5536
1558 9815
1558 9049
1558 2335
1558 3826
1558 7409
4451 9190
4451 6611
1559 3322
1559 7436
1559 6335
1559 3497
1559 4287
1559 2287
1559 4181
3497 4425
3497 9238
3497 7227
4287 4902
4287 4386
4287 5734
2287 4807
2287 3261
4565 5695
4565 7701
6041 7243
1562 5328
1562 7033
1563 8257
1564 9649
1564 6008
6008 7633
6008 6214
1773 9741
1773 3856
1773 9670
2502 7324
2502 4315
2502 2785
2502 8200
4656 7693
4656 9686
4656 9461
3167 5490
4091 9171
4091 8831
4091 7305
6092 6731
1570 4398
1570 2491
1570 6719
1570 4808
1570 4447
1570 4613
1570 7260
1570 5007
4398 6048
4398 6895
4398 8875
2491 2599
2491 5670
6719 9688
4808 6103
4447 8811
4447 4651
4447 4455
4447 6278
5824 8523
9196 9554
1573 5619
1573 7646
1573 7823
5619 7523
1574 4891
1574 5054
4891 8882
4891 8929
4891 6824
5054 8483
5054 7950
5054 6650
5054 7247
5054 7889
3252 3469
3252 3492
3252 9386
9176 9837
3866 8727
3866 7757
3078 9838
3078 5336
3078 3874
3078 9590
1579 7070
1579 3713
1579 2435
1579 7178
1579 6337
2435 9663
2435 6948
2435 9348
2435 7361
6337 7085
1580 5228
1580 6721
1580 7472
7025 7910
4172 7323
4172 9804
4172 9471
4172 5926
3112 4342
5799 8263
5799 7678
4883 9385
4883 6388
4883 9357
1585 9344
1585 9386
1586 4079
1586 9861
1586 6868
1586 8171
6868 9087
6868 7211
1587 3286
1587 6711
5937 8788
4980 8206
4980 8859
1590 3110
1590 7844
1590 5487
1590 3362
1590 7492
3362 5236
3362 9893
7492 8239
7492 7569
1591 6795
1591 9240
1591 5518
1592 5632
1593 8372
1593 5392
1593 9172
1593 6102
5392 8466
1594 9526
4732 4738
4732 9818
2829 3022
2829 5177
2829 5382
2829 3729
2829 6170
4365 7276
6184 6436
6184 9607
2582 8981
2582 4540
2582 5348
2582 3102
2582 7505
2582 6386
2582 7401
4976 8382
4976 7807
4976 9443
4976 6244
1598 3851
1598 3731
1598 2055
3851 9787
3851 9428
3731 3928
3731 8859
3731 8670
3731 6460
3502 8411
3368 6402
3368 9022
5402 6258
4797 7354
4797 5539
6961 7554
1603 9740
9740 9772
1604 7417
1604 7688
1604 6536
1604 2673
1604 6717
1604 3905
7417 9987
6536 7894
1605 6229
1605 8879
1605 9570
6229 7476
6229 9605
6229 6977
1606 9057
1606 4948
1606 2714
1606 9849
1606 2396
1606 3200
1606 8343
4948 5309
4948 8384
4948 6490
2396 6916
2396 7639
2396 4223
3200 9546
3200 4091
3200 5957
4141 9258
3915 3938
3915 5330
3915 7439
3915 5732
3915 5913
5682 9908
1799 2409
1799 6637
1799 6983
1799 3085
1799 8070
1799 2687
1799 3483
1799 4182
1799 2767
1799 7807
1799 3662
4631 4727
4631 5422
5992 9276
5992 9755
7016 8663
7016 7557
7016 7072
1609 4872
1609 9697
1609 4408
1609 4860
4408 9204
4860 5157
4860 7754
4860 5580
1610 9694
1610 7935
1611 4026
1611 3959
3959 8884
1612 8791
1613 9974
1613 9953
1614 4239
1614 9903
1615 5882
1615 7815
5882 8753
8920 8964
1617 2092
1617 7774
1618 8037
1618 6064
8037 9978
8380 9697
1620 5778
1620 8806
1620 9831
1620 9528
5778 7646
1621 9888
1621 2158
2158 8587
2158 9594
2158 8360
2158 8680
1622 7763
1622 4219
1622 5009
1622 2424
1622 5968
4219 6928
4219 5758
2424 3366
2424 5553
2424 9688
5968 9855
5968 8098
5968 7107
1624 5242
1624 3922
1624 7127
1624 9959
1624 5768
1624 5790
5242 8899
3922 9836
5790 9057
2544 7718
2544 8652
2544 3266
2544 3244
3735 3848
3735 5498
1627 9848
1627 4291
1628 7306
1628 9388
1628 1942
1628 4238
1628 6390
7306 7509
4238 7011
4238 7261
4238 8198
1629 6022
6022 6305
1630 7509
1630 6156
1630 2184
6156 8816
1631 4118
1633 4776
1633 8144
1633 7074
9525 9544
3842 9250
3842 9594
3842 4712
5341 8186
5341 5388
5341 8558
5341 7746
4937 9333
4937 8056
4937 9253
4937 5148
4937 7056
4937 8391
1635 5936
1635 6965
2325 4223
2325 5408
2325 3008
2325 8205
2325 6944
2325 6208
1638 2073
1638 5181
1638 3819
2073 5953
2073 6690
2073 8413
2073 7973
1639 6659
1639 3878
1639 8959
1639 7149
7149 8861
7149 9804
7149 9079
7149 8556
5136 5558
5136 9067
7478 8246
1641 7393
1641 9346
1641 8477
3762 6609
3762 5852
3762 7172
3762 4008
1643 6102
1643 2732
1644 8614
1644 4250
4250 4344
4250 7918
4250 8917
4250 4604
4250 5486
4250 5900
4250 6963
1645 6655
1645 7488
1645 9249
1645 5786
1645 8045
1645 6752
1645 2084
9249 9435
5786 9286
5786 9468
8045 8656
1648 3884
1648 2168
1648 9401
1648 3508
3884 6540
3884 8857
3884 5253
3884 7948
9401 9456
3508 4029
1649 6075
1649 3310
1649 7697
6088 7719
6088 7215
4054 8741
4054 4978
4054 4243
4054 8820
2562 4066
2562 8386
1651 8301
1651 8104
1651 3715
1651 8281
1651 2670
1651 8010
2670 3516
2670 6605
2670 7613
1652 9545
1652 4409
4409 5251
1653 2081
1653 5539
1653 9420
1653 5856
1653 8023
2081 8452
2081 8408
1654 6996
1654 6816
1654 2083
6996 7187
6996 8090
2083 4258
1655 5442
1655 3032
1655 6429
1655 2413
5442 8163
5442 5539
5442 7397
5442 9464
5442 8883
3032 4432
3032 4987
2413 6453
2413 2656
6714 8656
3583 5023
8363 8459
8363 9042
1658 2098
1658 7015
1658 5209
7015 7137
7015 7823
1659 4546
1659 2524
1659 5381
1659 8859
4546 4772
4546 7284
4546 6627
1660 3002
1660 3269
1660 5525
3002 6307
3002 8195
3002 5381
3002 5283
3002 3825
3002 8001
3269 7275
3269 4001
3269 4159
2831 7353
1662 8876
1663 5740
1663 9852
1663 9946
1663 7562
1663 6963
6963 8146
1664 9283
1664 1836
1664 2412
1664 2048
2412 6195
2048 3237
2048 2359
2048 4429
2048 4674
2048 4398
2048 9811
2048 8031
2559 8574
2559 8840
1669 9030
1669 7833
1670 4912
1670 2847
1670 9641
1670 8818
1670 6852
4912 9836
4912 6322
4912 8730
2847 9434
2847 8501
2847 4177
2847 4556
1671 4324
1671 8736
1671 9844
4324 5417
1672 7445
1672 4748
7445 8536
4748 8069
4748 7265
1674 1858
1674 2685
1674 6025
1674 3218
1674 2098
3218 8571
3218 4277
3218 7856
3218 3639
1675 4310
1675 3531
1675 2943
1675 8059
2943 9225
2943 7219
2943 8325
2943 9700
1676 5781
1676 7430
1676 7946
1676 7269
7430 9010
7430 8326
7269 8363
6487 8572
6487 9991
5144 7136
5144 9868
5144 6866
5144 6956
7617 9627
7617 9070
6234 9282
1680 8487
1680 8377
1680 7074
1680 8288
8288 9660
8288 8994
2538 4056
2538 9644
1682 8999
1682 2324
1682 3321
1682 4956
1682 5783
2324 5835
2324 8312
2324 2643
4956 9268
4956 5827
7504 7690
3312 5373
3312 4045
3312 9635
3312 7700
3312 8113
1685 2337
1685 6162
1685 2555
1685 6021
1685 9414
1685 9880
6162 6588
2555 5222
2555 9741
6021 8191
9414 9605
2430 9439
2430 9790
7209 9941
1687 6435
1687 5947
1687 1721
1687 6023
1721 9842
1721 4115
6023 8425
6023 6381
6663 9494
6663 9696
5490 8434
5490 9850
2633 9209
2633 3034
2633 9742
2633 9945
2633 9306
1689 4375
1689 8410
1689 9988
1689 7818
1689 9455
1690 3350
1690 8930
1690 1791
8930 9878
1691 6474
6474 8981
9375 9994
5304 6917
5304 5498
5304 9718
5304 6633
2151 8446
2151 9587
2151 6065
2151 8135
1693 9202
1693 8754
1693 5486
1693 5677
1693 9193
1693 5864
1693 5226
9202 9882
5486 6867
5486 9129
5486 7283
5486 9860
5677 9659
5226 7999
5226 5509
5226 5480
5226 9670
5226 8862
6236 7828
6236 6365
6236 7199
6236 9021
5708 6044
7782 8797
3567 8956
3650 9273
3650 9813
2571 3319
2571 9318
1703 9839
1703 3814
3814 8026
3814 8275
3814 6575
1704 3503
1704 4941
1704 4252
1704 9003
1704 9680
1704 5332
1704 8156
3503 8943
3503 9136
8156 8962
1705 8267
1705 8584
1705 8674
1705 5714
8674 8840
8674 8769
5714 9895
5714 6630
5714 9298
5714 8670
1708 7545
1708 2255
7545 8338
1709 2508
1709 8729
1709 3659
1709 3665
2508 6534
2508 8107
2508 7403
8729 9951
3665 9423
3665 4370
1710 4193
1711 5402
1711 5043
1711 1804
1711 4027
1804 9179
1804 6210
9290 9873
4346 8646
4346 9962
8399 8962
8399 9347
2076 9405
7757 9895
7757 8298
7757 9831
8111 9196
2164 3969
2164 2826
2164 5642
2164 5107
2164 8990
7795 9316
8800 9431
1717 2061
1717 3357
1717 4595
1717 2983
4595 5646
1719 4830
1719 4877
1719 4440
1719 2173
4440 7439
4440 6729
4440 7406
4440 9721
4440 5771
4115 8034
4316 6451
4316 4440
1723 6720
1723 6570
1723 5124
6720 7660
6570 9097
6570 6670
5124 7839
1724 3400
1724 2996
3400 3975
2996 8735
2996 8544
2996 8016
1725 3192
1725 9225
1725 5033
3192 7869
5033 6198
5033 9949
3386 6342
3386 5321
3386 5037
1727 2677
1727 5742
1727 3951
1727 9261
1727 1872
2677 2973
2677 7200
2677 8305
5742 6520
5742 7494
1872 2631
1872 4801
1872 7266
1872 9262
1872 8272
1872 6434
1728 4995
1728 3448
1728 5584
1728 5369
4995 9986
5584 6519
1729 8469
1729 5868
1729 2553
5868 6865
1730 5721
1730 5386
1730 2812
2812 9093
2812 4546
5750 7960
5750 7231
5750 8211
1732 9359
1732 4837
1732 2387
1732 4043
1732 6144
1732 1911
4837 9203
4837 8463
6144 7598
6144 8969
6144 8019
1911 8785
1911 5856
1911 2389
1911 8706
1733 6690
1733 5679
1733 8479
1733 2763
1733 4874
6690 7035
6690 9567
6690 9743
6690 7173
5679 5976
5679 6566
5679 5894
4874 9451
4874 7194
4874 7570
1734 9369
1736 4748
1736 3234
1736 5850
1736 6222
6222 7512
6222 9642
1737 3334
1737 8717
3334 9414
3334 7400
3334 9221
3334 3975
8717 8841
3555 3638
3555 7193
3555 3746
7438 8006
7438 8643
1739 9618
1739 3464
3840 8754
3840 5786
7910 8246
7910 9277
1743 7959
1743 9728
1743 8285
5825 8649
5825 7013
5825 9082
2465 8561
2465 6625
2386 5341
2386 6780
2386 2403
8615 9879
1958 5256
1958 3036
1958 4753
1958 6324
1958 3359
2395 5186
2395 7603
2395 8750
4414 9825
4414 8975
1748 1980
1748 9961
6297 8827
6297 6822
5167 5664
5167 8916
5167 5169
5627 8852
5627 7568
5627 7774
5131 9763
5840 9203
5840 7335
5840 6735
5877 8556
5877 9152
3526 8822
3526 3729
3526 8922
3526 6832
3206 5536
3206 7597
1752 2051
1752 5758
1752 1914
1753 5172
1753 9843
1753 2595
1753 5081
1753 4138
4138 9585
4138 9317
1754 9691
1754 2374
1755 3161
1755 3231
1755 2680
1755 7473
1755 9221
3231 5423
3231 6576
2680 5865
2680 5018
2680 3430
2680 4241
7473 9488
7473 8888
1756 7582
1756 5561
1756 9884
1756 9292
7582 9993
1757 9782
1757 1949
1757 4488
1757 2142
1757 9775
1757 7651
9782 9853
1949 6316
1949 3079
1949 9383
2982 8962
2982 4286
9698 9726
1760 2042
1760 8162
1760 5816
1760 2476
1760 4685
2042 7487
2042 6343
2042 3535
2476 7409
2476 6011
1761 7491
1761 4290
4290 6140
1762 6185
1762 8107
2667 4078
2667 2711
1766 5589
1768 6236
1768 7689
1768 9638
7689 9180
7689 8233
1769 3756
1769 9086
1769 4481
1769 2677
1769 3377
3756 6857
3756 4162
4481 7910
3377 7131
1770 8322
1770 7280
1770 9965
1770 2806
1770 3794
1770 4486
1771 4887
1771 4845
1771 6649
4887 5545
4887 7264
4887 6574
4775 8361
1774 8769
1774 5527
8769 9537
5527 9769
2086 6413
6368 8799
6368 7564
6368 9556
1779 5176
1779 5581
1779 6113
1779 9213
5176 6915
5176 7409
5176 5538
5176 5245
5581 9000
4468 5388
4468 8385
6981 9428
6981 8439
6981 8026
6981 7160
6356 8862
6356 7927
4449 5473
4449 6167
4449 9176
3790 9122
2157 6383
2157 8938
2157 6681
2157 7275
2157 9779
1782 3598
1782 5685
1782 8181
3598 9682
3598 5378
3598 8405
3598 4022
3598 7745
8181 8959
1783 4877
1783 6589
7868 9966
7868 8276
7868 8084
5140 7412
5140 6515
2039 7530
2039 6132
2039 5532
2039 5900
2039 8361
2039 4587
7706 8810
4388 8083
1788 5327
1788 5509
1788 8457
5509 7517
5509 7701
5509 6511
1789 2421
1789 2192
1789 6790
1789 3190
1789 9634
2421 2855
2421 9204
2421 7307
2421 2622
2421 3378
2421 3747
2421 6903
2192 3407
2192 6257
2192 9395
2192 3077
1790 8039
1790 4180
4180 8174
4180 7889
1792 5476
1792 7952
1792 4464
1792 6218
6218 9892
4614 5424
1794 7426
1794 2797
1794 9173
1794 9153
1794 2496
1794 8570
2496 4373
2496 7582
2496 4306
2496 9970
1795 9973
1795 6984
1795 9248
7421 8712
3515 8509
3515 9967
3883 4819
1798 6009
1798 6385
1798 8712
1798 3473
6009 8150
6009 6411
6009 6050
6983 8998
6983 9070
6983 9106
3085 8915
3085 6891
2687 6283
2687 8566
2687 9523
2687 6934
4182 6334
4182 8514
2767 8479
7807 8100
7807 9325
1800 9162
1800 3400
1800 2061
1800 5553
1800 3186
5553 9588
3186 9113
3186 3413
3186 7368
3186 8094
1801 3412
1801 2966
1801 8827
1801 5577
3412 4492
3412 4631
3412 4959
3412 3695
2966 7872
2966 9007
2966 3665
2966 3287
1802 9216
1802 5085
1802 7498
1802 7334
9216 9243
5085 5358
5085 9243
5085 9878
1803 2654
1803 6633
1803 3802
2654 9014
2654 9588
2654 5008
2654 6560
6210 7796
6210 6540
6210 8263
6210 6495
6210 8556
5712 7751
5712 5933
7980 8634
7980 9432
7980 9229
7980 9131
7980 9303
1807 8093
8093 9683
1808 3119
1808 7309
1808 6229
7309 9517
1809 4579
1809 6246
1809 6593
4579 7373
4579 5376
4579 6197
4579 5497
1810 6309
6036 7406
6036 6549
6036 7314
3135 3882
3135 8424
3135 7435
8988 9836
1816 8601
7928 8766
1818 6491
6491 8130
1820 2411
1820 9494
2411 7054
2411 3198
2411 7420
1822 4723
4723 6464
4723 5664
4723 6119
4723 6466
4357 7652
4357 6034
4357 4962
1824 6717
1824 3013
1824 6178
1824 6196
3013 9571
3013 4643
3013 7925
1825 4771
1825 8484
1825 3904
8484 9544
1826 7187
1826 2075
2075 4933
2075 9878
2075 8967
1827 4861
1827 4307
1827 8963
1827 4658
4580 5800
4580 6551
4580 5459
4378 5542
8221 8498
1829 2163
1830 1937
1831 2367
1831 5374
1831 9312
1832 3233
1832 6695
1832 3329
1832 7968
6695 7969
3329 4274
1833 4983
1833 4149
1833 9024
1833 2152
2152 8397
2152 5922
2152 7055
2152 8063
2152 3829
2152 3552
2152 8354
1834 7988
1834 5647
1834 3967
1834 3472
1834 8252
5647 5924
3967 6560
3967 4581
3967 9457
5246 8516
5246 9447
5246 7676
1895 4363
1895 1929
1895 3960
6151 9266
6151 7000
6151 6303
4435 6573
4435 9104
4435 5135
4184 7995
4184 9615
4184 9414
1837 9536
1837 8092
1837 6023
1837 8372
1837 5241
8092 9321
1839 8955
1840 7794
7794 8459
7256 9635
1842 9590
1842 7295
7295 8364
8299 9901
8299 9272
1844 7834
1844 5962
1844 2331
5962 8817
5962 6193
2331 6861
2331 4268
6528 7419
8015 9204
1846 3290
1846 7270
1846 9503
1848 7777
1848 4702
1848 1979
1979 7122
1979 5909
1979 8529
1979 3011
1849 8102
1849 6429
1849 9531
1849 7734
8102 9727
1850 5404
1850 3586
1850 7189
1850 9863
2751 5768
6538 9916
6538 8060
6538 9611
6518 8542
5616 9009
5616 7664
1855 5169
1855 9714
6508 9509
1857 9343
1857 6456
5916 9925
5916 8651
5098 6518
5098 8421
9033 9378
9033 9239
9033 9575
1859 7980
1859 4464
1859 4957
1859 3215
1859 7821
3215 8582
3561 8019
4146 8515
4146 5716
1863 6786
1863 2054
1863 3807
1863 9729
1864 1989
1989 2827
1989 6361
1989 7643
1989 5666
1865 6059
6059 8805
6059 9494
1866 5044
1866 8509
1866 2599
1866 2243
1866 8924
1866 9456
1866 3975
2599 7947
2599 9713
2599 6080
2599 4164
2599 5570
8924 9729
3897 7447
4715 9587
4715 8459
1868 9912
1868 9923
1869 9434
1869 9585
1869 2037
1870 9418
1870 4721
1870 5741
4721 6856
1871 2643
1871 7160
1871 5948
7160 7827
7160 8418
8272 9899
6434 8403
6434 8348
1874 7143
1874 5166
1874 2292
5166 7316
5166 5554
1875 6366
1875 3175
1877 7323
1877 5273
7323 8545
7323 8507
4422 4697
4422 8473
4422 8674
4422 8587
2181 7113
4445 9291
6253 9542
6253 8869
4619 5957
4619 4778
4619 4889
4619 8910
1882 7117
1882 3878
1882 3569
1882 6945
1885 4620
1885 4737
1885 4353
1885 8963
4353 9441
4353 8959
4353 8383
1886 2713
1886 8013
1886 4539
1886 3876
1888 3728
1888 4112
1888 3046
1888 7345
1888 1934
3728 7626
3728 5012
3728 9793
7345 7608
7345 8987
7345 9214
1934 9513
1934 6045
1934 7236
1889 8918
1889 3498
1889 8525
8918 9812
6793 9346
6793 8898
2820 3165
5117 8279
5117 5336
8491 9498
3637 3749
3637 4441
3637 9432
3637 9132
1929 8390
1929 6274
1929 3006
9370 9624
9370 9985
1897 3647
1897 6376
1897 7381
3647 4529
6376 9756
6376 9614
1898 9129
1898 8683
1898 6011
1899 6624
1899 5361
1899 5593
1899 2680
1899 6233
5361 9795
5361 8845
5361 7130
1900 7942
1900 5902
1900 9963
1900 6026
7942 9383
7942 9063
6026 8513
1901 5711
1901 5806
1901 9647
1901 9115
1901 3598
1901 6615
6615 9717
6615 9952
6615 8067
6615 9878
6615 9137
6615 9370
1903 5000
1903 5353
5000 7202
5000 8295
5353 7481
5353 7382
5353 9176
1906 9877
1906 9419
3059 5547
3059 6194
4973 7502
9500 9739
5301 7642
5301 8758
1909 4143
1909 5219
1909 9039
1909 4389
4143 4796
4143 8540
4143 9612
4389 5440
4389 5768
2515 3696
4555 7419
4555 7151
2389 7218
1913 5104
1913 2172
1913 5979
1913 4847
1913 6298
1913 7713
5104 9862
5104 8258
2172 6366
5979 8443
5979 7730
4847 7368
4847 5433
4847 7741
4847 6900
4847 9532
7713 9224
7713 8912
2749 5852
7194 9563
1915 5428
1915 7753
1915 4636
1915 5975
1915 6269
1915 7631
1915 7303
4636 6266
4636 7425
4636 5921
4636 5744
5975 8971
5975 8814
1916 5934
1916 5319
1916 3641
1916 4878
1916 5750
1916 5696
1916 9747
5934 6030
5319 5473
5319 8285
5319 8606
3641 6198
3641 7365
3641 4054
3641 3643
1917 9309
1917 6715
1917 8349
1917 2135
8349 9934
1918 5531
1918 4674
1918 6729
6729 9615
1920 7658
1920 1957
1920 2777
1957 6727
1957 6803
1957 8075
1922 4310
1922 5169
1922 2534
1922 9228
2534 3235
8215 9218
8215 8756
1925 5936
1925 8492
1925 3970
1926 3421
1926 2599
1926 4387
1926 8913
1926 6986
6986 9987
7665 9659
1928 9859
1928 4703
1928 9626
1928 5674
1928 3550
4703 6366
4703 5669
4703 7149
4703 8126
4703 7707
4703 8765
9626 9919
5674 6102
3550 7650
3550 6468
3550 6244
3550 9003
3006 8861
4068 8286
4068 8287
3036 5226
1932 6514
1933 9850
1933 8611
6045 7526
6045 9695
1935 8200
1935 2536
1935 2897
8200 9121
2897 8045
1936 5254
1936 3264
3264 7890
5440 8689
8212 8458
8212 9785
4499 4576
4499 6560
4499 4960
4499 9801
5810 6053
5317 6040
1940 7566
1940 4860
1940 6036
1940 4233
1940 3133
4233 8572
4233 4872
4233 9581
2671 4882
2671 5737
2671 8268
2671 8050
2671 3964
2671 4035
2671 7269
3446 5887
3446 5411
1944 7428
1944 9465
1944 4884
1944 7859
1944 7936
1944 2077
1944 6420
1944 4632
7859 7881
4632 5682
4632 5252
1945 3457
1945 3492
1945 9824
1945 5557
1945 2584
1945 7221
3457 5967
3457 7615
3492 4661
1947 2015
1947 7149
1947 6854
6854 7161
4459 6705
4459 9727
6316 7654
3079 7135
3079 3285
3079 5686
1950 9992
1950 4466
2001 9532
2001 4605
2001 6015
2001 7398
2001 2848
4101 5060
4101 4782
1952 8054
1952 5796
1952 9434
1954 3837
1954 6860
3837 5614
3837 6330
3837 7929
1955 7388
1955 2348
1955 2861
7388 9403
7388 7950
7388 8084
1956 8331
1956 3627
1956 5772
8331 9213
3627 7570
3627 6388
3627 6076
5772 5900
5772 6940
6803 8689
6803 9681
1959 4154
1961 1998
1961 6857
1998 6818
1998 3271
1962 6451
1962 7828
1962 3787
6451 7884
7828 9955
7828 8932
7828 9102
7828 9539
5570 9729
1966 7877
1966 7248
1966 2041
1966 8992
1966 8010
2041 2599
2041 2321
2041 8094
8992 9033
1967 5516
1968 2367
1968 9640
1968 6885
1968 4261
6885 7798
6885 9134
6885 9860
1969 8301
1969 4572
1969 4379
1969 6130
4379 4619
4379 8622
4379 5812
6130 6998
6130 9040
6130 6621
6130 7929
6130 6980
1970 2862
1970 7953
1971 2534
1971 2283
1971 4831
1971 2909
1971 3786
2283 4628
2283 6673
2283 2520
2283 9971
2283 6379
4831 5538
2909 3819
2909 8360
2909 8899
1972 9376
1972 7905
1972 7316
1972 9048
7316 8524
1973 2835
1973 5542
2835 6128
1974 7755
1974 3668
1976 8839
1976 6579
8839 9434
6579 7572
6579 9647
1977 7904
1977 9677
1977 7502
1977 2809
1977 4720
7502 8695
1999 2776
1999 6477
1999 9420
1999 2398
5909 8438
3011 5195
3011 7593
3011 5376
6442 6812
8512 9125
7949 8098
2563 4247
2563 8808
3664 7935
3664 8633
3664 3834
3664 5750
7623 9810
7623 8083
7623 9115
2214 7955
2214 5465
2214 7298
6275 8956
2210 5998
2210 9384
2210 5019
1984 7308
1984 3868
1984 9997
1984 8612
1987 9503
1987 2723
1987 5765
5765 7631
1988 3880
1988 2209
1988 9479
1988 7277
6361 6712
5666 7204
5666 5771
1990 9073
1990 6804
1990 8604
1990 4093
1990 9501
1990 2628
6804 9055
6804 9620
6804 9478
8604 9632
8604 9067
4093 8708
4093 6818
2628 7829
2628 9054
1991 9592
1991 3666
1991 9865
3666 9871
1992 5568
1992 2231
1992 3330
1992 7845
1992 2962
1992 3967
1992 2691
5568 7164
5568 5904
7845 8678
7845 9799
2691 8865
2691 6146
2691 7295
3579 6832
3579 7704
3579 7641
3579 5201
5348 6468
5418 6570
5418 6542
5418 8836
5418 6499
5418 6474
1994 5010
5010 6316
5010 8962
1995 6059
1995 2054
1995 3575
1995 5633
3575 5228
2392 5164
2392 9473
2392 4682
6338 8601
3271 4051
2398 7543
2398 2775
2398 5167
2398 7056
2398 3311
2398 9026
4605 9223
4605 4689
4605 8082
4605 4669
4605 7603
4605 7986
6015 9841
6015 7691
6015 8652
2848 3747
2848 8585
2848 9801
2848 8876
2002 4693
2002 7013
2002 4783
4693 6343
7013 9720
4783 5031
4783 9609
4783 8264
4783 7170
4783 6564
2004 4739
2004 9119
2004 9172
2005 8173
2006 9024
2006 4565
2006 4447
2006 8085
2007 3088
2007 8009
2007 8625
3088 8563
3088 7129
3088 8368
8009 8733
8434 9089
8078 8682
2011 7811
4949 8713
4949 6186
4949 8250
4949 6509
4949 6871
4949 9365
6734 9052
6734 9026
6734 9485
6734 7999
2554 4261
2014 6017
4864 5517
4864 8213
6628 8711
8312 8815
8312 9848
2018 3789
2018 3102
2018 9961
2018 6485
3789 6616
2019 8223
2019 4601
4601 7522
4601 9644
2021 2311
2311 5184
2311 8693
2311 6286
2311 5579
2311 5258
3459 7607
3581 8905
3581 8344
2024 9526
2025 5225
2025 4850
2025 2599
2025 7860
2026 4503
2026 3926
2026 7378
2026 6739
2026 2760
2026 2065
3926 8227
3926 9756
6739 8257
2760 8732
2065 2327
2065 8355
2065 6054
2065 8893
2065 7917
7108 8188
2503 2573
2503 4897
2503 5036
2028 8106
2028 8774
2028 3276
2028 6084
2028 9439
8774 9597
3276 5101
9631 9845
5965 6468
2032 4693
2032 9434
2032 2329
2033 5061
2033 2831
2033 8090
8090 9376
8090 9325
8090 8983
2034 4656
2034 9187
4222 5222
4222 6196
4222 5758
2794 9628
2794 7546
2794 8482
6993 8499
2125 8144
2125 6153
2125 3157
2125 6167
3528 6338
3528 8051
3528 6690
2036 5002
2036 4726
2552 3982
2552 4329
7530 8479
5532 9002
5900 6532
5900 6098
4587 4907
2040 5055
2040 6256
2040 3245
2040 9582
5055 5335
5055 7699
2321 7486
2044 4328
2044 4179
4328 6193
4328 4391
4328 6663
4328 9268
4315 7689
4315 6095
4315 5855
6789 7469
2047 6734
2047 3498
2047 9802
2047 7172
7172 8135
3237 9252
3237 9161
2050 2068
2050 6903
2050 2359
2068 9935
2068 9988
2068 4032
2068 4929
2068 5748
2068 3787
3336 9167
3336 4126
3633 8065
2052 8387
2052 2493
2052 4657
2493 8120
2493 4295
2493 7901
2493 5443
2053 7580
7580 8756
4496 8172
2057 5289
2057 7802
2058 3079
2058 9183
2058 8130
2058 4125
2058 7783
4125 6443
4125 8781
4125 8242
4125 8675
4125 4127
7783 7849
7783 8432
7783 9544
8797 9946
7267 7704
2062 2589
2062 8113
2062 8057
2062 8261
8113 9048
8113 9735
8113 8504
2063 5616
2063 9035
2063 7918
2063 2212
2212 8497
2212 7298
2064 7870
2064 2844
2064 5594
2064 3562
2844 5361
2844 5476
2844 7960
2327 2728
2327 7880
6054 8560
5739 7618
2069 3743
3743 9745
3743 5390
3743 9459
3743 6979
3743 8853
4985 9945
4985 5345
4985 6416
6972 7127
2799 8269
2799 8769
2799 9868
2799 8373
2799 9630
7423 9047
2339 3697
2339 6727
7153 8522
7153 9835
4151 6732
8413 8683
7973 8923
7973 9438
8673 9407
4933 5851
4933 5141
4933 8114
9878 9933
9405 9466
6847 8084
9377 9418
2080 5311
2080 3025
2080 5741
2080 2808
5311 8949
3025 4715
3025 3890
2808 3048
2808 9372
8452 8909
4424 4933
4424 5203
3460 5456
3460 3888
3460 5591
4230 4281
4230 4555
9429 9852
5634 6608
8553 9592
4581 9622
4581 8990
5441 8029
5441 5501
5519 8179
5519 9000
2091 3911
2093 3368
2093 9654
2093 5262
2093 6676
2093 2191
2094 8985
2094 9084
2094 3799
2094 7490
2095 8814
2095 8595
2095 7699
2095 9796
2095 2752
2095 3598
4543 9900
4543 7742
6174 8139
6174 9813
8012 8037
2100 4757
2100 9107
2100 7713
4757 9075
4757 8358
2102 9240
2102 2293
2102 6775
2102 8642
2102 5665
2102 4824
2102 4902
2102 2254
6775 8280
6775 7911
6775 9676
5665 9573
5665 9969
5665 9579
5665 8663
4824 9956
4824 7051
2254 6633
2254 5841
2254 8099
2103 2206
2103 5823
2103 6832
2103 2748
2206 5891
2206 9654
2206 6029
2206 7855
5823 9768
6832 8387
6832 9378
2105 7965
2105 3698
8216 9383
2107 8763
3073 5749
5306 6431
5795 9595
5795 8645
5592 7521
6000 6477
6000 8926
6000 7035
6000 8899
7596 8462
7596 8091
7596 8034
3236 7015
2267 6997
2267 9355
2267 8939
2267 5369
2267 3096
2118 7951
2118 3848
7951 8113
7951 8633
3848 4177
3848 5960
2120 3479
2120 6962
2120 8367
2120 4194
8367 9235
2355 5188
2355 9095
2355 5278
2122 3037
2122 3111
2122 4825
3111 7465
3111 5705
2124 9058
2124 2708
2124 6551
2124 2184
2708 9584
2708 7569
2708 2741
2708 3366
6153 7825
4352 5316
4352 7415
4352 4637
4352 8815
4352 5859
4352 5994
2127 3654
2127 5441
2127 2887
3654 7102
3654 4287
3654 9681
2887 5412
2887 8687
2887 9281
2128 6294
2128 8281
2128 5598
2128 6591
5598 7000
5598 8374
5598 7874
2131 6634
2131 8844
8131 9099
4320 9428
4320 6961
4320 4654
4320 7851
4320 5528
4320 6688
4320 4354
4487 6126
2487 9626
2487 9004
5269 6230
2136 3968
2136 8087
2139 3518
2139 7591
9276 9304
4706 6572
4706 5597
4706 7907
3688 9769
3688 9312
3688 6621
3688 9191
2588 8033
2588 7101
2588 4182
2588 5067
2197 4557
2197 3019
2147 4342
2147 4800
2147 7945
4342 4897
4800 8643
4800 8122
4800 9701
2148 8902
2149 4783
2149 6959
2149 5145
6959 7663
6831 7762
6831 7385
5035 7766
5035 7544
5035 8457
5035 7458
7748 8181
8397 9388
8063 9369
8063 8561
8354 8376
2155 3605
2155 5046
3605 6180
3605 4126
3605 8509
3605 6893
3605 3719
5046 8506
2222 5452
8890 9970
6681 7053
6681 8249
6681 9786
2159 2880
2159 6027
2159 8307
2880 9379
2880 6938
6027 8382
6027 6233
8307 9070
8307 8578
8307 9799
2160 8461
2160 6850
2160 5101
2160 9032
2161 5556
2161 9089
2161 5688
5556 8223
9089 9754
5321 7761
5321 7823
2826 5328
2826 6592
2826 6938
2826 9371
5642 6760
2165 6114
2165 6184
2165 5162
2165 4962
5162 5630
5162 5941
4962 6278
2950 5557
2950 9666
2950 7649
2647 5542
2647 9906
2647 3220
2647 2740
3542 7480
2169 2269
2269 2576
2269 4802
2269 8650
2269 8293
2269 2895
2269 7964
8944 9559
2171 8542
2171 4198
2171 8914
4198 5037
4198 9689
4198 4857
8914 9026
2884 8862
2884 4294
2884 9071
2176 6937
2176 4084
2176 7226
2176 6149
2176 7413
7226 9404
6149 7293
6149 9139
6149 6275
6149 9325
2178 8683
2178 8507
8507 9499
8507 8878
8507 8585
2179 8098
2179 5721
2179 4986
8098 9705
4986 7185
4986 9021
4986 8416
7113 9349
2183 7480
2183 5718
2183 4097
2186 2237
2186 5406
2187 7753
2187 8376
2187 8789
2187 6346
2187 6985
2187 9133
2187 5772
2187 3370
2187 6262
2187 9980
2187 4357
6552 8405
4311 8834
4311 5812
4311 5075
4311 7454
4442 5008
4442 6577
8123 9789
8123 9432
2755 9749
2755 3181
3077 6139
2193 6910
2194 3463
2194 3625
2194 7530
3463 8152
3463 8815
3625 8968
3825 7045
5913 6593
2200 8380
2200 7601
2200 5337
2201 3361
2201 5462
2201 7833
2201 4828
2201 9577
4828 9124
4828 6152
4828 7414
2202 4944
2202 5235
2202 2323
2202 4495
2202 6729
4944 7328
2323 6272
2323 2796
2323 4556
2323 3536
4060 4180
4060 7132
2204 7450
2204 4147
2204 5722
4147 6436
4147 6056
4147 6106
4147 5785
4147 8785
5722 7489
3164 5695
3164 9521
6794 6802
2729 5171
2729 4484
2729 7178
4817 8931
4817 8607
4817 4879
4817 6451
4817 6274
5891 6183
2207 5823
2207 5854
2207 9452
2207 4709
5854 9456
9452 9698
2208 4717
2208 7624
2211 6499
2211 4971
2211 6259
6499 8561
6499 6696
6499 7153
6499 8776
4971 7878
4971 5914
2213 4632
2213 3450
2213 8679
8679 8754
5465 6086
4690 9941
4690 9331
2216 6064
2216 2584
2216 9841
2217 5469
2217 6619
2217 7651
2218 7217
2883 4533
2883 3748
4996 5286
2286 4827
2286 9097
2286 5431
2221 6577
2221 4751
2221 7670
2221 2930
6577 8398
2223 3392
2223 7297
2223 6159
7297 9767
6159 8338
6159 9088
7265 8950
7265 9428
2225 6249
2225 3743
2225 7547
6249 8663
7547 7590
7547 9194
4185 5647
4381 5295
5555 9000
6920 9490
7271 8657
5187 6767
5187 5740
5187 6219
2232 3725
3081 4904
8431 9438
2235 9141
2235 7507
2989 9336
6618 7691
6618 8545
5815 8033
2444 4996
2444 3611
5746 6642
5746 6020
2241 4167
2241 8764
2241 8838
2241 5445
4167 7619
4167 4806
4167 6653
8764 9958
8838 9247
5445 8875
3267 3514
3267 4290
3267 9001
3267 5023
8670 9129
7796 9810
3769 9751
3769 9164
3769 6938
2245 7177
2246 8116
2246 2442
2247 9001
2247 8032
2247 6779
2248 5930
2248 9250
5930 7580
6240 7492
6240 8873
6240 9270
6892 8652
2251 9986
2251 6768
2251 4457
2251 2991
6768 7653
4457 5962
2991 4353
2991 9089
2991 8626
2991 4621
2991 9908
2991 4459
6973 8855
5841 8229
8099 9832
2256 8352
2256 7655
2256 9562
2258 5654
2258 9534
2258 6489
2258 7999
2258 5248
5654 9235
6489 7015
6489 8156
6489 7554
2259 7147
2259 3855
2259 3659
2259 8364
7147 8638
3855 8872
3855 7760
3165 4537
3165 9198
3165 4455
2261 5209
2261 5967
2261 2424
5244 7728
5244 5280
5244 7545
4513 5157
4049 6732
6997 7363
6592 9546
7619 9060
4446 7881
6237 9851
2576 5597
2271 4128
2271 6620
4128 8921
4128 8028
4128 6169
4128 7327
4128 8041
6620 8746
2272 6363
2272 8681
2272 4271
6363 7941
6363 8464
6363 7625
6161 9320
6161 9586
5397 6536
5397 6067
5397 8068
2276 8193
2276 9721
2276 8829
2276 4405
2276 3518
8193 8804
8193 8291
4405 5094
4405 7157
2277 2995
2277 4717
2277 4541
2277 4179
4541 5748
4541 5346
2279 8647
2279 8061
2279 4633
2279 2970
8647 9922
8647 9029
4633 8104
2425 8203
6171 9693
4439 8894
6673 9309
6673 7082
6673 7912
2285 6449
2285 3317
2285 5509
2285 4855
2285 9452
2285 7294
2285 3037
6449 7453
6449 7174
3261 6006
3261 7546
3261 9374
2288 3280
2288 7159
3280 7241
3280 7600
3280 8090
3280 9304
7159 7922
7159 8347
6068 8752
6315 9295
2291 9461
6096 9213
2519 7841
2519 8010
2519 7912
2519 2636
2294 5625
2294 5132
2294 4028
2294 7602
2294 5431
5625 8309
5625 8620
5132 5966
4028 4882
4028 7156
4028 9826
4028 9399
7602 8597
2295 9071
2295 9595
2296 9219
2296 2614
2296 3375
9219 9349
2297 6527
2297 4928
6527 9184
6527 8485
6527 8164
6527 7111
6527 9884
4928 9506
4928 7968
2298 3552
2298 4900
4900 7165
4900 5555
5142 9987
3995 4967
3273 3332
3273 7080
3273 4318
3273 3862
3273 7297
2300 3189
2300 4287
2300 9102
3189 9641
3189 8863
3452 6287
4107 9178
4107 9496
4107 6701
4107 5828
4107 6868
2303 5346
5346 8673
5314 9843
5314 5484
2305 3161
2305 5962
2306 4631
2306 4915
2306 4498
2306 6056
2307 3677
2307 6810
3677 7705
2308 7075
2308 3140
2308 5948
2308 8949
2308 7998
3140 6018
3140 7571
3140 3407
3140 8188
2309 3325
3325 4463
2310 7084
2310 4917
2310 9085
2310 4668
9085 9992
6286 7876
6286 8973
5579 8910
5579 7953
5579 9702
5579 7104
5579 9087
5907 8367
5907 6343
2313 7788
2313 7949
7788 9252
2314 3477
2314 7046
2314 3604
2314 9820
2314 7519
2314 9855
2314 7055
7519 8605
5302 8898
3577 6720
3577 9926
3577 9297
2316 8393
2316 9184
2317 9402
2317 7551
2317 8632
9402 9516
7190 8346
7190 8037
7190 9520
3978 8617
3978 9684
3978 6855
3978 7644
4415 9658
4415 7856
7486 9795
6272 8988
6272 8588
2796 4230
2796 5571
2796 8293
5835 9978
5835 9836
4223 6654
4223 6074
3008 7632
3008 5169
3008 5502
3008 3276
6944 9828
6944 7713
6208 6332
2326 6813
2326 4143
2326 8526
2326 5951
5951 9278
5951 6837
7186 9617
4594 5593
4594 6021
4594 7458
4594 5720
4594 6276
2330 2522
2330 8588
2330 9378
2522 4271
2522 4636
2522 8738
4268 7611
4268 8818
2332 4265
2332 3508
2332 4255
3935 5988
3935 8268
3935 9741
4336 7399
4336 9308
2334 7766
7766 8919
4178 4387
4178 5686
3892 9404
3892 4687
4532 9564
4532 7280
4532 9683
4532 9446
2338 7469
2338 8938
2338 9902
2338 8891
3697 8831
2340 9956
2340 4270
2342 3519
2342 9532
2342 9544
2342 5159
3519 6523
3519 8385
3519 7298
5159 8486
3050 4620
3050 6346
3050 4061
2345 5632
2345 5961
2345 7578
2345 6331
7578 7742
7578 8186
7578 8057
2346 7413
2350 6798
2350 5084
6798 9615
7780 8538
7780 7931
7018 8290
3314 9467
2353 9126
2354 4200
2354 6952
2354 9863
2357 7098
2357 3544
2357 7117
2357 3706
3544 4333
3544 7201
3544 5767
3544 8769
3544 8904
3706 4857
3706 9335
2358 6736
2358 9556
2358 4551
7724 8563
7724 9351
3820 6783
3820 9395
7872 8889
2361 9838
2361 5458
2361 9422
2361 5594
2362 6222
2362 8933
2362 8914
2363 9638
2363 6338
2363 3592
2363 7809
3592 8178
3592 6766
3592 9259
7809 8135
2364 8995
2364 6280
2364 3699
3699 4328
3699 5721
3699 7676
2365 9621
2365 6913
2365 4974
2365 8506
2365 6648
2365 3994
2365 3386
2365 3436
2365 2777
9621 9742
4974 6006
3994 8882
3436 7782
3436 8165
3436 5179
2368 3757
2368 9549
2368 2987
2368 8752
8752 9860
2370 7113
2370 3853
2370 6275
2370 3326
2370 9131
2370 6192
3853 3942
6192 6479
3596 3681
3596 8474
3596 8522
3596 4311
4881 9046
4881 7079
4881 9119
4881 7860
6468 9714
6468 9920
2375 3356
3356 5402
3356 4100
2377 9297
2378 3116
2378 9743
2378 8426
8426 8880
2379 7568
2379 6550
2379 2687
2379 8422
2379 3653
7568 9350
2380 9017
9017 9064
7752 8618
7752 8376
5759 9412
5759 9708
2384 8932
2385 8449
2385 2958
2385 5561
3746 6430
3746 7604
3746 9424
4566 9143
4566 6437
4566 8975
4566 6337
2388 7516
2388 4624
2388 5499
2388 5322
2388 3924
7516 7935
5499 8729
5322 7581
5322 7477
5322 9482
2391 6600
2391 5595
5164 9466
4682 5324
4682 9103
2393 5481
5481 7296
5186 6252
5186 8166
5186 9195
7603 7817
8313 9667
8313 9485
8313 9033
8313 9920
2775 9945
2775 4876
2775 5058
2775 6227
2399 6828
2399 6557
6828 8617
2401 4793
4793 8045
4793 7458
2977 7954
2977 4854
2404 4148
2404 2663
6899 7843
6899 7101
6899 9527
6899 9117
6899 7566
6899 9990
6276 7922
2408 4421
2408 7702
2408 9589
4421 4945
4421 6611
4421 8726
7054 8080
7054 8345
7054 7910
3198 4774
3198 4873
6453 8971
2656 2697
2656 3785
2656 7635
2656 9726
2656 9838
2416 9541
2416 7139
7139 7153
3484 9788
3484 6738
3484 7031
3484 3909
3766 4349
6166 7655
2828 3122
9204 9385
9204 9455
3747 4935
2422 9825
2422 2766
2422 3585
6964 7373
6964 7590
7407 8334
8203 9270
3520 9142
3520 9329
2428 5806
2428 3097
2429 8340
2429 9406
2431 7120
2431 8440
2431 5587
2432 5248
2433 5024
2433 9634
2433 9096
2434 8160
2434 7723
8160 8224
7723 9572
7361 7861
7361 9031
2436 5496
2436 3892
2436 9765
2436 8304
2436 5716
5496 6627
5496 9097
9765 9768
8304 8848
4347 5034
4347 8827
2439 7290
2439 8684
2439 9024
2439 6469
2439 9848
6469 8188
6469 6542
6469 8134
6668 9151
6182 6472
6182 8000
2443 9791
2443 6233
2443 4155
2443 6144
2443 3013
2443 6072
2443 3247
3247 6184
3247 9950
3247 5715
3247 3380
2445 4397
5091 8780
5091 9108
5091 7909
5091 6622
5091 5938
5091 6303
5091 9475
5091 8992
4890 6404
4890 5920
4890 5609
4890 6410
2985 8289
2985 9083
2985 4223
6877 8191
2447 4754
2447 7005
2447 4398
2447 9627
2447 3903
2447 9757
2447 5194
7005 7584
7005 8594
5194 5251
5194 9251
5194 7172
2448 5311
2448 3018
7899 8305
2450 9801
2450 7314
2450 3608
2451 4175
2451 5722
2451 9815
4175 8608
2452 5939
5939 7247
5939 8627
2454 3584
2454 5324
2454 4923
2455 2670
2455 9046
2455 7465
2455 8913
2457 7283
2457 5532
7283 9655
6707 8167
6707 6720
2459 4504
2459 9825
2459 8887
2459 3130
2459 4407
2459 5700
3130 9660
3130 7516
5700 5716
5700 9290
2460 9135
2460 4345
2460 3354
3354 5622
3354 4022
3354 6488
3354 3971
3354 6208
2461 3283
2461 3680
8561 9553
8561 9102
9642 9960
2467 9385
2467 7006
2467 3149
2467 5870
2467 6299
2467 4847
7006 9014
7006 8572
7006 8365
5870 7756
6299 6765
6299 8064
4158 9788
4158 9762
4158 5710
3315 6119
3315 9527
3315 6242
2471 7293
2471 5434
2471 9379
2471 3712
2471 8608
2471 8615
2471 7185
5434 7113
5434 9308
2473 2979
2473 7029
2473 9833
2473 4051
2979 6655
2979 5978
2979 9676
2979 7185
7029 8773
4051 8477
5276 7229
5276 9412
2477 7642
2477 5188
2477 6208
7223 9967
7223 7840
7223 9752
5460 8763
5460 9733
8749 9914
2481 5373
2481 6804
2481 7764
2481 5782
2481 6239
7764 9082
5782 7132
5782 8580
5782 6554
5782 7812
5782 9070
2482 2979
2482 2664
2482 8267
2482 9343
2664 8609
2664 7973
2664 5511
2483 4134
2483 2574
2483 6178
2483 4414
2483 8010
2792 6098
2792 8573
2792 7635
2792 7288
2792 5256
2792 8629
2486 3203
2486 3977
2486 5076
2486 8114
3977 5958
3977 5499
2488 7169
2488 5441
2489 7147
2490 5382
2490 4354
2490 9360
2490 7961
2490 6304
5382 9478
4354 6103
5670 6694
5670 9139
4288 7783
8120 9912
2494 2634
2494 2529
2494 2614
2634 9005
2634 6537
2529 6159
2529 8291
4306 6926
4306 8842
4306 8544
4306 9951
4306 8716
2497 9240
2497 7933
2497 5758
7933 9304
7933 8993
2498 8860
2498 7846
2498 2607
2498 6941
2498 2949
2498 3325
7846 9673
7324 9617
4897 8890
4897 6296
5036 6171
5036 5065
5036 6165
2505 7484
2505 5386
2505 8736
2507 3092
2507 3288
2507 6019
6019 7891
3083 8590
2511 3387
2511 2751
2511 9547
2511 2964
7168 9170
3956 5350
5436 7499
5436 5534
5436 6719
2518 3962
2518 8587
2518 8770
2518 8284
3962 5925
3962 6860
3962 4797
3962 9901
8284 9954
2521 4564
2521 9939
2521 7747
4564 7925
4564 7197
4989 8197
4989 5055
4220 9123
4220 6834
2525 6875
2525 7866
2525 6587
8246 9791
8246 9054
8246 8463
4132 4298
4132 5859
2528 6722
2528 2778
2528 3780
2528 9946
2778 5613
2778 6270
2530 9850
2530 5312
2530 9216
2530 9225
2530 7466
2530 9604
2530 4758
2530 8583
5312 6367
5312 7859
2533 7803
2533 2897
2533 4653
2533 9345
4056 6921
8630 9901
8630 9456
4858 5131
4858 8597
4858 5563
4858 8268
8069 9283
2542 9563
2542 9433
8652 9085
8652 9341
3266 4925
3266 5501
8046 9616
2546 8728
2546 4957
8699 9100
8699 9967
2548 9794
2548 4738
2548 9177
2548 5949
6293 8024
7278 9887
7278 9377
2551 6010
2551 5330
3982 5905
3982 6006
4329 6236
4329 5888
4329 4783
9690 9997
2784 9501
2784 9608
2784 8169
2784 8970
2784 6230
2784 8476
4076 6635
4076 8869
2556 5607
2556 8698
5607 7373
2557 9823
2557 9881
2557 3212
2558 2834
2558 3446
2558 5709
2558 4906
2558 7288
2558 3302
2834 8140
2834 8353
2834 7672
2834 6901
2834 4832
3302 8870
3302 4217
8574 9561
8574 9792
2560 7438
2560 8208
2560 7575
8208 9938
8208 9367
4066 7299
8386 9564
2564 9158
2564 6556
9158 9387
6556 7520
4615 5436
4615 7431
4615 4755
2566 3795
2566 3470
2566 5988
2566 8147
5988 6936
8147 8422
5667 8842
5667 7167
3895 5587
3895 4427
3895 8778
6503 7451
4791 6691
2572 8816
2572 7508
2572 6596
2572 8028
7532 9529
7532 7973
8856 9635
8856 9070
5978 7900
5978 8356
6066 7790
6264 9371
5597 8048
5597 6713
2578 5917
6590 7955
2580 9587
2580 2861
2580 8883
2580 6962
4540 5082
6386 9065
6386 6609
7401 9690
2583 8539
4170 5398
5224 6806
5224 5499
7061 8399
7061 8533
3376 6272
3376 9452
3376 7848
2590 4648
2590 8055
2590 7059
6661 7187
3117 4742
3117 7168
3117 4394
2593 4051
2593 6355
2594 4079
2594 4193
8547 9300
8547 8968
2596 4876
4876 5994
2597 8624
4536 6772
4536 5887
4536 5715
3107 8341
2600 9287
2602 8733
2605 6107
2605 5127
2605 7379
5127 6179
5127 5811
5127 5495
2606 8594
2606 8676
2606 2857
8594 9428
8676 9039
8676 8764
2608 4190
2609 7593
2609 5680
5680 9462
5680 9605
2611 8767
2611 4578
2611 9992
2611 4015
2611 8797
2611 6576
4578 5809
4578 6820
4578 6087
3129 5383
2615 5579
2615 8303
2615 3025
2616 9277
2616 6327
2616 8179
2617 4774
7012 9095
7012 9744
7330 7382
7330 7800
3044 6341
3044 9431
3044 6523
3044 4335
3723 8709
4677 5794
4677 6379
5414 7002
7138 7993
5011 5374
8020 9164
2625 8366
2625 3839
8366 9612
8366 9319
3839 7877
3839 4429
2626 7016
2626 9582
2627 9945
7829 8042
8463 9339
8425 9309
8425 9034
6289 6768
9220 9643
9220 9255
9220 9488
5272 6915
5272 5565
5272 5820
2637 8194
2637 8667
2637 8525
2638 3969
2638 9646
2638 6382
6382 9436
6382 9607
2639 3683
2639 6752
2639 8415
2639 3359
8415 8861
8415 9404
2641 8788
2641 5733
2641 5024
5733 8211
5733 6852
5733 9276
6731 6868
6731 9785
4568 5791
4568 6527
4568 8285
5334 7957
5334 9645
4526 7353
4526 6179
4526 6703
7632 9360
6799 8769
3101 5543
3101 5132
3101 4105
4165 8690
6869 6971
6869 8624
6869 7532
6869 9698
2651 3858
2651 4490
2651 9943
2651 6146
3858 5631
4490 7512
4490 8877
2652 9594
2652 7551
2652 4941
2652 8253
2653 7289
2653 8988
5008 5997
5008 5337
5008 9234
6560 7840
6738 8912
6738 7177
6322 9642
5517 8250
5517 9385
6426 8193
2890 8549
2890 3995
2662 5927
2662 7332
7332 8095
7332 9978
7332 9076
4585 9951
4585 9214
5103 6736
5103 8120
8609 9929
8609 9193
2666 8459
2666 9018
2666 8334
2666 3552
2666 9085
9018 9286
4078 6278
4078 6790
4078 7513
4078 5093
4078 5980
2711 4323
2668 8356
2668 3293
6605 8404
6605 8835
7613 9364
5737 7690
8268 9523
8050 9869
4361 5013
4361 5035
2674 5503
2674 8365
4918 9271
3955 6982
3955 7490
3955 4223
2973 4234
2973 8192
2973 8545
2973 7833
2973 3588
2679 6671
2679 4719
2679 9126
2679 6035
2679 6219
4719 8441
4719 8133
4719 8684
4719 6810
6219 7033
6219 9060
6219 9014
3430 3503
3430 9897
3430 5173
3430 5196
3430 7980
4241 4497
2682 7334
2682 6580
2682 6819
6580 7526
6580 7593
6580 8415
2683 9625
2683 6876
2683 6905
6905 7118
6905 7570
8292 8401
2686 3588
2686 5204
2686 9692
2686 5359
2686 3054
5204 9093
5204 6161
9692 9753
2688 4313
2688 3957
2688 5100
2688 4404
5100 7769
5100 9546
5100 6465
2689 2801
2801 9599
2801 7297
2801 9331
2801 4401
5477 8926
2693 6069
2693 8155
6069 7418
6069 7483
6069 9014
6069 7344
2694 8219
2695 3498
2695 4389
2695 3623
8091 9651
6359 8011
6359 6501
3841 8346
3841 7644
2701 7624
2701 7747
4759 5671
4759 5150
7069 8607
2703 7129
2703 7496
2703 3858
2703 4591
7129 9945
9053 9994
2707 8647
2707 3131
2707 8318
4140 4888
4140 6711
4323 7860
4323 6129
4323 7543
2712 7376
2712 7342
5265 5517
5265 6151
3201 6450
3201 6392
3201 9317
3201 6117
3201 9525
3201 8363
3201 9152
2716 7280
2716 5061
2717 3493
2717 4582
2721 7270
2721 7704
2721 7043
2721 9480
2721 2870
2870 3290
2870 4572
7958 8706
7962 8032
6490 8894
6490 8104
6490 7916
3238 8490
3238 6858
3238 3821
3238 6666
3238 4177
3238 7837
2726 3188
2726 3732
2726 7181
2726 6495
7181 9120
2727 7461
5171 8547
5171 7988
4484 4574
4484 7899
4484 9261
2730 5229
2730 3566
2730 6765
2730 6641
5229 9276
5229 5577
3566 8913
3566 5690
2731 4517
2731 3920
2731 5828
3920 4072
3920 6712
3920 8425
6094 6477
2733 9767
2733 7928
5287 9027
2736 8665
2736 7925
2737 9963
2737 5281
2737 8611
2737 8147
2737 9616
5281 7364
5281 6587
6568 9750
6568 7310
8792 9021
8792 9069
2743 8669
8669 9983
2744 8027
2744 3212
2744 4191
2744 6475
4017 4183
4017 9071
4017 4839
4017 9539
7506 8495
3183 7194
5673 9778
5673 7322
5673 6652
5673 8984
2753 3876
2753 9882
2753 9887
2753 6453
3759 4746
2860 3783
2860 6852
2860 4873
2860 7473
2759 5965
2759 4687
2759 8488
2759 9917
2759 7229
9917 9960
7229 9192
7229 8551
2761 4199
2761 5773
2761 3341
2761 7057
2761 9249
4199 8911
2837 8535
2837 8604
2837 7144
3134 5934
3134 7137
3134 8371
3134 5706
3134 3731
3134 3319
2770 5042
6213 6817
6213 6678
3800 8253
2772 4857
2772 4147
2772 6209
4857 5096
5058 6958
5058 6783
6227 9525
8538 9422
8538 8696
6407 8734
2779 9985
2781 5211
2781 7073
2781 4034
2781 7720
7073 8190
7073 9423
2783 3745
2783 7149
2783 4376
2783 3201
2783 6631
2783 8481
3745 8190
3745 4099
3745 4777
6631 8193
6631 8107
9608 9904
8169 8560
8169 8797
8169 9670
8169 8686
6999 9960
2786 6204
2786 3776
2786 6633
3776 8994
3776 6501
3776 8317
3776 7203
3776 9137
5030 5896
8466 9434
2790 7861
2790 4621
2790 4646
2790 5301
4621 8278
4621 5332
4646 8423
4646 7232
2791 4708
2791 9983
2791 6699
7676 9637
9628 9878
7546 8061
2795 6860
2795 3640
2795 6135
2795 9774
2795 9516
5571 9732
7654 8215
7008 7318
7008 8954
7128 9591
7128 8867
7128 9670
2800 6767
2800 3390
2800 6067
6067 7266
4401 5301
4401 7927
4401 4716
6428 6778
6428 8425
6428 8019
2805 9002
2805 5495
4843 6524
8315 9197
8315 9408
6155 6445
6155 8939
6155 9245
2807 7752
2807 9681
2807 4275
2807 5779
2807 9733
2807 9791
2807 6084
2807 6716
6716 8383
3048 3566
2810 6375
2810 5358
2810 3028
6375 9510
5358 6424
7406 8920
2923 5144
2923 8159
2923 5827
2923 7585
2923 7663
2923 3883
2814 4721
2814 6771
2814 3837
2815 8889
2815 4844
2815 4672
8779 9260
2817 5501
2817 5729
2817 9022
2817 9070
2817 3461
2819 9899
2819 3065
2819 9334
2819 4241
2819 3366
2819 9198
2819 8734
2819 6332
2819 4202
2821 7443
2822 4398
2823 6291
2823 7150
2823 3257
2823 8441
2823 4655
8441 8635
3512 6282
3512 4293
3122 3763
3122 4620
3022 8635
6152 7566
7353 8548
2832 4077
2832 8122
2832 8633
2832 9523
2832 9291
8122 8317
9291 9476
2833 3492
8353 8712
8353 8924
7672 8584
7672 9418
6901 9398
6901 8690
4832 9144
3074 9101
3074 7326
3074 7585
2838 3967
2838 7343
5266 8001
6136 7241
2840 3669
3669 6687
3669 8385
3669 5190
2841 3067
2841 9852
2842 3255
2842 5244
2842 8737
3255 5946
3255 3885
2843 7982
7982 9742
7960 8226
4662 5227
6678 9815
6678 9996
8501 8648
4177 8502
4177 8240
4177 4515
3900 9830
3900 7679
3900 9939
3900 7367
2851 7773
2852 6233
2852 5901
2852 3339
2854 6420
2854 4552
3010 3581
2856 8881
2856 8581
2858 6312
2858 3580
2858 3743
2858 7839
6312 7031
3580 9662
3580 8517
3580 7465
3580 9919
3580 8506
7839 8801
3783 4997
3783 4281
3990 8670
3990 4087
3990 8509
3990 4926
3990 5292
3990 7515
3990 8904
3796 8463
3796 8586
3796 7696
2864 9947
2864 4342
2864 8492
3803 5417
3803 6303
2867 8817
2867 8708
2867 9151
8708 9314
2869 8247
2869 9715
2869 2947
2869 6915
8247 9646
2871 2904
2871 9562
2871 4433
2871 5510
2904 8700
2904 8349
4433 9070
4433 6771
2872 5121
2872 4103
2873 3050
2873 3912
2873 7920
2875 3254
2875 9391
2875 7813
6401 9805
6401 8152
6401 8599
6401 8485
4462 7123
9166 9719
4501 5086
4640 6488
4640 5539
5389 7864
5389 7122
2882 7459
7459 9832
3748 3980
3748 5777
3748 4681
2886 9573
2886 7575
2886 6297
2886 4266
5412 8806
8730 9747
4086 8187
4086 5420
2891 2975
2891 9633
2891 6032
2891 7324
2893 8790
2893 5932
2893 5613
2893 6661
2893 7931
2893 8191
2893 8419
8790 9114
8191 8477
2894 7256
2894 3307
3494 6163
3494 6036
3494 9847
2896 7948
7948 9289
7891 9133
2899 3061
2899 6630
2899 9403
2899 8541
2899 7086
3061 3664
3061 6533
3061 3505
3061 8229
3061 3264
3061 3561
8541 9346
8541 9401
2902 9515
2902 4043
2902 3459
4431 5461
2906 4029
4029 9638
2907 6403
2907 6350
2907 6674
4232 5448
4232 8767
4232 7561
2912 8115
2912 9337
2912 4831
2912 9620
2913 6779
2913 7213
2913 9631
2914 5591
2914 4269
2914 8153
2914 7263
2914 9008
5591 9595
5591 6057
4269 6748
4269 5429
4269 8768
4269 5767
2915 4299
2917 9281
2917 9244
8953 9476
7585 9414
6583 8299
2925 4067
2925 5726
2925 8212
2925 4593
2925 3165
5726 8626
5726 6027
4593 5572
4593 8458
4593 4749
4593 8221
2926 4275
2926 5352
2926 5636
2926 8386
2926 4965
2926 5960
2926 7178
5636 7564
2927 6482
2927 8422
2927 6165
2927 7882
7882 9373
7882 7903
2929 9906
2929 8782
2929 3597
4764 8409
4562 7160
4562 5022
4562 5805
4562 6004
4562 9061
8186 8353
2937 6410
2937 5188
2937 8260
2938 4851
2938 6611
2940 9414
2940 8168
2940 8856
2940 4108
8168 8753
3256 8971
3256 7967
3256 5400
3256 3419
5478 8344
5478 6898
2942 8485
8325 9538
8325 8744
2945 5781
7824 8580
3546 6312
2951 6531
2951 3301
2951 6513
2951 3989
2951 5028
3301 3997
3301 8663
3301 6124
3301 4657
3301 5311
3989 8011
3989 9231
2952 3674
3674 4643
3674 4159
2953 4802
2953 8201
7549 9189
7549 9923
3163 3404
3163 7916
3163 6310
3163 3842
4257 5951
4249 8344
5285 6060
5285 8438
3287 4249
3287 9873
3287 8738
2967 9177
2969 7402
2969 4949
2969 3195
2969 4779
2969 8640
7402 8786
7402 8428
3195 5627
8851 9082
6416 9889
6416 8824
2971 3745
2971 8795
2972 5552
2972 3163
2972 5223
2972 6026
2972 9449
5552 8232
5223 8792
9449 9990
2976 8031
2976 7917
2976 5740
7954 8231
2978 9110
2981 6098
2984 5599
2984 8685
2984 5914
4201 7862
5106 5509
5106 9732
8338 9631
2994 3553
2994 6848
2994 8111
7097 9158
2999 5029
2999 5458
2999 4179
2999 3792
2999 5168
5029 6875
5029 8370
5168 5602
5168 5992
7883 9177
3001 9518
9518 9841
8195 9483
9830 9990
5720 8668
5720 7795
3007 3401
3007 5115
3401 6996
3401 5597
5502 9045
5376 8454
5376 6269
5376 9874
5376 6515
3012 8004
3012 7687
3012 4098
3012 7281
8004 8295
7281 8324
4643 5701
4643 8218
4643 9932
4643 7584
3016 4747
3016 6198
5182 7110
5182 5549
5182 8558
5182 9837
3626 9849
3626 6303
3626 6892
3626 5238
3626 8577
7679 8822
8218 8403
3020 4053
3020 5847
3021 5231
3021 9433
3021 5572
3023 6758
3023 6245
3024 5022
3024 8156
3024 7391
3024 5709
5022 8015
5022 7388
4666 5769
6252 7931
6252 9699
3027 7141
3027 5537
5537 6838
3030 4998
3030 5061
3030 7202
4998 5408
4998 9008
3031 5448
3031 4772
3031 5383
3031 6396
5383 9227
5383 7993
6396 9222
3035 8441
3035 7734
3038 8474
3038 4119
3039 5048
3040 9384
3040 5629
3040 5860
5629 7288
5629 7488
5629 5845
5860 8795
5860 7556
3041 8636
3041 6745
3042 5186
3042 6026
3042 6645
3042 8186
3042 3076
6645 8540
6645 9709
3076 7363
4836 5273
6125 7477
6125 6841
6523 7725
4021 6745
3047 6483
3047 7368
3047 7284
3047 4948
6483 8444
6483 9268
7368 7657
4061 9858
4061 7296
4061 4888
4061 5925
3051 3563
3563 7064
3563 4739
3563 8125
3563 3909
6393 6876
6393 9457
3056 5746
3056 7074
3056 6077
3057 8631
3057 9602
5547 9234
5547 9604
5547 8585
3060 7009
3060 5726
3060 8032
7009 9753
3505 5136
3505 8617
3505 3645
3505 8789
3063 8762
3063 4680
3063 7041
4680 5873
3064 8084
3064 5659
4724 7992
4724 9097
4437 5893
4437 7326
4437 5692
4437 8095
3433 3895
3433 4262
3433 7082
3433 5261
3069 6992
3069 6708
3069 4813
3069 7529
6992 9480
7529 9773
3070 5567
3070 9932
3070 7496
3070 5913
3070 7375
3070 3275
3070 7275
5567 5570
5567 9711
7375 7688
3072 8785
3072 4018
3072 7414
3072 8796
5336 7493
5336 7446
5336 7803
3874 8349
3874 6155
3874 4807
3874 8802
5686 6454
5686 6988
3080 7746
4904 6375
4904 7909
4904 5698
3084 3488
3084 5455
3084 7723
3084 9524
3084 7977
3084 3107
3084 6478
3084 7883
3084 8272
3488 5462
6891 6958
8696 9373
3089 6144
3090 3939
3090 5587
3090 6066
3090 3631
3091 9501
3091 7140
3091 5331
4109 4947
4109 7558
4109 7293
3098 9213
3098 4795
3100 7332
3103 5382
3103 3893
3103 4460
4460 9525
4460 7910
4460 7137
3104 8792
3104 6144
3114 3169
3114 4551
3114 4177
3114 6115
3169 6985
3169 5599
4394 6604
4394 9102
4394 6179
4394 5235
4394 5141
3118 7965
3118 9469
3118 3495
3118 5587
3118 8305
4790 5579
4790 7859
4790 7202
5522 6993
5867 9527
3763 6501
3763 5390
3763 6082
7134 9684
3124 5387
3124 8960
3124 5597
3124 3310
3444 9705
3444 5645
3444 4847
3126 3748
3126 8232
3126 8323
3126 7898
4344 7924
4344 7845
3128 3544
5066 9268
7137 9434
8424 8616
8424 9223
7435 8204
7435 9867
4075 9764
4075 9001
4075 7836
3137 7959
3137 6044
3137 5917
3137 9395
3137 3631
3137 5338
5338 6507
5338 9548
3138 4947
3138 6122
3139 9959
7571 9216
7571 7679
7571 9603
3141 4409
3141 5071
3141 8528
3141 5425
5071 5431
5071 6424
5071 8506
6373 8422
6373 6387
4634 9940
4634 8099
4634 6734
4634 7675
3143 8360
3143 9718
3144 5115
3144 7121
3144 8736
5026 7012
5026 7244
3147 7080
3147 6668
3150 6491
3150 7272
3150 7647
3150 7124
7647 7833
7647 9935
3151 7686
3151 5003
3151 9364
3151 8289
3151 6103
3151 5961
3151 4574
3151 3780
7686 7739
7686 8944
7686 9723
6103 6767
4326 6057
5370 5653
5370 9622
5370 6562
5053 5625
9497 9836
3155 5898
3155 3598
3155 3739
3155 3658
3155 8657
3739 4092
3739 6082
3739 8511
3156 5402
3156 9177
4340 7566
4340 4466
4340 7387
4340 9416
4340 6763
3158 6857
3158 7247
3160 8491
3160 3325
3160 5309
3160 8628
8628 9727
3675 9409
3675 6755
5695 9718
4455 4640
4455 9358
3166 7085
3166 7486
3166 3661
3168 5307
3168 4321
4046 8914
4046 6452
3171 5455
3171 7868
3172 7276
3172 4650
3174 4424
3348 5504
6046 8852
5233 9660
3178 4860
3180 8567
3180 3607
3184 7903
3184 9257
3184 3364
9257 9522
3364 7950
3364 9630
3185 9609
3185 3900
3185 3846
3185 4275
3185 6467
3846 7874
3846 4587
7650 8337
7650 8225
7650 7812
7650 8343
5130 6324
3193 5850
3193 8592
3197 3879
3197 3927
3197 3291
3197 8625
3879 7372
3927 7942
3927 7943
5957 9674
6392 6651
3202 8253
3202 3263
3202 4301
7597 9507
3208 6457
3208 6562
3210 7850
3210 8979
9076 9171
9076 9562
3213 9538
3213 8349
3213 4844
4810 5416
4810 9686
4810 7203
4810 7367
6326 6881
6326 8062
6326 6678
5648 5867
3973 9739
4277 6506
4277 7041
4277 9557
3639 4127
3639 7320
3639 5637
3639 9611
3639 6427
3219 5496
3219 7993
4678 6034
4678 8173
4678 8895
4678 7270
4678 9685
3224 6284
3224 4375
3224 7683
3224 7491
3224 7953
3227 8215
3227 4009
3228 4486
3228 7626
3229 7369
5423 8774
5423 8158
5423 5634
8577 8947
4911 8561
4911 7256
3710 5954
6942 8619
6942 9803
6942 9245
6858 8323
6858 6933
6858 7613
3821 4647
3821 4577
3821 5742
3821 7390
3240 9088
3240 5299
4419 7820
4955 7618
3248 4490
3248 9892
3248 4405
3248 7925
3248 7447
3248 9072
6224 7080
6224 7093
5946 7515
7967 9102
5400 8033
3259 8031
3259 3416
3259 8574
3259 3882
8832 9223
4048 9120
4048 5815
4048 9161
4048 9132
7890 8719
7890 8502
6071 6471
4925 6507
4925 5164
4925 6131
3268 6441
3268 8842
3268 5247
3268 3813
6441 7193
6441 7723
6441 7860
5247 8005
5247 7169
3813 6291
3813 9555
3813 6521
4001 6761
4001 5763
4001 6202
4001 8108
4159 5352
3270 3314
3270 8619
3270 4493
3270 6351
3270 9760
3272 9867
3272 3732
3272 8231
8231 9647
5375 6518
5375 8953
8758 9939
6348 6417
6348 7257
6348 6793
8472 9229
3337 4271
3337 8846
3337 6519
3337 3816
3382 9914
3382 5680
3382 9230
3382 9969
7241 7487
9304 9684
3282 9810
3282 9193
3284 9066
3871 5319
3871 7424
3871 5544
4756 9813
4756 6998
4756 8178
8077 9471
8077 9167
6461 9603
3289 4411
3289 9202
3289 8224
4411 7499
8300 8557
6958 7294
3297 4315
3297 4628
3297 6585
3297 7819
3297 8794
3297 5109
5109 8427
5109 6065
3298 7925
3298 9492
3298 6781
3298 9713
6781 7107
6781 8949
6781 8906
3300 6866
8663 9048
7941 9536
3305 7299
3305 8848
3305 7212
7299 9439
7212 8926
3309 7427
3309 8942
3309 7117
3309 5900
7427 8899
7427 8703
7427 9364
6966 9876
6966 9626
3859 4034
3859 9770
4045 5632
3313 3889
3313 3596
3313 9887
3313 4263
3889 5836
3889 8304
3889 9150
6242 7208
3316 3726
6571 7400
6571 7644
6594 6853
6594 9882
3318 8635
3318 9296
3318 7260
3318 7371
3318 5867
9296 9711
3323 9907
4463 7626
4463 5977
4463 8577
4463 7829
7232 9287
3328 8155
3328 4998
3328 6038
3328 6211
3328 5844
3328 7947
3328 6031
6211 6403
6031 6782
6031 9075
4274 7692
4274 4586
3331 7932
3331 6059
3331 5270
3331 9473
3331 4482
5651 9865
7400 7737
7400 9515
7400 8849
7400 8577
3335 6732
3335 4493
3335 4354
6519 8063
6519 8869
3338 6211
3338 9091
3338 3493
3343 5273
3343 9106
5238 6990
5238 8846
3346 4286
3346 3393
3393 3715
3393 7503
3393 8608
3347 8923
3347 8981
3347 6336
3347 8903
3347 6725
6336 6549
6336 8448
5504 7855
5504 8766
4694 8008
4694 5421
4694 7661
3353 3730
3353 5627
3353 3503
3353 6730
3730 6758
3730 4694
6730 7457
6730 7714
4022 8700
4022 8746
6076 9413
6076 6403
6076 9850
5236 5400
5236 8813
5236 6153
5236 9554
5236 8919
3363 9015
3365 6348
3365 7568
4740 6925
4740 8631
4740 7013
4740 9076
4740 7935
6473 6850
6473 8916
6473 9935
4161 7085
4161 6788
4161 9583
4161 6516
4161 8320
3372 6680
3373 9190
3373 8012
3373 6244
3373 6844
9190 9257
3379 7874
3379 8388
7191 9804
7191 8890
3383 3516
5976 6578
5976 7435
5976 6059
5976 9151
3791 9319
3791 5964
3791 9192
3485 4626
3388 4250
3389 9375
3389 8648
4012 9395
4012 6490
4012 4235
3395 8273
3395 3802
3395 7186
3396 4661
3396 9218
3397 5659
3397 3630
3397 9071
3397 6770
3399 5171
3399 9835
3399 4828
3402 8224
3402 4110
3402 3534
3402 6083
3402 3499
3534 5200
3534 9302
3534 7674
3534 6630
6083 7016
6083 7254
7387 7723
7387 8682
3405 8353
3406 5253
3406 4653
3406 6329
3406 8725
5253 9030
5253 8267
9437 9568
9437 9843
4391 9700
4391 9218
7182 9398
3409 9016
3409 6613
3410 9027
5451 9016
5451 5554
4492 4894
4492 6695
3695 5015
3695 5363
8129 8915
5493 7596
5493 5573
5493 6749
6110 7176
6110 8926
3418 7928
3850 8814
8705 9430
3420 4833
3420 3550
3422 4254
3422 6105
4254 5804
4254 9168
6105 8258
3424 8007
3424 7618
3425 3493
3425 7008
3426 8363
3426 6720
3426 7530
3426 3747
3426 7142
3426 4148
3426 4527
4527 5903
4527 6022
3427 3449
3427 9796
3427 9995
3427 9493
3428 8054
3428 5599
3429 8518
5173 5778
5173 6380
5173 6583
5173 9692
5196 5728
5196 8082
6835 7422
6835 7450
5197 9146
5197 5202
4262 9998
4262 6109
4262 8338
5179 9050
5179 7342
5179 7947
3439 8639
3440 9091
8240 9969
5645 6263
5645 6732
5190 9053
5190 8943
5887 6067
9471 9724
7022 9207
6306 6353
6306 6859
7615 7683
5456 5671
5456 7029
3462 7575
8815 8985
5838 6382
5838 8114
5838 8709
5838 8950
3474 9292
3474 3519
3474 3997
3474 8255
3474 3892
3474 7606
8255 8464
3475 6218
3476 5068
3478 7563
3478 8587
3478 9508
9508 9912
3480 3933
3480 3575
3480 3669
3480 7712
3480 4955
3480 3790
3481 7342
3481 9981
3482 7814
3482 5951
3909 9406
3486 6228
3486 8472
3486 9645
3582 5869
3582 5101
3490 5092
3490 7887
7887 8840
5365 6845
5365 6363
4070 7571
4070 9144
4070 5385
4070 6660
4434 5607
4434 8740
5576 6218
5576 7908
5576 9917
5576 8032
4809 6606
8411 8949
5880 6048
5880 7410
7847 9591
3506 5745
3507 4232
3507 7039
3507 5175
3507 6804
3507 6285
5175 9352
3510 6695
3510 7780
3510 4613
3510 6416
3510 7214
3510 8783
8783 9702
8783 9315
4095 8094
4095 7568
8896 9054
8896 9266
3517 5311
3517 8873
5349 6231
5349 8859
8025 8654
8922 9897
3773 6016
3530 4720
5843 5848
5843 6306
7674 9541
7674 8901
3537 5042
3537 8192
5059 8963
5178 5597
5178 7226
3540 8025
3541 3675
3541 6739
3541 9738
3541 6093
3541 7928
3543 4265
3543 9627
3549 7013
5410 6669
3556 3966
3556 4308
3556 9995
6751 6851
6751 7593
6751 9746
5051 7888
5051 8666
3559 4220
3559 6547
7064 8839
7064 7130
8125 8967
9239 9720
3565 5083
3565 4399
3565 5085
6085 9099
6085 7284
6085 9846
6085 8447
3573 6051
3573 4038
3573 7389
4038 9576
4038 9700
4038 5463
4038 7744
4038 6696
4038 7017
4038 5932
4038 4356
8569 9105
3578 5979
7641 8859
8517 9690
8344 8507
5869 9814
5869 9274
5869 7861
3908 6403
3908 5885
3908 6159
3908 9583
3908 5620
3587 4481
3587 9085
3587 6021
4367 7175
3589 4897
3589 6540
3590 4648
3590 9728
3590 5852
3593 5150
3593 9362
3593 7643
5150 5424
5150 8652
5150 8001
3594 4783
3594 4037
3594 9971
3594 6006
8716 9465
4930 9154
4930 8854
4930 8621
7745 8495
4522 4753
4522 8320
4522 6778
3601 5696
3601 9280
3601 9368
3601 4414
9368 9758
3602 7775
3602 9469
3602 3659
3602 9487
6893 9483
6893 9862
3719 6306
3719 3772
3719 7598
3719 6571
3606 4045
3606 3992
6203 9108
3609 8110
3609 6714
6199 7358
6199 7002
7908 7998
3612 6299
3612 6239
3612 4471
3612 5990
3612 8781
5990 8840
5990 9120
3613 6605
3614 7412
3614 7160
3614 8993
3615 9375
3615 8914
3615 6566
3617 4172
3617 7468
7468 9725
3618 7662
3619 7938
3619 7679
3619 8901
7938 9029
7938 9197
4577 9847
4577 8644
3622 7821
3622 8054
3622 7546
3622 4180
3624 9316
3624 4554
9316 9543
6303 7798
7570 8062
5559 9120
5559 6512
5559 7743
6900 9890
6900 8365
4681 7662
4681 9469
4681 5770
3635 6361
3635 7188
6427 8416
6427 9726
6427 7643
3643 7394
3643 4933
3643 8369
3643 5895
3643 7430
3642 8302
7559 8975
7559 8201
3646 6098
3646 5930
3648 4828
3648 8357
3648 4005
3648 7764
3648 4346
3648 6368
3648 9047
3648 5711
6821 8723
6821 8765
9273 9540
4169 7971
4169 7927
4169 4612
4169 7651
7102 9836
3655 9193
3655 7109
3655 6680
3655 9463
3655 7228
3655 4788
3657 8745
3657 3812
3812 6150
3812 6501
6186 7497
6186 7324
6186 7789
3667 4865
3916 9814
6687 9617
4064 5125
4064 9111
4064 6226
4064 7110
5886 7805
3671 7538
7538 8474
3672 6340
3672 8079
3672 5085
3672 4840
6340 9519
6340 7070
3676 4192
3676 5518
7705 8693
7705 9154
7705 8584
3678 6971
3678 6375
3679 6690
3679 9122
3682 7734
3682 5445
3682 6569
6569 9903
8855 9971
3687 9423
3687 8799
3687 9012
3689 6562
3689 7363
3689 7527
3689 5337
3690 4205
3690 6814
3690 4244
3691 9940
3691 5578
3691 9993
3691 7942
3691 7209
5578 7726
5578 6525
3693 9011
3693 9642
8964 9314
5015 7810
5015 8948
5015 6526
7467 8544
7467 9152
3701 5930
3701 5536
6108 7584
6108 9289
6108 6809
6108 6124
6108 6784
6586 9410
6586 7154
5199 6068
5199 7098
5463 6924
3709 6665
3711 3752
3711 8637
3711 8756
3752 3789
3752 7190
8756 9974
8756 8881
7165 9084
3714 6280
3714 3743
3718 6771
3718 4013
3720 7997
3720 6181
3724 5997
3724 5460
3724 7128
8259 8494
5438 9645
5438 9993
5012 5264
5012 6197
7876 8385
7876 7975
7876 8597
5944 9405
3733 9441
3734 7268
3734 9431
3734 4151
3734 4235
3734 6946
7268 9494
7268 8651
6946 8542
4994 8892
4994 6798
4994 9988
8044 9723
7184 9759
3740 5841
3740 5143
3740 4312
3740 4998
5390 6240
5390 9065
6979 8814
6979 8021
3744 8330
8330 9867
6430 9030
6430 8524
6430 8717
6430 7564
7604 9168
4935 5584
4935 7804
3980 8131
5088 5555
5088 5831
5088 9106
5004 7043
5004 6924
5004 6162
5004 5218
3753 5418
3754 5249
3754 9715
3755 8093
3755 5409
5409 7953
5409 7832
4162 4423
4162 7757
4888 7750
4888 7345
4888 6293
3758 7246
3758 4601
3758 6604
3758 4629
4629 6971
4629 4759
4629 8248
4629 9325
6345 7492
6345 8341
5342 7069
6609 7038
6501 9464
4349 6435
3768 9687
3771 6588
3771 8496
3771 4832
6697 9062
6697 8646
7518 7645
7518 8103
4811 9104
6016 9244
3774 4009
3774 9547
3775 5750
3777 5630
3777 4286
3777 4033
3777 4822
3777 6608
3779 4927
3779 8819
3779 4153
3779 6647
3779 3861
3779 9470
6647 7281
3781 6777
4997 5843
4997 9364
4281 6039
4281 9583
3784 4752
3788 5916
3788 4171
3788 8533
3788 8849
3788 4277
3788 4407
5964 6379
5554 6359
5554 9977
5417 8852
5417 9386
5417 6123
3805 4601
3805 6371
3808 6088
3808 7996
3808 4701
6521 9967
3817 5888
3817 4233
3817 5646
3817 9504
3817 4410
3817 7358
3817 6461
3817 7237
3817 8789
3817 6805
3817 4540
5888 6057
5646 9540
5646 8502
4410 5845
4410 9022
7358 8463
7358 9822
3818 7609
5785 8256
5785 6267
4647 9740
4647 4895
4647 8636
4647 5658
8813 9618
3823 7157
3823 9511
7157 9882
7157 9926
7157 7600
3824 8828
3824 8887
6874 8643
6874 6932
3827 7950
3827 5578
3827 7056
3827 4598
3828 9682
3828 8148
3828 9426
3828 7699
3828 4254
3923 9509
3923 9398
7634 7715
7634 9081
6505 9583
6505 7468
7088 8978
5875 8977
5875 7890
5875 9957
3843 4571
3843 7606
3843 9637
3844 8101
3844 5249
4815 6279
5343 6685
8872 9150
7003 9574
7003 8263
3863 5014
3863 4246
3863 6645
3863 8883
5014 5313
4246 7835
4246 5474
4246 4253
4618 9041
3869 4514
3869 7121
3869 4047
3869 7653
3869 9197
3869 9630
3869 9512
3869 8638
4047 6237
4047 9596
4047 7384
4047 7131
5813 7930
5813 6609
5813 7989
5813 6438
3872 5343
3872 9491
3872 4871
3872 7934
3873 4249
3873 3887
3887 9209
3875 6722
5416 8417
5416 8524
5918 8821
8857 8991
4129 6672
4129 5596
4129 8931
6706 9449
6706 8890
6706 9739
6706 8204
5001 7016
5001 9175
5001 9143
5001 9449
5001 7761
5683 8138
5683 6491
5683 8568
5683 7604
8778 8989
8778 9064
3899 8578
3899 6383
4524 7084
4524 8938
4524 9345
5620 9279
5620 6032
4377 5903
4377 6511
5643 8478
6148 6505
6360 8652
3913 8780
3913 5185
3913 8128
8128 9338
3914 9650
3914 6963
3914 9683
5732 8530
5732 7248
3917 4399
3917 5386
3919 9817
3919 3976
3976 9349
3976 7437
3976 6350
4072 5647
4072 4092
4356 6158
4356 5268
7781 7841
7781 9300
7781 9712
3925 6604
3925 4701
3925 7535
7535 9113
7943 9157
3929 8267
3929 9968
3929 5706
3931 6203
3931 8522
5157 6897
6607 7021
6607 7906
6607 9851
7743 8900
7743 9483
3937 9129
3941 5094
3941 7998
3943 6843
3946 4065
4065 5138
4065 6816
3950 5530
3950 8995
3950 7075
8137 8670
8137 8877
7638 7887
7638 8416
3953 4927
3954 4450
3954 7101
3954 8847
3954 4934
3954 3993
3954 6901
3954 6528
4450 6334
4450 5369
4450 7838
4450 9339
4450 9204
3958 9767
3961 6134
3961 5267
3961 4533
3963 8007
8467 9053
9457 9774
5756 8740
5756 7425
5756 8645
5756 6699
5756 9422
3988 7384
4087 4857
4087 4955
4087 5209
4087 7076
5292 6950
4667 7174
4967 5462
4967 5394
4967 6197
3998 5090
3998 9475
5090 6287
4203 8613
4203 5661
4203 8864
7377 7918
7377 8750
7377 8903
6202 8176
6202 9055
6202 8015
6202 9557
4003 5054
8811 9842
4584 6817
4584 8293
4016 9369
4016 5239
4016 4711
4016 8753
4016 7608
4711 8390
4711 5172
4711 5664
7608 9154
7231 9394
8746 9141
7805 8223
7805 8984
4024 6312
4024 4963
4024 5162
4963 5061
7133 8413
4231 8399
4231 9632
7156 9659
6138 6909
6138 9111
5521 6798
5521 7603
5521 8427
5521 8392
4530 8958
4530 9213
6896 9826
6896 7548
4036 6778
4036 8044
4036 5762
4036 6078
4036 8060
5762 6439
5762 8183
4216 5427
5347 9008
5347 7993
5347 9885
5347 8177
4041 5144
4041 6252
4041 6596
4041 8549
4041 6215
6657 7933
6657 9177
6657 7132
6657 7158
9120 9916
7292 7770
4052 8915
4052 7067
4052 9961
4052 4905
4905 6664
4905 9710
4905 8168
8741 9558
8741 9021
4978 5724
4978 6919
4978 6226
4978 9441
4978 7035
4243 7342
4243 8640
4243 5154
4243 7510
8820 9789
4055 9918
4055 8854
4055 5104
6921 7837
6921 7058
4057 8048
5698 7256
4207 9743
7132 8486
7132 8805
7132 8214
7132 9169
7132 9782
4063 9532
4063 4416
4063 7710
7710 9565
8286 8384
4069 8991
4069 8928
4069 9225
4069 5918
4069 7394
4069 4864
5385 5486
5385 6666
5385 7060
6660 7340
4071 8072
4071 5804
4071 7422
4074 8120
4074 4680
4074 7499
9764 9897
5980 7719
5980 9626
4080 4963
4080 7715
4080 4995
6584 9059
4082 4888
4082 7816
4082 5417
4082 5132
4083 4129
5420 9181
7076 8266
7076 8859
7076 7182
4088 8646
4088 5565
4088 5527
5565 5802
5565 6114
5565 9388
4089 9119
4089 7904
4090 8404
5060 9148
5060 9873
4705 7769
4705 4843
4104 5429
4104 5920
5920 7066
5920 7192
6701 7682
6701 6984
7558 8328
4123 6885
4124 8983
4124 6957
4124 4131
4124 6895
8983 9582
4131 5318
8675 9978
8675 9599
6672 8657
6672 7413
5596 9974
5596 8873
4298 8804
4298 5048
4136 5894
4136 5276
4136 8193
4137 7638
4139 5242
4139 8106
4142 6607
4142 7464
4142 6729
4142 8820
4142 6244
6436 7129
5380 6728
4157 5542
5710 9462
4423 7684
4423 5040
7971 9992
7971 9694
4612 4785
4612 7958
4612 8451
5926 9095
4174 4511
4174 5925
4174 8869
4174 9578
4174 9300
9300 9915
9300 9524
4176 6199
4176 9280
4176 7871
4176 6800
4176 7663
8502 9719
4186 7090
4186 8640
7090 7907
4187 6049
4187 4357
7279 8978
7279 9985
4195 5989
4195 6879
4195 7075
4195 9615
4195 9918
4195 4358
4358 7931
4196 8811
4196 5827
4196 5854
4196 9969
7862 9173
4209 8853
4209 7213
7976 8697
4654 8484
4654 8472
4654 4972
4654 6724
4654 8640
5524 7729
6126 9391
6126 6139
5427 8531
4218 5954
4218 4944
4218 5661
6928 9613
6928 8528
6928 7806
6928 8119
6074 7473
6074 6489
6526 7964
6526 6923
6526 8058
6526 9362
6526 7819
6526 9003
6526 9189
5032 6796
5032 8461
6060 6978
6060 8053
6060 8913
6060 9362
6060 8884
4236 9993
4237 7533
4240 4262
4497 6075
4242 7215
7510 9571
4245 4555
4248 5224
4248 4258
4248 9620
4248 7764
4604 4685
4604 8562
6415 7889
8768 8898
8768 9601
5384 5454
5384 7883
4586 8304
4586 8844
4276 5225
4276 7352
8589 9284
8589 9046
7001 7872
7001 7106
4280 5106
4283 9759
4283 6490
4283 6137
4284 6818
4284 6765
6140 6209
6756 7207
4296 8386
4296 9685
4296 4637
4296 6822
4637 7620
6822 7264
4300 5706
4300 7166
4300 8315
6658 7953
4304 6756
4305 7657
4305 9875
4305 6196
4305 4464
7673 9568
4821 8717
4821 6119
6581 6596
6581 8933
4314 4985
4314 6495
6095 7395
5855 8437
5855 9704
4317 8937
5528 7279
5528 6934
6688 7458
6688 6765
4325 6805
4325 8249
4325 8967
4327 8752
4327 5015
6193 6528
5814 8618
4331 5535
4331 5875
4331 5024
4332 6381
7399 9820
5508 8325
5508 6112
4339 8039
4339 4730
4339 9418
4339 4602
4339 8886
6062 7606
6062 8159
6062 8904
7739 8479
4351 7201
4351 6254
4351 7111
5316 7885
7810 8297
4359 9400
9400 9783
5013 7427
5013 7047
5013 7358
5013 5989
4364 7172
6927 8022
7175 8814
4374 7345
4374 7813
4382 7898
4382 7632
4382 9108
4382 8679
4382 9440
4385 5296
4385 7789
4385 5368
4385 4547
4385 5315
4385 6154
5368 9160
4392 6005
4392 5377
6005 6343
5377 5645
5377 6479
6179 9829
6179 9316
6179 7284
5141 7884
6048 6723
4473 8385
4473 5953
4473 5064
4473 9669
4473 6696
8183 9834
4400 7924
4400 6407
8309 8743
4412 9690
5045 8911
5045 7524
5045 9741
5045 9973
4417 5708
4418 5669
7820 9539
4945 7054
8726 9920
4697 8525
4426 5101
4426 9647
4426 8909
8909 9772
5313 7433
4430 5996
6573 7749
6573 6858
4436 8853
4436 7055
4438 5292
4443 5341
4443 7536
4444 9374
4444 6601
4444 9813
4651 8209
4651 5917
4651 9562
4651 9996
4651 7257
4448 8253
7838 9737
7838 9631
4454 8763
5738 5855
4458 4865
4458 7875
6705 9533
4461 5760
5977 6163
5977 8781
5977 9415
4465 6422
4465 9060
7495 8589
4467 7342
4467 7877
4467 7671
4467 8460
7671 7760
4469 5718
4469 4826
4470 6101
4470 9306
5995 8535
4477 6522
4477 7412
4477 5464
4477 5305
5305 6318
5305 8983
5305 9684
5305 5596
4478 7367
4480 7864
8516 9821
8516 9632
4489 7093
8136 8243
8136 8524
4494 6139
4494 4944
4494 7164
7164 9886
7164 9960
5839 8384
5839 6205
4960 7264
4960 9228
4960 5608
4960 7167
4500 9783
6517 9401
4506 9401
4506 7301
4506 8751
7301 9064
4507 8429
4507 9828
4507 4872
4507 4592
4507 8636
5039 6537
5039 7508
5039 6061
4510 7912
4510 8919
4512 8907
4512 9319
6939 9830
4518 5220
4520 7370
4521 6831
6454 9596
6703 9684
4531 6544
5129 6430
5129 5792
6772 6786
6772 9478
5082 8472
4549 8909
4549 7119
4549 9281
4549 7415
5250 8356
5250 8173
5250 9326
7419 9758
4559 8742
4559 7497
4559 6036
4559 9136
4559 6844
4560 4678
4560 9692
4560 6474
4560 7586
7586 8781
5017 9733
5017 6515
4563 7508
7701 9502
7701 9737
6437 8518
6437 9735
4567 7024
4567 5946
4567 7852
4569 9886
6099 8389
6099 7407
9502 9890
8644 9936
6820 7831
5800 7921
5800 9417
5430 8428
4907 7687
4907 5316
4907 6526
4907 6987
4589 9696
4589 8140
4589 8311
7458 8653
7096 7869
9223 9308
4607 8518
4607 5156
4607 5637
5156 7435
5156 7041
5156 6964
5156 5382
4608 7237
4608 6386
4608 6173
4608 9437
4785 9752
5424 7633
5424 6891
5424 5662
5569 6513
5569 6392
6247 8116
6247 8915
6247 9103
4622 9176
4622 6271
4623 6982
4623 9115
4625 9738
4727 8572
4727 9268
4727 4743
7675 9058
4635 6484
7584 7633
7584 8325
7584 8937
4644 9153
4644 6644
6644 8054
6644 9415
8423 9119
6365 9563
8209 8558
7211 8109
4663 9934
4663 4720
4663 9504
5769 8864
4671 4930
4842 6064
4673 8971
4673 6872
4673 5634
4673 7435
4675 6844
4675 5830
5830 6869
5830 7188
7475 9961
7475 7699
7475 7865
7475 8767
5794 7977
5794 8412
4686 6733
4686 7113
4954 6119
4954 8333
4954 8095
7457 8573
7707 8644
4707 5327
4707 5583
4707 7907
5664 9156
5664 8896
5664 8340
5751 7194
5751 9739
5751 9158
9447 9620
4853 8437
7719 9816
7719 8264
7719 8815
7719 9295
8133 8963
6856 7489
6856 8698
4722 9149
4722 6237
4722 8869
4722 7004
4722 4969
4722 5059
9149 9805
6466 9510
7992 8499
7992 8694
4743 4815
4743 8237
4743 9050
8062 8080
8207 8519
4733 6353
4733 6902
6353 7530
6353 8570
6902 8326
6925 8351
6043 8708
6043 9892
4745 6724
4745 5234
4745 5197
4745 7011
4745 8084
5234 9253
5234 8566
5234 6198
5234 7016
4750 6619
6998 7169
4761 9397
4761 9212
4762 5557
4762 6258
4762 5552
4762 8173
4762 8063
4763 9629
4763 8564
4763 6307
4993 7956
4993 9077
4993 7519
4993 7694
4993 9014
4993 6978
4767 7288
4767 6240
4767 6419
4767 7439
4767 9059
4767 9283
4768 7479
4768 9747
4768 6957
4768 7121
5237 7348
5237 7319
8127 8253
5789 7510
5789 6579
4773 6137
4773 6891
6826 8275
6014 6166
6014 7408
4780 5326
4780 6515
4780 5416
5326 5566
8297 9605
8204 9679
8204 9369
7170 9183
4784 7123
4784 6690
4784 8045
4786 7554
4786 8033
4786 6451
4786 9608
4786 4871
4786 6680
8189 9340
4789 8540
4789 9654
4789 4862
4789 6914
6914 9232
5065 9461
5065 7811
4798 8605
4798 8215
8643 8771
4961 9554
4961 8230
4805 5884
4805 8054
4805 9373
4805 8243
8243 9418
8243 9017
6606 9112
6606 7437
6606 7754
7867 9043
4816 4975
4816 6660
4816 5797
4818 6333
4818 8749
7051 8217
4835 8361
4835 4992
4992 9696
4992 8439
4841 7436
4841 5061
4841 6579
4846 9640
4846 7691
7691 8279
7678 8748
7678 8238
9574 9856
4852 5090
4852 6941
4852 6946
4852 5716
4859 5766
5766 7268
4863 8043
4863 5880
4863 7823
4863 9831
4866 9812
4866 5173
4866 5018
7583 9081
8021 8888
8798 9261
4886 8325
4886 9989
7264 8920
7750 8046
7750 8701
7750 9136
6404 9593
6404 9044
4893 8414
4893 4908
4893 9157
4893 8197
4893 6631
4896 8800
4896 6843
4896 7006
4896 5620
4896 8683
7058 7532
7058 9599
7058 8002
4916 6769
4916 9483
6769 7181
6769 6822
6769 8579
6769 8078
9483 9604
4922 9717
4922 4957
4922 8674
4922 5886
4922 9851
4922 7020
4924 8764
4924 6738
6507 7253
6507 7905
7449 9121
4931 8624
9253 9854
4938 6694
4939 5134
4939 9851
5134 6817
8332 8473
4942 6080
4942 9372
4942 8390
4942 9604
6509 9672
6509 6816
8550 8802
4951 6537
4951 9213
4951 8114
4951 5184
4951 6451
4953 6511
4958 9292
4958 8796
4958 6363
9554 9990
6486 8733
6486 7952
7865 9554
4968 9866
9009 9329
9009 9372
4977 7559
4988 9771
4988 9172
4988 5125
4990 8116
4990 5842
4990 9202
4990 9749
5842 9886
4991 5746
4991 6870
4991 7935
7694 9453
7694 8936
7694 8213
4999 9458
8935 9260
9234 9776
7047 8924
5259 5329
5021 9567
5021 5724
5896 9216
5049 6629
5050 8099
6650 9930
6650 9932
5540 5978
5540 6584
5073 9182
5078 5751
5078 6504
5078 6221
5078 5621
6221 8131
5079 6240
5079 9015
5079 7893
5079 7039
7893 8627
7893 8949
5080 9962
5080 6925
6445 8913
6445 8457
5089 7734
5089 8840
5089 5871
7540 7877
7540 7547
5095 8729
5097 5746
5097 6383
5097 5488
5097 7011
5097 9289
9289 9760
5099 9860
5099 6059
5110 5782
5110 9177
5110 9815
5112 8158
5112 9059
5112 7938
5112 9634
5113 9596
5113 8282
5113 9677
5113 6879
5113 8217
8217 9424
8217 8631
6455 8438
6455 9652
5120 6775
5811 8458
5811 9049
5811 5893
5966 6885
5966 6689
5137 7152
5137 5972
5137 8249
5137 8471
5972 9463
5972 8656
5139 6095
5139 9658
5139 7032
5155 6131
5155 9473
5155 5790
8946 9400
8946 9804
5170 6180
5170 9785
8402 9627
8402 9550
7337 8546
7337 7966
7337 7672
5198 5211
5198 7268
5198 8072
5205 8543
5206 6027
5206 8187
5206 9260
5206 9831
9260 9611
5208 9543
5208 5892
7553 8640
7553 7893
5210 7168
5210 6073
5213 5424
5213 6975
5213 7805
5213 9888
6975 7979
5216 7201
5216 9369
5293 5941
5293 7320
5284 5954
5284 7968
5240 8747
5240 6354
5240 9255
5240 5385
8747 9583
5243 8136
5243 8893
5280 6219
5280 6275
5280 9568
5933 7025
5329 7050
5329 9679
5263 7406
5263 8393
5372 7822
5372 9135
5372 7318
5271 7577
5271 6967
7577 7842
6967 8736
6967 8248
6967 7746
5820 9125
5277 9873
5279 7018
5279 6567
7364 9175
8438 9241
8438 9990
8438 8463
5290 6451
5291 8848
5297 7647
5297 8213
7576 9174
7576 9593
7622 8762
8653 9480
8653 9482
6040 8529
6040 6520
6040 7415
6040 9786
5320 7822
5320 8942
5323 9161
5323 5790
5323 7242
6890 7087
6890 8474
7050 8838
7050 8799
8773 9708
7914 8856
7614 8313
6743 9782
6267 8315
6267 9925
6267 7318
6267 6588
5344 9269
8177 9203
7481 9609
7481 9050
7481 9427
5355 7608
5355 7500
5355 6581
5360 6603
9795 9802
8251 9828
5467 8982
5379 6846
5379 6334
6846 7641
7060 8056
7060 8320
5395 8834
5403 5930
5403 5411
5405 9137
5405 6638
5413 5965
6542 9271
6542 9464
6542 7998
5426 7900
5534 8419
5437 8120
5437 9207
9207 9810
9207 9826
5439 9155
5439 9040
9081 9185
5446 8406
5446 9868
5446 9940
7089 7243
7089 9449
7089 9905
5449 7539
5449 7028
7539 7712
9361 9375
5466 9627
5466 7556
5470 7507
5470 9329
5475 8301
5475 8593
5482 7420
5482 6025
5482 9516
5483 8572
5483 7352
5483 8362
5485 5943
5485 6940
5943 7623
5491 7462
5491 8971
5491 7436
7462 8644
7462 8369
5492 9829
5492 5945
5492 6311
5945 7713
5945 8054
5945 8722
6311 9281
6311 9718
6311 8545
5573 6884
5573 7262
6749 8135
5506 6546
5506 9319
5506 9845
5506 6760
6882 9085
5513 6178
7021 8265
9490 9977
5546 8598
5546 9104
5548 7750
5550 8692
5550 9257
5550 9552
5562 8243
5564 6635
5802 8298
5802 9832
5575 7849
5575 8490
5575 7303
7849 9644
9702 9792
5582 8423
6865 8093
5586 5915
5586 8563
5586 7643
6713 7176
6713 9859
6713 8082
5600 9419
5605 8024
5610 9942
5610 8062
6241 8096
5624 8447
5628 9855
5628 6288
6288 9476
5639 7274
7274 7967
7274 8389
9540 9804
5924 9650
5924 8990
5649 6995
5650 8478
5660 9910
5660 9920
5660 9054
9156 9830
9139 9715
5675 7215
5676 8137
8138 9372
8568 9820
5704 8843
6726 7617
5719 5892
5719 6043
5719 6690
5719 8561
5727 6775
5727 7801
5727 6265
5727 9864
5735 6801
6020 8056
6020 7087
5747 6139
5747 7407
5752 8379
5752 7445
5752 9494
5755 9197
5755 9668
7357 9552
5776 6919
9468 9963
9468 9531
5787 5878
5787 9009
6578 9729
6578 7822
6578 6846
8989 9302
5798 6501
5798 6773
5803 7649
5803 9340
7989 9817
5817 9785
5818 6883
8634 9147
8523 9610
8649 8928
5829 7606
6809 7083
5834 7012
5849 6668
5853 8336
5853 7271
7756 8836
5876 8235
5883 7017
5883 7834
5883 6451
5889 9471
5889 9272
7100 9618
6364 6711
6753 9817
5906 5942
5906 9730
5906 9145
5942 9700
5912 8133
5912 8012
5912 9079
5912 7247
5912 7898
7894 8935
5929 8282
5929 8016
6030 8133
8627 9297
8722 9932
7107 9678
7107 7939
7107 9221
5970 9900
5970 9289
5970 7362
7362 9174
7362 8380
5971 9207
5971 8326
6177 7646
6177 6314
6177 6559
5974 8258
5974 7422
7730 9250
5981 6818
5981 8584
5983 6488
6214 7724
6214 7835
8475 9107
6024 6914
6033 6264
6033 8515
6033 7554
6175 6780
6549 7669
6042 9781
6042 7277
6052 8274
6052 7198
6052 6939
7198 8148
7198 9119
7198 7407
7198 9435
6063 9703
6063 9083
6063 7946
6070 9210
6070 9452
6471 9702
6090 8721
6090 6544
8389 8887
6111 9012
6111 9572
6127 7946
6141 7348
6141 6846
6141 8327
6141 8769
6142 9559
6142 9130
6145 8947
6145 8511
6147 6430
6147 8211
6147 9837
7825 9282
9245 9800
9245 9370
6157 8218
6157 9216
9394 9839
8139 9127
6176 9995
6176 8039
6176 6986
6559 7088
6559 8637
7656 7874
7656 8025
6190 7884
6190 6779
6190 7798
6216 9335
6217 8147
6977 7903
6232 6726
6248 6444
6250 8202
6273 9721
6281 8495
6281 6866
6290 6612
6319 7383
6320 6680
6320 7259
6320 6758
6320 9926
6320 6926
6323 6458
6325 8349
6881 8332
6881 9499
6328 6331
8771 8812
6347 8893
6417 9170
7040 7632
7040 9405
6374 8141
6374 7156
8141 8363
6384 7878
6384 7411
6384 8888
6405 7560
6408 7849
6408 9318
6408 6634
6412 8796
6440 6516
6440 6917
6447 7297
7453 8703
6459 7645
7645 7961
7645 8584
6462 9430
6463 7227
8444 8500
6493 8710
6493 9950
6498 8123
7725 8572
6923 8053
6539 8722
7669 8086
7669 8972
9226 9714
6555 9197
6555 8012
6558 8516
6558 8547
6561 9181
6561 9498
6561 6703
6561 8050
6561 7751
6561 8962
7974 8498
6614 6893
6614 8538
8067 8589
8711 8746
8711 9741
8711 8867
6646 9558
7158 9348
7158 8604
6677 7238
7238 8662
7238 8051
7173 9960
9533 9884
7714 9744
6968 7362
6764 8098
6764 9575
7083 7120
6811 7090
8723 9193
6827 8978
8978 9879
6829 9891
7385 8190
7385 7590
7385 7679
6862 9787
6880 7731
6888 9349
7806 8554
6949 7805
6954 9928
6970 9725
6970 9094
6970 7544
6991 9814
6991 7060
7594 8514
7594 9685
7014 9883
7557 8808
8290 9261
8503 8634
7026 7958
7026 7752
7026 9624
7027 7802
7071 9585
7071 9231
7071 8142
7071 7124
7081 9132
7081 7139
7091 7946
7091 8502
7091 7380
7091 9704
7095 7167
7095 9353
8214 9861
8214 9531
8214 9047
8418 8806
7444 9758
7195 8791
7341 9269
7225 8581
7225 9973
7233 8082
7234 9606
7234 7760
7239 7856
7239 7902
7282 9611
7282 7989
7287 9265
7291 8841
7291 7782
7313 8308
7313 8000
7396 9656
7396 8159
7329 9568
7329 9377
7966 9736
7351 9404
7355 7759
7356 8704
7359 7842
7359 8469
9766 9891
7441 9806
7441 8073
9311 9366
7471 8669
7471 9090
8225 8560
8695 9388
7511 9856
8185 9225
7531 9686
7541 9854
7541 9009
7567 7989
7567 9824
7567 9013
7592 8522
7621 8233
7636 9561
7680 9184
7709 7839
7738 7872
8435 9219
7799 9458
7799 9390
7826 9121
7854 8350
9043 9412
8714 9063
8697 9417
7985 9717
7985 9121
8184 8575
8940 9448
8940 9368
8117 9650
8121 8272
8121 8354
8121 8276
8180 8426
8180 8409
8519 9205
8519 8876
8220 8459
8743 8895
8396 8995
8616 8624
9241 9655
9241 9686
8468 9041
8508 9694
8552 9069
8658 8900
8739 9858
8809 9748
8874 9888
9246 9834
8945 9316
9116 9727
9116 9233
9387 9990
9263 9299
9264 9369
9264 9593
9460 9518
9780 9835
