0 3650
0 6074
0 17625
0 3107
0 7785
0 9532
3650 8600
3650 13119
3650 8242
3650 15008
6074 18722
6074 15616
17625 18989
3107 14667
3107 13554
3107 4245
3107 3142
7785 13967
7785 16026
7785 10601
7785 16338
9532 13642
1 9912
1 14325
1 4186
9912 16495
9912 10464
9912 10462
14325 14477
4186 6827
4186 14605
2 10900
2 18124
2 2781
2 14685
2 19881
10900 16878
2781 11463
2781 11857
2781 6193
14685 15309
3 14944
3 8581
14944 16924
14944 16971
8581 13053
4 7412
4 4785
4 17708
7412 13733
4785 17865
4785 5526
4785 6529
5 1658
5 9712
1658 3347
1658 16496
1658 4636
1658 7101
1658 11115
1658 8998
1658 18469
9712 17764
9712 16009
6 16141
6 6506
6 15421
16141 16501
6506 12252
6506 17360
7 6577
7 5216
6577 11550
6577 18513
6577 17671
5216 5535
5216 10383
8 18886
8 2014
8 1347
8 11231
2014 8697
2014 19752
2014 14906
1347 8489
1347 10064
1347 2587
1347 11608
1347 19843
1347 12151
1347 6153
11231 12931
11231 17320
11231 12692
9 19819
9 8373
8373 16846
8373 8630
10 13216
10 12423
13216 16856
13216 14991
13216 16812
12423 17771
12423 14564
12423 13820
11 8839
11 7806
11 15186
8839 19298
8839 18616
7806 12305
7806 8114
15186 19103
12 5481
12 16748
12 9721
12 12617
12 720
12 10707
16748 16986
9721 19143
9721 18146
12617 16602
12617 17248
12617 15404
12617 13141
12617 13725
720 8301
720 12355
720 5364
720 13131
720 6813
720 10771
720 15473
13 6108
6108 13660
6108 14531
6108 8477
6108 12379
14 16025
14 4157
16025 17018
16025 16250
4157 12568
4157 12148
4157 12661
4157 16261
15 16661
16661 19846
16 10821
16 293
10821 13190
10821 18462
293 9815
293 9042
293 17986
293 12246
293 6387
17 15544
17 1126
17 14976
17 9268
17 2251
17 2817
1126 16187
1126 6400
14976 18855
9268 19796
9268 19577
2251 8982
2251 14936
2817 17291
2817 8073
2817 8183
2817 14144
2817 6027
2817 5221
2817 8412
2817 3342
18 2302
18 78
2302 4242
2302 2982
2302 8785
2302 14536
78 19653
78 12855
78 10880
78 2617
19 13272
19 16095
19 18082
19 14798
13272 18609
13272 13674
13272 19196
13272 13405
13272 17245
13272 16531
13272 15847
16095 18234
16095 16874
16095 19656
14798 18068
20 11732
20 12493
20 5386
11732 14321
11732 12676
11732 18427
12493 14030
5386 6243
5386 17979
21 1417
21 9970
21 4717
21 19296
21 17842
21 725
21 6188
1417 4787
1417 19620
1417 10966
1417 1665
1417 3950
9970 15463
9970 11577
9970 18714
4717 10065
4717 17896
4717 12838
4717 5098
4717 16703
4717 18378
4717 6953
4717 7312
4717 10461
17842 17928
17842 17965
725 14530
725 6385
6188 14180
6188 11956
22 6340
22 6127
22 1476
22 14452
22 8929
22 8093
6340 18703
6340 11003
6340 16701
6340 18334
6340 14196
6340 16068
6127 14465
6127 8619
6127 19113
6127 19435
1476 13382
1476 9720
1476 17431
1476 6596
1476 11319
8929 14710
8093 18561
8093 8218
23 3651
23 2523
23 5239
3651 12254
3651 17311
3651 10289
3651 6363
3651 19396
2523 11343
2523 15950
2523 17910
5239 18668
5239 18279
5239 8610
5239 7451
24 5335
24 14840
24 3585
24 19657
5335 17977
5335 11793
5335 6626
5335 6341
14840 18712
14840 16546
14840 17585
3585 7832
3585 19184
3585 9496
3585 12628
3585 7575
3585 7408
3585 10118
19657 19882
25 1460
25 19012
25 1889
25 1136
25 13247
1460 18516
1460 13395
1460 12387
1889 5135
1889 14466
1889 7675
1889 16743
1136 13375
1136 8946
1136 8735
1136 17049
13247 18939
26 6087
26 1560
26 14293
26 9770
26 3861
6087 15290
6087 15884
1560 12805
1560 16251
1560 9122
1560 7271
1560 15536
1560 11433
1560 13147
14293 14372
14293 16775
14293 15179
14293 19382
9770 14478
3861 18624
3861 8137
3861 14736
3861 17728
27 9625
27 13936
27 1653
27 17695
27 945
27 17750
27 4114
9625 19993
9625 18857
9625 13904
9625 18496
13936 18432
1653 10653
1653 1657
1653 4967
1653 4892
1653 11031
1653 10954
945 13338
945 13599
4114 14110
4114 15851
4114 10915
28 4847
28 16052
28 4259
28 16216
28 12460
28 17664
4847 10696
4847 11212
4847 9325
4847 15320
16052 19141
16052 19176
4259 16821
16216 16812
12460 18963
12460 16097
12460 17983
17664 17858
29 293
29 4635
29 18130
29 13677
4635 14102
4635 14458
4635 9745
4635 17248
18130 19645
18130 18756
13677 15596
30 4549
30 14262
30 4121
30 5083
4549 19620
4549 10505
4549 16821
4549 15656
4121 18101
4121 6850
5083 18088
5083 16941
5083 16231
31 10825
31 6249
31 207
31 19352
31 17543
10825 11800
6249 14350
6249 10517
207 17900
207 5977
207 522
207 765
32 7507
32 19745
32 2435
7507 11996
2435 6200
2435 6981
33 8164
33 15285
33 9262
33 19136
33 2815
33 12810
33 10673
8164 18430
8164 12769
8164 8273
8164 18855
8164 14164
8164 10671
8164 18789
9262 15233
9262 17877
9262 13494
2815 10312
2815 15109
2815 19760
10673 13996
34 7692
34 18023
7692 17235
35 2364
35 2980
35 16623
2364 6782
2980 19818
2980 7907
36 13254
36 5828
36 19439
36 17185
36 719
36 16029
36 9713
5828 8146
5828 15842
5828 6479
5828 6824
17185 18021
17185 19266
719 8552
16029 17286
9713 16516
9713 11203
37 10025
10025 14092
10025 10362
38 18976
38 15600
39 9707
39 10503
39 1030
39 13893
39 11992
9707 19018
9707 12321
9707 9995
9707 16984
10503 13869
10503 14839
10503 16912
1030 17422
1030 2987
1030 8940
13893 17187
40 17186
40 14557
40 18269
40 588
40 19747
40 8026
40 14403
588 10624
588 1978
8026 11253
8026 8690
14403 19435
14403 17973
14403 17423
41 10754
10754 15931
42 1716
42 8029
42 4154
1716 13192
8029 12127
8029 16431
8029 16282
8029 12179
4154 16131
4154 8285
4154 4613
4154 18922
43 1735
43 133
43 15598
43 15972
1735 3083
1735 2481
1735 9300
1735 4826
1735 6179
1735 16166
1735 4495
1735 14287
1735 10801
133 3274
133 9831
133 15421
133 18284
133 9902
133 12323
15598 17314
15972 16390
44 15224
44 2062
44 6857
44 15011
44 19815
15224 16944
2062 18286
2062 19396
2062 8100
2062 12749
6857 18343
45 8212
45 7422
45 18844
45 9169
45 500
45 5338
45 12922
45 12538
8212 15253
7422 16563
7422 18600
7422 18393
7422 15951
18844 19641
9169 9829
500 7456
500 10130
500 18728
5338 17777
5338 15087
5338 16940
5338 16337
12922 16111
12922 18110
12538 17390
12538 16755
12538 14478
46 15974
15974 18008
47 13130
47 9764
9764 18189
48 19754
48 16988
48 19854
48 6834
6834 12164
6834 17530
6834 12886
49 7301
49 2289
7301 7900
7301 9792
7301 13594
7301 11435
7301 12162
2289 17293
2289 15034
50 7844
50 11392
50 3078
50 19872
7844 17736
11392 19345
11392 14127
3078 4501
3078 19943
3078 13095
3078 11660
3078 6381
51 18502
51 12043
12043 15607
12043 12887
12043 13503
52 6598
6598 19878
6598 13896
6598 17992
6598 8757
53 2361
53 6205
53 2134
53 19913
53 4650
2361 6173
2361 18658
6205 12280
6205 12354
2134 12473
2134 9830
2134 15071
2134 16114
2134 2375
4650 8224
4650 11406
4650 15397
54 17791
17791 19503
55 15759
55 19147
55 3655
55 14978
55 14824
55 4270
3655 14817
3655 4066
14978 16292
14978 18917
14824 16329
14824 15399
4270 4531
4270 6929
4270 8058
56 330
56 9946
56 6431
56 16203
330 3561
330 15759
9946 10654
9946 14399
6431 10592
6431 12547
57 18354
57 14168
57 1190
57 11371
57 15462
18354 19246
14168 15493
1190 19727
1190 9992
1190 4850
1190 11893
1190 3806
1190 15902
11371 19539
15462 19711
58 6038
58 19344
6038 15837
6038 14039
6038 8399
6038 17002
59 13760
59 13097
59 6823
59 16797
13760 16802
13097 18567
13097 16173
13097 18937
13097 16384
6823 7488
6823 18827
16797 17905
60 18622
60 10275
60 6781
60 8573
60 19290
60 5790
60 5047
18622 19909
6781 15409
8573 9193
8573 12630
8573 11147
5790 7618
5047 8756
5047 5797
61 8948
61 15790
61 9938
8948 13340
8948 14469
9938 11898
62 17575
62 19931
62 12686
62 17107
62 16529
62 14127
62 12309
62 377
62 13891
62 8455
12686 15559
12686 17854
16529 16727
14127 14986
12309 19047
377 8009
377 2363
377 17776
377 12072
377 16115
377 3488
8455 19207
8455 13754
8455 12007
63 4686
63 14075
63 18150
63 18313
4686 13957
4686 7695
14075 18816
14075 18911
18313 19546
64 494
64 11771
64 9613
64 6560
64 15037
64 14940
64 12966
64 4103
11771 16159
11771 15968
11771 18019
9613 11486
6560 7632
15037 15153
15037 19163
4103 5459
4103 9208
4103 16490
65 5345
65 8953
65 15477
65 12301
65 12084
65 820
65 15766
5345 10198
5345 11020
5345 8625
5345 8211
8953 15044
8953 18822
8953 12417
15477 17711
12301 15372
12301 12665
12301 13747
12084 12905
820 7627
820 13382
820 14577
15766 18129
15766 17181
66 14315
66 7734
66 3972
66 14658
66 15156
14315 15103
7734 18410
7734 14727
7734 19213
7734 18013
3972 13238
3972 9424
3972 12860
3972 11777
3972 10917
3972 6786
3972 8895
14658 16161
14658 18379
15156 15563
15156 19416
15156 17417
67 14261
67 7446
67 18825
67 3259
67 10793
14261 14932
7446 18776
7446 11866
7446 18171
7446 13050
7446 18675
7446 10116
3259 5335
3259 9107
10793 12761
68 4844
68 14836
68 12774
68 448
4844 17210
14836 17676
12774 17639
12774 12842
448 16575
448 16427
448 5485
448 8008
448 9272
69 10334
69 5545
69 14382
5545 13350
5545 6245
70 3142
70 12167
70 9659
70 17096
70 3668
70 5959
70 13467
70 19903
3142 19391
3142 13195
3142 6075
3142 4434
3142 11007
12167 14487
12167 17419
9659 15484
17096 17271
3668 17858
3668 12113
5959 12865
13467 18387
71 15606
71 12101
71 18131
71 6840
71 17979
15606 18081
15606 18637
12101 18728
12101 18456
12101 16727
12101 15675
12101 16574
18131 19086
6840 10571
6840 11376
6840 9683
72 10966
72 1980
72 7641
72 1839
72 5141
10966 15094
10966 13968
1980 9029
1980 17763
1980 15185
1980 9604
1980 11686
7641 12762
7641 11842
7641 12419
7641 19557
1839 16854
1839 12913
1839 5641
1839 7961
5141 7004
5141 16683
5141 6844
73 16474
73 2574
73 6585
73 3070
2574 17486
2574 2684
2574 19568
2574 8392
2574 10892
2574 11194
2574 6485
6585 10092
3070 15701
74 1610
74 10816
74 7817
74 12679
74 6978
1610 17482
1610 11304
1610 5505
10816 12518
7817 18337
12679 18339
12679 16456
12679 13003
6978 19491
6978 7831
6978 17933
75 16390
16390 16753
16390 17044
76 6934
76 7395
76 15054
76 6312
6934 8917
6934 19325
6934 11875
7395 8111
15054 17094
15054 17569
15054 16377
6312 12228
6312 7481
6312 18955
6312 17730
77 16474
77 969
77 5970
77 17136
77 5227
77 18212
77 14941
969 19140
969 10105
969 3550
969 6844
969 19222
969 7350
5970 15213
5970 15261
17136 17646
5227 18355
5227 15525
5227 14324
5227 7972
14941 19216
14941 18658
19653 19709
12855 18302
12855 13787
12855 16574
10880 18004
2617 14132
2617 8917
2617 16623
79 827
80 6051
80 11123
80 5944
80 17525
6051 19837
11123 18136
11123 15964
11123 16237
5944 13962
5944 17717
5944 16571
5944 12462
5944 6222
5944 12559
5944 16448
5944 18651
17525 19627
81 9910
81 12923
81 13428
81 12895
9910 10875
9910 10366
9910 18624
12923 19810
12923 19232
12923 14917
13428 14485
12895 19880
82 1998
82 15619
82 2744
1998 7426
1998 4608
1998 3530
1998 11487
15619 16390
2744 14807
2744 14863
2744 17306
83 884
83 9435
83 1068
83 7156
884 19232
884 15614
9435 19684
9435 15986
1068 1153
1068 19498
7156 10592
7156 18381
84 10438
84 8860
84 10056
84 6530
84 11120
84 857
10438 18822
8860 10479
8860 9025
8860 12769
10056 19403
10056 15118
10056 19938
10056 15553
6530 19985
6530 7801
6530 10895
6530 14620
6530 11873
6530 11592
11120 17574
11120 18119
857 19321
857 7092
857 14006
85 4129
4129 12637
4129 17693
4129 7017
4129 12197
4129 19937
4129 19160
86 3137
86 12278
86 10554
86 18861
86 13688
3137 5382
3137 11115
12278 19894
10554 19894
10554 16447
13688 15096
13688 19324
87 16229
87 766
87 6547
87 11236
87 13034
766 17094
766 16170
766 1848
766 13621
766 14183
6547 17939
6547 16889
6547 9824
6547 18611
11236 18696
11236 17214
11236 13878
13034 14348
88 18732
88 11268
88 10310
88 16266
88 1172
11268 13802
11268 14742
1172 15973
1172 7964
1172 7239
89 18268
89 9492
89 6222
89 2959
9492 18230
6222 16694
6222 7630
6222 16704
6222 17810
2959 17169
2959 4027
2959 11665
90 18864
90 7399
91 11970
91 15029
91 221
91 8870
15029 15576
221 13273
221 4217
221 15464
221 14315
221 7809
221 14844
8870 18744
92 6060
6060 17683
93 15058
93 7884
93 1022
93 19347
15058 18186
7884 19049
1022 11829
1022 8708
1022 18792
1022 19886
1022 10642
1022 3600
19347 19494
94 15060
94 19081
94 12749
94 6644
15060 19161
15060 16244
12749 14179
6644 18115
6644 6730
6644 14817
6644 11173
6644 7992
6644 19281
95 15400
95 18410
95 7917
7917 10235
96 5153
96 14644
96 17405
96 9977
5153 11665
14644 18265
9977 16759
9977 19701
97 17732
97 9274
97 6336
97 9197
17732 19315
9274 14743
6336 7825
6336 19087
9197 14907
98 9905
98 19794
98 18826
98 18617
9905 11809
9905 13735
18617 18696
99 16669
99 5640
99 5629
99 1216
5640 16707
5629 9714
1216 14792
1216 3507
1216 1607
1216 8382
1216 16604
1216 4843
100 10093
100 18165
100 5475
10093 15433
10093 19575
18165 19526
5475 18887
5475 18407
5475 19282
101 17226
101 1350
101 12573
17226 18489
1350 12338
1350 4403
1350 11379
1350 14414
1350 7405
1350 19876
12573 14287
102 8863
102 18598
102 11952
102 19380
8863 10950
8863 19666
11952 19725
103 804
103 917
103 876
917 16917
917 17631
917 5640
917 15737
917 13068
876 15881
876 13221
876 1688
876 15328
104 11890
104 5972
104 15396
104 17039
5972 19084
5972 12026
5972 9374
105 16547
105 2862
105 17715
105 15396
16547 17666
2862 12019
2862 3687
106 4212
106 6284
106 12233
106 11853
4212 7197
4212 17759
4212 16468
4212 10557
6284 7950
6284 14660
6284 7398
6284 10961
6284 16859
12233 12897
11853 18558
11853 13973
11853 19561
107 18854
107 12826
107 6774
107 9618
12826 14851
12826 13022
6774 16515
6774 17836
6774 19310
6774 18487
9618 14122
108 15726
108 17067
108 15225
108 7870
108 11375
108 3167
15726 17834
17067 17464
17067 18726
11375 18064
3167 3606
3167 12421
109 13113
13113 14186
110 19044
110 12026
110 3056
110 5723
110 16909
110 18732
12026 17534
12026 17785
12026 14003
12026 15049
3056 12342
3056 5846
3056 6690
3056 17079
111 17700
111 6120
6120 9573
6120 10534
6120 9401
6120 17441
112 15427
112 8751
112 9233
112 12703
15427 19779
9233 19823
9233 18843
9233 14968
113 13001
113 15782
113 17771
113 15925
113 13578
13001 16778
15925 16479
114 5719
5719 13740
5719 7559
5719 14994
115 5238
115 11226
115 17607
115 6564
115 11140
115 6531
115 18712
5238 7505
5238 5685
5238 16089
5238 15152
11226 19393
17607 17775
6564 12155
11140 14430
11140 19321
6531 15543
116 10717
116 1460
10717 18559
10717 11187
10717 12742
117 2990
117 1346
117 11644
2990 5057
2990 6221
2990 11882
1346 18394
1346 18134
1346 2247
119 16196
119 1505
119 17092
119 5450
119 831
119 17279
119 5319
1505 9882
1505 12044
1505 7966
1505 16822
1505 16709
17092 18786
17092 19668
5450 19278
5450 10360
5450 12055
5450 10915
5450 19211
5450 10467
831 843
5319 9979
5319 14269
5319 19864
120 14636
120 17996
120 9906
120 16437
120 13634
120 9924
14636 15515
14636 15470
14636 18923
17996 18964
9906 13090
9924 14939
9924 18931
9924 13800
121 16997
121 8222
121 14354
121 6775
121 19658
16997 17048
8222 13133
14354 16115
14354 18331
6775 12090
6775 8717
122 7341
122 14181
122 15536
122 17453
7341 15503
7341 7472
7341 14770
15536 19915
17453 18700
123 9786
123 10843
123 16069
123 8772
123 17614
9786 19736
10843 11753
8772 16815
8772 16027
124 17461
124 16055
125 17006
125 13953
125 14829
125 1587
125 5042
13953 17702
13953 17886
14829 16092
14829 19268
1587 6710
1587 7971
1587 2163
1587 2348
1587 19305
1587 9454
5042 17567
5042 10719
5042 8985
5042 18166
5042 17124
5042 13435
5042 18343
126 19267
126 13793
126 14200
126 7855
126 4035
7855 11350
4035 13448
4035 4427
4035 6951
4035 4807
4035 6008
4035 13094
4035 10957
127 6436
127 2805
6436 6708
6436 11146
2805 6447
2805 16467
128 665
128 14815
128 19479
128 8800
665 4640
665 15582
665 17900
665 3209
665 2798
665 15742
665 18594
14815 18360
14815 16534
8800 12092
8800 9128
8800 10010
8800 14536
129 18472
129 10612
129 5375
129 5444
18472 19265
18472 18481
10612 15475
10612 13043
5375 12464
5375 13504
5375 14919
5375 13321
5375 15376
5375 14413
5375 17578
5444 14538
5444 14754
5444 8497
5444 12146
5444 7122
130 1481
130 17212
130 11160
130 12668
130 13633
130 10221
130 618
1481 10227
1481 8484
1481 19659
11160 14438
12668 15715
12668 19125
12668 14147
13633 15049
10221 16495
10221 12609
10221 14242
618 9660
131 18554
131 11810
131 1225
131 15631
11810 18376
1225 17192
1225 19698
1225 8184
1225 4193
15631 18907
132 8532
3274 14900
3274 9449
3274 5184
3274 13472
3274 13393
9831 13063
9831 10722
9831 10080
9902 17084
134 17924
134 1389
134 6728
1389 8925
1389 14659
1389 14965
6728 7106
135 11954
135 4473
135 18622
135 15097
135 16495
135 14148
135 2128
11954 15775
11954 12638
11954 19270
4473 8553
4473 18925
4473 11765
15097 16888
15097 18151
15097 18262
2128 12902
2128 13896
2128 17299
2128 3777
136 18999
136 16517
136 16216
136 14802
18999 19401
14802 18823
14802 16773
137 6702
137 2721
137 17141
137 1774
6702 13371
6702 15649
6702 9672
6702 7663
6702 9423
6702 13296
6702 11370
2721 15584
2721 7574
17141 18595
1774 2545
1774 2476
1774 4391
1774 16197
1774 4034
1774 12231
138 3676
138 13614
3676 7841
3676 13226
13614 19980
13614 13856
139 14424
139 5446
139 2663
139 4370
14424 17325
14424 19721
5446 14831
2663 7256
2663 5203
2663 10180
4370 17148
4370 14434
140 3619
140 11818
3619 17125
3619 8981
3619 7970
3619 14476
3619 18747
11818 16794
11818 13149
141 18394
141 14953
141 18914
141 2343
14953 19011
14953 16194
14953 18223
2343 14540
2343 9651
2343 8392
2343 7403
142 3446
142 11036
142 15395
3446 3996
3446 3863
11036 15867
11036 15858
15395 18971
143 6566
143 6238
143 11251
143 19207
143 3690
6566 17334
6566 13780
6566 16759
6566 16621
6238 19012
6238 8593
6238 19518
3690 10200
3690 19803
3690 7682
144 5414
144 18976
144 13737
144 9674
5414 12912
13737 16666
13737 14218
9674 18547
9674 18986
145 11580
145 6502
11580 19838
11580 13309
11580 15499
11580 11836
6502 18599
6502 13340
146 10389
146 862
10389 16309
10389 18984
862 12368
147 19583
147 19440
147 1560
147 8200
147 13083
147 7379
147 5073
19440 19701
8200 14920
8200 10200
7379 15010
7379 8831
5073 13794
5073 17835
148 6324
148 7340
6324 14763
6324 14539
6324 17625
7340 14275
7340 7630
7340 14136
149 5294
149 1682
149 6901
149 1361
149 14295
149 13960
5294 17770
5294 17916
5294 12353
5294 9575
1682 6959
1682 2410
1361 8313
1361 12427
1361 15784
1361 9644
14295 15865
150 2909
150 4972
150 7851
150 12946
2909 15066
2909 12722
2909 16490
4972 15432
4972 16175
4972 14248
4972 8358
7851 8585
7851 18454
7851 10595
12946 17484
151 11559
151 7338
151 18500
151 4989
151 4273
151 7813
151 2411
11559 11804
11559 15281
7338 15628
18500 18795
4989 13303
4989 8744
4273 5579
4273 16457
4273 13207
7813 17849
7813 8800
7813 15662
7813 17520
2411 4536
2411 14676
2411 18565
2411 6805
152 19575
152 14564
152 3868
14564 16646
14564 16282
14564 15912
14564 14737
3868 13650
3868 17044
153 10942
153 6518
153 11219
6518 10957
6518 6628
11219 13163
154 6120
154 11016
154 5475
11016 19279
11016 16225
155 6807
155 7789
155 668
155 1626
155 2532
6807 8701
6807 8705
6807 19582
668 13266
668 6153
668 16704
668 5112
668 9634
2532 8407
2532 7197
2532 5543
2532 17507
156 2726
156 1141
156 16787
156 12461
2726 9103
2726 14025
2726 15363
2726 7797
2726 14043
1141 1148
1141 14163
1141 17659
1141 2422
1141 9553
1141 19014
12461 19018
12461 18016
12461 19887
157 2318
157 12596
157 670
157 16223
2318 6287
2318 19053
2318 18301
670 9690
670 9031
670 18524
670 12198
670 5221
670 17561
16223 17552
158 8615
158 16804
158 12991
158 16181
158 19812
158 13986
8615 19010
8615 12431
12991 16859
12991 19900
16181 17513
13986 15401
13986 19079
159 8807
159 12066
159 10953
159 5815
8807 16059
12066 17368
12066 14470
5815 8118
5815 13649
5815 14147
160 14000
160 3259
160 16691
160 6594
160 18540
16691 18256
6594 15400
6594 14203
161 1091
1091 18565
1091 1972
1091 10903
1091 17677
1091 18553
1091 6710
1091 8611
162 7223
162 8887
162 16934
7223 11053
7223 10686
8887 14177
16934 19887
163 2117
163 17733
163 8358
163 12703
2117 10977
2117 14869
2117 18168
8358 19055
164 6445
164 14288
6445 18493
14288 16804
14288 19053
14288 19798
165 8030
165 1955
165 2745
8030 9577
8030 13237
1955 3841
1955 10703
1955 4700
2745 17255
166 15425
166 2983
166 2223
15425 18474
15425 17551
15425 17248
2983 12852
2983 15679
2983 15695
2983 6320
2983 7101
2223 19616
2223 8819
2223 3618
2223 11891
2223 5963
168 1096
168 5893
168 11570
168 19134
168 5028
1096 7886
1096 9997
1096 10320
1096 17618
1096 6295
1096 8016
1096 3009
1096 6984
1096 7370
5893 13404
5893 18864
5893 8181
5893 13856
11570 13405
11570 15779
11570 19126
19134 19328
5028 8332
5028 7459
169 7121
169 10435
169 310
7121 10467
10435 17599
310 18110
310 3165
310 12388
310 17107
170 10041
10041 18264
171 17836
171 1957
171 19980
171 14840
17836 18071
1957 17868
1957 10996
1957 4676
1957 14126
1957 2512
1957 9330
1957 8490
172 2631
172 19548
172 19111
2631 3519
2631 15212
173 4814
4814 19055
4814 7289
4814 7354
4814 5808
4814 16604
174 5246
174 5148
174 1836
174 16525
174 9685
174 8956
174 2551
174 9957
5246 13055
5246 10886
5148 6254
5148 8335
1836 5130
9685 10580
9685 18044
9685 15876
9685 11337
9685 14693
9685 10078
9685 13069
2551 17375
2551 4515
9957 18085
175 4023
175 18773
175 3743
4023 11944
4023 10818
4023 15293
4023 8634
3743 11048
3743 13286
3743 9828
176 17669
176 2854
176 6244
176 11587
176 14450
2854 10782
2854 7243
2854 13226
2854 6261
2854 13945
2854 3990
2854 18332
6244 13369
11587 14527
14450 17773
177 3842
177 471
177 15404
3842 10985
3842 14105
471 6964
471 13839
471 17374
471 8351
471 6284
471 13927
178 11150
178 17856
178 15361
178 13464
178 13319
178 8624
178 17548
13464 17924
13464 17730
13319 15670
13319 15950
8624 14900
8624 15761
8624 13820
8624 13487
8624 9055
17548 18601
179 12479
179 6615
179 2207
179 9856
179 7497
12479 14914
12479 16685
12479 16540
6615 10376
2207 2842
2207 11580
9856 19910
9856 10955
9856 14940
9856 15507
7497 10671
180 2696
180 4320
180 954
180 6091
2696 11975
2696 11213
2696 19809
2696 17314
4320 9654
4320 18027
4320 5554
954 4421
954 17464
954 17044
954 4355
6091 7108
6091 15245
6091 6217
6091 7105
181 4884
181 541
4884 17345
4884 17551
4884 6316
541 19538
541 743
541 2055
541 10018
541 1189
541 3949
541 11762
182 19815
182 2509
182 2549
182 2226
2509 18176
2509 4227
2549 14378
2549 18288
2549 19412
2549 9659
2226 10766
183 10078
183 11747
10078 18152
10078 13708
185 11329
185 4504
185 5323
185 3556
185 14224
185 17736
11329 17976
11329 17148
4504 5518
4504 7910
4504 14258
4504 5691
5323 5377
5323 10388
5323 5887
5323 14836
5323 14666
3556 17446
3556 13788
3556 3808
3556 14486
3556 14505
14224 19184
186 5034
186 600
186 7015
5034 14973
5034 16674
5034 14088
600 1946
600 8535
7015 8740
7015 11289
7015 7769
7015 16079
7015 16183
187 9109
187 18205
187 896
187 13340
187 2665
187 12452
9109 17729
9109 18194
18205 18663
18205 19928
896 8450
896 17351
896 9713
13340 13883
2665 14499
2665 9573
12452 12698
12452 17528
188 5246
188 13060
188 11754
188 4815
188 15025
11754 17818
11754 19610
11754 19943
4815 19350
4815 13626
4815 12246
15025 16051
189 2735
189 9635
189 13540
189 17352
189 1958
189 14403
189 14430
189 5647
2735 16791
2735 16685
9635 17053
9635 18604
9635 13102
13540 19928
13540 17755
17352 18873
1958 10635
1958 12308
1958 6940
1958 5508
1958 4268
1958 12549
14430 18593
5647 9541
190 11478
190 2014
190 2559
190 8429
190 15420
11478 17956
2559 14687
2559 3245
2559 15349
8429 11568
8429 18973
8429 8741
15420 16366
15420 18510
191 12456
191 5183
191 9616
191 17810
12456 12906
12456 13964
5183 9445
5183 6939
5183 9900
5183 12957
9616 10040
17810 19550
192 10065
10065 17344
10065 10222
193 17840
193 5210
193 5356
17840 19001
5356 18712
5356 6091
194 1884
194 7641
194 11457
194 2677
194 1475
194 3421
1884 3677
1884 3952
1884 7960
1884 10139
1884 8681
1884 10603
1884 17406
1884 4954
11457 14608
11457 15380
2677 3920
2677 9566
2677 2837
2677 5956
1475 7985
1475 4127
1475 11947
3421 15277
3421 16570
3421 14054
195 2806
195 15658
195 9808
2806 19625
2806 14491
2806 16798
2806 13215
2806 11466
15658 18237
15658 17159
9808 17360
9808 14454
9808 18339
9808 19263
196 10554
196 13093
13093 18483
197 17721
197 16778
197 15498
197 19422
16778 16796
15498 17809
198 17048
17048 18473
17048 18193
17048 17959
199 7760
199 651
199 4803
199 13234
199 2686
7760 17289
7760 11677
7760 9331
651 11851
4803 15303
13234 14989
2686 14336
200 7834
200 11315
7834 13725
201 14025
201 1476
201 4416
201 10296
201 7645
201 12996
4416 5900
4416 15814
4416 6762
10296 19954
7645 11331
7645 8772
12996 13883
202 9878
202 2658
202 19875
9878 14566
2658 5511
203 4179
203 5048
203 12657
203 369
203 4528
4179 4692
5048 14657
5048 18885
5048 15828
12657 19631
12657 13850
12657 16824
369 16087
369 5098
369 12485
369 9117
369 8797
369 10084
369 14681
4528 7506
4528 5272
4528 15141
4528 8024
4528 6802
204 6982
204 7801
204 15283
204 6667
204 3620
204 2887
6982 8029
6982 7717
7801 10108
7801 11571
6667 10961
6667 7628
6667 18980
3620 6779
3620 5091
3620 7338
3620 19147
2887 5874
2887 16753
2887 18213
2887 10185
2887 7960
2887 17481
2887 6383
205 18648
205 12820
18648 19263
18648 19094
12820 13282
206 3749
206 16187
206 15387
3749 9118
16187 19852
16187 17678
5977 10228
5977 18641
5977 13052
522 18918
522 16587
522 2241
522 2151
522 11299
522 7159
765 5360
765 2283
765 12202
765 9633
208 8655
8655 17558
209 2528
209 3834
209 14474
2528 7299
2528 8675
3834 18887
3834 7738
3834 4222
210 12584
210 11345
210 11512
11345 17178
11345 16719
11512 16037
11512 17194
11512 12173
11512 17139
211 8593
211 10556
211 16334
211 8702
8593 14520
16334 19721
16334 19735
16334 17285
8702 16603
8702 18663
212 10545
213 6533
6533 14674
6533 19237
6533 13525
214 4417
214 2144
214 8330
214 617
4417 15229
4417 5650
2144 4852
2144 2732
2144 9103
2144 17240
8330 14343
8330 8839
215 14831
215 12067
215 2908
14831 19466
14831 15649
12067 18844
12067 15317
12067 12170
2908 15324
2908 5811
2908 6039
2908 7039
2908 4013
2908 10067
2908 14039
216 4113
4113 13711
4113 18086
217 5328
217 396
217 17519
5328 19124
5328 14746
5328 11094
5328 13482
396 15175
396 10276
396 18754
396 2868
396 16885
396 11418
17519 18872
17519 19166
17519 18652
17519 17657
218 4983
218 15505
218 13539
218 15737
218 3398
4983 10896
4983 16726
4983 13882
15505 16500
15505 15813
13539 16199
13539 18026
13539 14171
15737 17411
3398 3696
3398 6185
219 17248
219 11620
219 7730
17248 18370
11620 18012
11620 16763
11620 15238
7730 8881
220 12668
220 1535
220 3249
1535 17973
1535 8223
1535 19954
3249 16226
3249 18616
3249 18285
3249 18661
3249 6939
3249 7911
13273 19398
13273 16874
13273 14441
4217 19925
4217 7068
4217 11052
15464 18306
7809 19651
7809 8633
14844 17281
222 18684
222 18762
18762 19643
223 4574
223 13783
223 3997
4574 16851
4574 6254
13783 14575
13783 19560
3997 4670
3997 12497
3997 5555
3997 8783
3997 11542
3997 11218
224 4663
224 2486
4663 7935
4663 11876
2486 13153
2486 17426
2486 9314
2486 9504
225 12910
225 14641
12910 17071
14641 19379
14641 15676
14641 17122
226 15965
226 18430
226 6605
226 12799
15965 18226
15965 18073
6605 16946
6605 17456
227 11888
227 7588
227 1565
227 3120
11888 12584
11888 15479
11888 15502
11888 18885
7588 18182
7588 10103
3120 4476
3120 11493
3120 18805
228 4761
4761 13945
4761 11579
4761 13170
229 8825
229 3950
229 593
229 10084
3950 4719
3950 19726
3950 4116
3950 4879
10084 14414
10084 14349
10084 12763
10084 16914
230 2624
230 16706
230 11680
230 13109
230 18130
230 3879
2624 10188
2624 3371
2624 14834
11680 12180
11680 12867
13109 19750
3879 14063
3879 8960
231 482
231 7778
231 8836
482 1578
482 7005
482 10277
7778 10877
8836 11117
8836 13299
232 19809
232 4928
4928 13484
4928 18376
4928 15163
4928 15506
233 8412
233 17631
233 12935
233 4581
8412 18262
8412 16789
8412 14102
8412 9915
12935 14191
4581 16939
234 10204
234 19944
234 15819
234 18793
234 2993
234 3494
234 5551
234 9140
10204 13266
2993 13884
2993 19377
2993 12391
3494 4531
5551 16590
5551 11483
5551 13895
5551 17435
9140 9872
9140 10168
9140 15915
9140 15411
235 10331
235 2464
10331 16953
10331 17063
10331 13114
10331 18887
2464 12830
236 4674
236 14288
236 5288
236 14418
236 11217
236 4719
4674 6049
4674 4897
4674 9172
5288 19527
5288 19876
5288 11609
5288 12404
4719 19143
4719 15843
4719 18022
4719 13422
4719 9624
237 8796
237 1510
237 10259
8796 9515
8796 15593
1510 17623
1510 3391
238 13698
238 2173
13698 14438
2173 10154
2173 13012
2173 18807
2173 8807
2173 10957
2173 4577
239 9043
239 7907
9043 11012
7907 11656
7907 15497
7907 19529
240 6772
240 17476
240 18669
240 16966
6772 18941
18669 19310
16966 18894
241 3464
241 6540
241 781
241 10216
241 5342
3464 4687
3464 19956
6540 16903
6540 14346
6540 12024
6540 12331
781 19176
781 15121
781 2674
10216 19709
5342 18670
242 1263
242 16827
242 19046
242 13993
242 3620
242 14092
242 5784
242 9883
1263 5894
1263 9674
1263 12951
19046 19244
13993 16024
5784 18560
5784 19329
5784 7680
9883 10422
9883 10284
243 2495
243 12901
243 7170
243 18477
243 5964
2495 4993
2495 12213
2495 8832
2495 2964
12901 15675
7170 12101
7170 15080
7170 11084
18477 19970
5964 16764
5964 9566
5964 14032
5964 19260
244 13467
244 17047
244 2265
244 14789
244 4429
244 11612
17047 18360
2265 15754
2265 6023
2265 10423
2265 13796
2265 10380
2265 13245
14789 18797
4429 13543
4429 7482
4429 7552
11612 13485
245 9021
245 4222
9021 14448
9021 14602
4222 10055
4222 12667
4222 9868
246 9671
246 18838
246 10251
246 2710
246 7877
246 1616
9671 10098
10251 19827
2710 10983
2710 11345
2710 10004
2710 5501
2710 12064
7877 8000
7877 9754
1616 17724
1616 8579
1616 17424
1616 8187
1616 4676
1616 2373
1616 13895
1616 15934
247 19856
248 17925
248 6022
248 3794
6022 17723
3794 11844
3794 16698
249 11818
249 290
290 2305
290 2093
290 9446
250 402
250 16410
250 10033
402 12833
402 19411
402 1604
402 11398
402 11010
16410 17635
16410 17264
16410 19935
16410 18322
10033 19909
10033 14980
10033 18870
10033 10833
10033 17848
10033 19343
251 12436
251 19769
252 268
252 14281
252 19744
252 11065
268 17089
268 18827
268 6612
268 11945
268 1299
14281 15578
14281 15078
14281 18430
11065 13661
11065 13304
253 12168
253 8710
253 14764
12168 13897
12168 12339
8710 9866
8710 15745
8710 14609
8710 9834
8710 15227
8710 9710
8710 11952
14764 19364
14764 19830
254 300
254 13765
254 18928
254 4719
254 13948
254 5481
300 10186
300 11716
300 8765
300 16102
300 3775
300 2490
255 16193
255 17651
255 6214
255 15884
255 7834
255 17127
255 2967
255 14438
255 3137
16193 17249
17651 18310
6214 16631
2967 4401
2967 8307
2967 14604
2967 7962
2967 11648
14438 14766
256 17023
256 7810
256 10716
256 11143
7810 12751
7810 12882
7810 8327
7810 14401
7810 9098
7810 7902
10716 17844
11143 19420
11143 18447
11143 13424
257 18923
257 6517
257 9725
257 2645
257 19501
6517 7826
6517 15733
6517 7095
6517 18168
6517 17374
6517 15772
6517 12907
9725 17366
9725 17493
9725 17782
2645 6362
2645 7302
2645 11558
2645 8919
2645 17760
2645 16513
258 18182
258 12607
258 3137
258 10215
258 11425
258 15098
12607 13184
12607 15736
12607 12883
10215 16390
10215 15419
11425 18619
11425 12086
15098 16633
259 7791
259 9448
259 17974
259 6760
259 4446
259 11217
259 14703
7791 10114
7791 18958
9448 13290
17974 18100
6760 8936
6760 14334
4446 14736
4446 16487
4446 17924
4446 4449
260 12265
260 17331
260 13071
260 9988
260 15807
12265 19195
13071 13381
9988 11931
9988 17416
9988 10079
15807 15972
15807 17471
261 14281
262 5774
262 18737
5774 18878
263 19215
263 2083
263 13371
263 10078
263 5616
263 11353
19215 19281
2083 4720
2083 10904
5616 14679
5616 5965
11353 17267
264 5969
264 14090
264 14854
264 6920
264 19855
5969 16745
5969 13215
5969 8485
5969 19656
5969 13678
14090 16999
6920 12073
6920 16511
6920 10590
6920 14980
265 17771
265 17505
266 1940
266 11212
1940 12954
11212 13266
11212 11632
11212 19631
11212 15810
267 2510
267 2185
267 13408
267 17894
267 3064
2510 4662
2510 2647
2185 17727
2185 18766
2185 14910
2185 13108
2185 10739
13408 18841
13408 17693
13408 17152
3064 19336
3064 11619
3064 19223
3064 6630
3064 6267
3064 14087
3064 6985
3064 18440
3064 12817
6612 13246
6612 17481
6612 12277
6612 11620
6612 15051
6612 8292
11945 15776
11945 13810
1299 14142
269 19402
269 11545
269 14800
269 8926
269 11918
269 16543
11545 15177
11545 17849
14800 19538
8926 8987
8926 12070
11918 19193
270 8580
270 17486
270 9032
8580 11455
8580 8861
8580 18661
8580 14303
8580 10885
17486 18457
271 18642
271 2154
271 12625
271 7122
271 16120
12625 14409
12625 12680
7122 18839
7122 19011
7122 18220
16120 16644
272 1605
272 19161
272 15491
272 4090
272 2231
1605 16767
1605 18861
1605 17101
1605 17890
4090 19821
4090 12369
4090 10981
4090 18567
4090 7048
4090 8484
4090 5182
4090 12642
4090 14158
2231 10885
273 17462
273 14779
273 19840
274 13829
274 4188
13829 15311
4188 7301
4188 17015
4188 16797
4188 11311
275 15174
275 14245
275 19313
15174 18897
14245 16871
276 13112
276 19188
277 14488
277 1104
277 2724
277 5595
1104 8619
1104 13595
1104 3129
1104 4233
2724 18149
5595 8305
5595 10142
5595 14267
278 18193
278 9013
9013 18573
9013 9460
9013 17070
279 18995
279 9009
279 18293
9009 12850
9009 9641
9009 15809
9009 14231
280 4569
280 2937
280 12540
280 9594
280 19060
4569 8534
4569 15263
4569 5608
2937 18490
2937 13185
2937 8805
2937 5564
2937 19915
2937 17555
9594 9726
9594 11098
281 9595
281 1248
281 18722
281 2383
9595 14770
9595 9847
9595 12632
1248 1404
2383 8174
2383 6993
282 11686
282 17451
282 12288
282 12145
282 3198
282 12303
11686 15460
11686 15998
11686 12143
12288 13166
12288 18545
12288 18190
12145 14569
3198 14496
3198 18192
3198 9735
283 1066
283 2716
283 9685
283 8139
1066 15880
1066 5602
1066 6222
1066 19438
2716 7819
8139 12579
8139 16975
8139 8410
8139 13535
284 8253
8253 8882
8253 19214
8253 18869
8253 12420
285 1029
285 2593
285 4351
285 7103
285 5798
1029 11114
1029 13139
1029 12885
1029 7981
1029 11605
4351 9113
4351 15738
4351 6604
4351 7380
4351 16931
7103 17093
7103 17511
7103 12060
5798 10004
5798 10634
5798 16006
5798 7656
5798 15240
286 6832
286 10185
286 12504
286 13740
286 7230
286 11342
286 14587
6832 15685
6832 17886
10185 13618
12504 18092
12504 15826
13740 13932
13740 19959
7230 19458
7230 7560
7230 9879
11342 13728
287 18565
287 8121
287 15379
287 18211
8121 12383
8121 15180
8121 19853
15379 16902
18211 18429
288 4184
288 10574
4184 16767
4184 14809
4184 13164
4184 18883
4184 9618
10574 15939
10574 12507
10574 16246
289 11687
289 9774
289 16152
11687 16045
9774 17732
9774 11275
9774 14829
9774 10273
9774 12936
9774 12618
9774 19225
9774 14859
9774 17269
16152 17569
2305 17556
2305 3091
2305 16316
2305 2388
2093 16449
9446 15832
9446 10597
9446 13005
291 19739
291 8879
291 16734
291 3401
291 1671
8879 12213
8879 14883
16734 16933
16734 18036
16734 17662
1671 15683
1671 17749
1671 6586
1671 13146
292 11825
292 5168
292 11236
292 2597
11825 17874
5168 16253
5168 15867
5168 15315
5168 11060
5168 5608
5168 16492
5168 12214
2597 19776
2597 16299
2597 4180
9815 18841
9815 10938
9042 9181
9042 19879
9042 9679
12246 17074
6387 15157
6387 19986
6387 19678
6387 12784
6387 12566
6387 19035
294 4487
294 17310
294 16387
294 19946
4487 8341
16387 17025
16387 18275
16387 18437
295 11157
295 15981
11157 19549
15981 16714
296 5535
296 10517
296 13683
5535 7709
5535 18629
5535 16406
5535 6762
10517 10731
10517 18914
10517 18239
10517 12073
13683 15074
297 1392
297 13477
297 4089
1392 3737
1392 2177
13477 17295
4089 12596
4089 9025
4089 14250
4089 18002
298 11997
298 4237
298 14673
11997 12797
11997 12138
4237 14829
299 3244
299 13448
299 11608
299 8034
299 5837
3244 6106
3244 18832
3244 7919
13448 16265
13448 16382
8034 11676
8034 12251
8034 11427
8034 15922
5837 7222
10186 17114
8765 13919
8765 10251
8765 9278
16102 19213
3775 12037
3775 14335
2490 18777
301 10664
10664 18737
302 5509
302 18536
302 4978
5509 18788
5509 12075
18536 18763
4978 10399
4978 9939
4978 19591
303 7080
303 4766
303 12951
303 5207
303 9633
303 440
7080 16908
7080 14899
7080 7724
4766 10389
4766 10602
12951 15862
5207 10191
5207 19473
5207 6005
5207 17831
5207 8305
9633 16007
440 6355
440 14892
440 10265
440 3759
304 2967
304 12984
304 16137
304 11830
304 17735
304 4488
304 11771
304 1546
12984 13316
16137 17357
4488 19891
4488 12808
4488 9673
1546 3531
305 13444
305 16479
305 6784
305 16471
6784 7209
6784 13671
6784 13689
6784 12775
306 15226
306 17403
306 14814
17403 19789
17403 19829
307 19619
307 1073
307 2535
307 3957
307 2687
307 12636
1073 18077
1073 9269
1073 12505
1073 4941
1073 17786
1073 2712
2535 19624
2535 16695
3957 9544
2687 14434
2687 9093
2687 4738
2687 15065
2687 11056
12636 13829
308 17691
308 15288
308 7535
7535 11513
7535 15613
309 10769
309 18283
309 19077
309 16244
309 3457
309 13379
309 5902
309 17362
10769 11695
10769 15676
16244 17645
16244 19161
3457 14398
3457 10811
13379 19089
13379 18405
13379 13523
13379 19027
5902 9005
3165 16247
3165 7764
3165 6987
12388 17123
12388 14491
12388 16017
311 9078
311 8294
311 6068
9078 14399
9078 16247
9078 15829
9078 9936
9078 13523
6068 12316
6068 12135
6068 7458
6068 6317
312 15262
312 18666
312 12762
312 10218
312 5446
312 3753
12762 18693
10218 16668
3753 18561
3753 6648
3753 11524
313 4844
313 8774
313 12414
313 13847
8774 14774
8774 16138
8774 10374
8774 19932
8774 16119
8774 18967
314 13567
314 11057
13567 19416
11057 12639
11057 19988
11057 12146
11057 11066
315 12597
12597 15079
12597 15090
316 13225
316 18679
316 8306
316 19964
316 19101
13225 18771
13225 16394
13225 17488
8306 17092
8306 13370
8306 17240
317 668
317 7464
317 13357
317 1118
317 2383
317 11730
7464 19360
7464 11530
13357 17557
1118 1211
1118 13440
1118 15306
1118 8193
11730 16864
318 19888
318 18767
318 14056
318 12459
318 16005
318 7905
14056 15039
14056 18456
16005 19463
7905 9460
7905 15957
319 7459
319 3873
319 10458
319 17576
7459 7682
7459 14045
7459 19557
7459 11937
3873 5441
3873 4204
3873 17055
10458 13175
320 17389
320 4334
321 4950
321 1492
4950 5495
4950 12361
1492 3535
1492 3952
1492 5576
1492 14536
1492 7943
322 877
322 16182
322 6406
322 864
322 8684
322 17957
322 3588
322 8781
877 19107
877 2479
877 14837
877 17023
877 2662
877 12801
877 19430
6406 16771
864 10588
864 10750
8684 12505
8684 11511
3588 5178
323 632
632 9596
632 12236
632 1650
632 8215
324 4295
324 14141
324 5151
324 15867
324 1623
324 17176
4295 17862
4295 13474
4295 13579
4295 18125
14141 16622
14141 18739
5151 13994
1623 11954
1623 6474
325 15195
325 17880
325 6329
325 966
325 15658
325 6918
15195 17241
15195 15213
6329 12174
6329 12429
6329 15435
6329 6342
6329 19969
6329 15823
966 4082
966 5409
966 2249
966 18697
966 12586
966 4588
326 2852
326 12701
326 14021
326 5912
326 9866
326 7510
326 5632
326 905
326 19534
2852 14250
2852 6993
2852 15102
12701 18306
12701 14913
14021 18798
14021 14257
5912 19460
5912 9409
5912 8804
5912 7449
5912 7187
5912 12745
9866 17987
9866 16894
9866 16953
7510 18542
7510 11966
7510 8441
7510 11714
5632 9774
5632 11223
5632 14845
905 2940
905 11611
327 593
328 18596
328 3917
328 19328
328 11325
3917 9792
3917 5863
3917 15782
3917 18845
3917 7066
3917 16495
3917 5484
3917 18545
3917 10989
11325 16539
329 14792
329 993
329 6121
329 13959
329 507
993 13970
6121 19867
6121 12570
6121 19596
507 4654
507 18893
3561 6510
3561 17891
3561 16486
331 14168
332 2594
332 14490
332 5081
332 11158
2594 2625
2594 8934
5081 12561
5081 10332
11158 19082
333 19876
333 16894
333 4314
333 18655
333 12563
4314 9170
4314 13080
4314 15286
4314 19680
12563 19122
334 9001
334 11463
9001 17533
335 4321
335 3229
335 6475
335 8172
335 5325
4321 17316
4321 19180
4321 4486
4321 11405
4321 12685
3229 10918
6475 14472
8172 19475
8172 11943
5325 8289
336 5248
336 666
336 6401
5248 7000
666 7742
666 12207
666 17931
6401 6512
6401 12124
6401 13041
337 11176
337 15772
11176 14541
11176 16624
338 8242
339 15189
339 3570
3570 9505
3570 13182
340 3824
340 16856
340 13219
3824 12280
3824 15469
13219 18852
13219 13289
13219 17537
341 9364
341 10653
341 17840
341 17733
341 14814
9364 14167
10653 12281
10653 18888
10653 11977
10653 14709
10653 16823
342 19564
342 14159
342 16863
342 9904
14159 19433
14159 16356
9904 19089
9904 14603
343 2804
343 17708
343 6929
343 18038
343 16258
2804 3395
2804 12570
2804 15035
2804 11325
6929 19207
6929 10349
16258 19379
16258 17494
16258 17383
344 2294
344 896
344 19012
2294 17274
2294 4645
2294 3940
345 1075
345 6178
345 15136
345 19725
1075 2945
1075 4780
1075 17961
1075 17283
1075 12921
6178 10236
15136 17209
346 17944
346 15584
346 11673
346 17563
346 2889
346 10436
346 5455
346 9740
346 681
11673 12014
11673 18543
11673 19383
11673 12947
17563 19161
17563 18601
10436 16575
10436 15608
5455 8708
9740 12687
9740 13796
9740 12409
9740 10227
681 2484
681 5697
681 11614
681 15053
681 6903
681 15361
681 6002
347 19063
347 5264
347 11678
347 3012
5264 17390
5264 6252
5264 12068
5264 14647
11678 12342
3012 13146
3012 15880
3012 7212
3012 9105
3012 3350
3012 7828
3012 7928
348 12447
348 3917
348 8236
12447 12755
8236 8548
349 15579
349 7539
15579 17879
15579 18766
7539 12097
7539 13539
350 14214
350 15112
350 10805
350 3189
10805 14578
10805 19631
10805 19036
3189 4914
3189 6113
3189 14339
3189 5432
3189 3432
3189 6349
351 1974
1974 10464
1974 4565
1974 16388
1974 19876
1974 11042
352 16046
352 479
352 14114
352 11154
479 11119
479 7262
14114 18229
11154 18350
11154 14581
11154 16570
353 11926
353 9099
353 6048
9099 15605
6048 11043
6048 15852
354 11851
354 16977
354 11673
354 4304
354 14795
4304 5594
355 3582
355 12872
355 16655
355 3692
355 9943
3582 11281
3582 14606
3582 7827
3582 13118
12872 14036
3692 18207
3692 9681
3692 11884
3692 14434
9943 9986
9943 18763
9943 19464
9943 12182
356 368
356 6974
356 7113
356 18606
356 5348
356 14600
356 18500
368 19697
368 17563
368 8187
368 8367
368 8869
6974 19945
6974 9251
7113 9703
18606 19166
5348 11312
5348 11544
5348 12669
5348 9993
5348 11903
14600 16332
357 4436
357 2520
357 3567
357 18326
4436 5606
4436 19214
4436 11832
2520 9849
2520 13118
3567 16338
3567 14594
18326 18473
358 2393
358 17231
358 11809
358 9031
358 14999
358 17704
2393 4104
17231 18921
9031 16067
9031 18292
359 6519
359 15706
359 17474
359 18058
6519 16082
15706 18029
17474 19392
17474 18310
360 15947
360 961
360 369
360 14472
360 18402
961 17797
14472 19015
14472 19053
14472 17950
361 13914
361 18455
361 9693
361 4984
361 7743
361 17960
18455 19916
9693 13174
7743 17897
7743 12068
7743 19173
7743 18305
362 3569
362 10405
362 11286
362 11068
362 14140
362 2829
3569 16169
3569 10280
3569 10976
3569 13218
3569 11447
10405 10628
11286 17138
11286 14037
11286 12266
11286 15572
11068 11762
11068 18863
14140 14918
14140 16394
2829 8996
2829 9135
2829 16976
363 3149
363 15379
3149 9497
3149 10226
3149 11557
364 12838
364 7799
364 11777
364 8568
12838 13778
12838 16956
7799 16197
11777 18979
8568 13764
365 7989
365 12295
7989 19158
7989 19721
12295 14176
12295 13158
366 6180
366 19850
366 9017
366 10790
366 4053
6180 19850
6180 15295
6180 11195
6180 10174
9017 9185
10790 16651
4053 4103
367 12009
367 3302
367 2854
367 13905
12009 14225
3302 6736
3302 4253
3302 8548
3302 18837
8187 13583
8187 14113
8187 19405
8187 11946
8367 17203
8869 19230
8869 10760
5098 13250
5098 19800
5098 5701
5098 7418
5098 8981
12485 16856
12485 12818
12485 17195
9117 11353
9117 9171
9117 17698
9117 16945
8797 10329
8797 18624
8797 19624
370 575
370 11988
370 3607
370 5393
370 10489
370 4944
370 2751
575 12083
11988 19010
11988 12228
11988 18628
3607 14772
3607 3961
5393 6222
5393 16562
5393 11286
5393 12978
10489 18962
4944 12843
4944 9567
2751 3151
2751 4321
2751 6755
371 14979
371 13582
371 11725
371 14921
371 9029
14979 16990
14979 17882
14979 17009
13582 19280
9029 14453
9029 15905
9029 14594
372 12289
372 13081
372 9871
372 9715
372 1659
372 6741
12289 13796
13081 15362
13081 15167
13081 18864
9871 11523
9715 12044
9715 18955
1659 6191
1659 17357
1659 9573
1659 14839
6741 12229
373 1251
373 15712
373 11750
373 12960
1251 2980
1251 10550
1251 3672
11750 15287
12960 13638
12960 18552
374 10294
374 12767
10294 11277
10294 16616
12767 16560
12767 17586
375 1850
375 1393
375 9897
375 7984
375 19644
375 8682
1850 7944
1850 9368
1850 14395
1393 6385
1393 19639
1393 18915
1393 13801
1393 4075
1393 12106
1393 13359
9897 17299
9897 15514
9897 15616
9897 16945
9897 14441
7984 19807
8682 11847
8682 13392
376 483
376 9450
376 10355
376 13597
376 11329
483 10674
483 2437
483 19032
9450 13945
9450 10888
10355 17086
13597 16321
13597 15068
8009 13091
2363 15041
2363 4953
2363 16929
12072 12553
12072 14893
3488 6990
378 15629
378 17451
378 15765
378 18613
378 13196
378 15845
15629 17562
15629 17326
15845 16604
379 9597
379 10308
9597 12503
9597 16981
9597 9903
10308 14969
380 19277
380 7619
380 2207
380 7323
380 18179
7619 16685
7323 7725
7323 9167
7323 8236
381 12345
381 13896
381 17343
381 3036
13896 17660
13896 16113
13896 14543
3036 12817
3036 18097
3036 15115
382 5475
382 2526
382 16469
382 13151
2526 9787
2526 17253
2526 3569
13151 17952
13151 16588
383 915
383 18078
383 4588
915 1321
915 11030
915 19200
915 14073
915 14904
915 14137
915 10373
915 16406
4588 5549
4588 17104
4588 8032
4588 6961
4588 16478
4588 15945
384 975
384 7984
975 3844
975 9818
975 19568
975 12474
975 17186
385 7117
385 10288
7117 15088
7117 10190
10288 14460
10288 10538
10288 14359
10288 10851
386 10928
386 11565
386 13102
386 7320
386 5790
386 11046
386 8754
386 16657
386 5375
10928 16992
11565 17966
7320 11178
7320 8876
7320 16049
7320 16948
11046 17000
11046 14707
11046 12387
8754 16179
8754 12771
16657 18528
387 11844
387 16311
11844 18005
11844 12838
388 14903
388 6605
388 15218
14903 16646
389 9077
389 6631
6631 9503
6631 10269
6631 13214
6631 13354
6631 14899
390 11261
390 1813
390 17319
390 13681
390 18333
11261 14050
1813 13536
1813 16139
1813 14118
1813 9742
1813 16157
1813 5027
13681 14132
13681 14429
391 12563
391 2909
391 11403
391 15278
392 9729
392 16029
392 5088
392 16550
392 2115
9729 13100
9729 14719
9729 15248
9729 10695
5088 19320
5088 14512
5088 8193
5088 11806
5088 9642
2115 11673
2115 5873
2115 18425
393 2857
393 4516
393 7824
393 443
393 5367
393 6036
2857 16066
2857 14908
4516 9225
4516 15054
7824 19535
7824 10003
7824 10446
7824 14432
7824 14878
443 10778
443 14609
443 10023
443 10317
443 1530
5367 6980
5367 15854
6036 10030
6036 11153
6036 17206
6036 9458
394 14442
394 15073
394 5663
394 2312
394 7030
14442 16172
14442 19696
15073 19281
15073 16779
15073 16219
5663 10319
5663 7049
2312 17303
2312 13715
2312 10422
7030 17094
7030 14617
395 7356
395 7157
395 1011
395 19879
395 14850
7356 14361
7356 8307
7157 13047
1011 14294
1011 11815
1011 7460
15175 19781
15175 16764
10276 19978
18754 19807
2868 14417
2868 19552
2868 10284
2868 16329
11418 19839
11418 16720
11418 16376
397 14774
397 2925
397 16871
14774 15464
14774 17560
14774 19674
2925 6883
2925 6333
2925 15162
2925 13903
2925 8314
2925 15716
16871 17144
398 8586
398 970
398 5924
398 17051
8586 15126
8586 19170
970 10551
970 2923
970 17348
970 10892
970 8772
5924 12001
5924 9539
5924 18577
399 17862
399 16110
399 19447
399 15011
399 8186
399 19846
8186 15930
8186 8235
8186 16170
8186 9288
400 4699
400 12334
400 14886
400 12223
4699 5281
4699 17564
14886 17510
14886 16189
12223 17028
401 11363
401 14966
401 7057
11363 17758
11363 16384
11363 13046
11363 16264
11363 14123
14966 19373
12833 14470
1604 5523
1604 3268
1604 15660
1604 17572
1604 11075
1604 14447
1604 14813
11398 18458
11398 18357
11398 13719
11398 17835
403 14582
403 18800
403 5428
14582 17079
14582 19861
5428 7419
404 2385
404 7857
404 18812
2385 13338
2385 14158
7857 9132
7857 12889
7857 10676
7857 9672
7857 16093
405 11214
405 10378
405 17367
405 6857
17367 17911
406 970
406 14451
406 6621
406 2754
406 2470
14451 17885
14451 17662
6621 18816
2470 9973
2470 5276
2470 13029
407 6101
407 8414
407 14654
6101 10008
6101 6559
408 4081
408 1316
408 9238
408 6427
4081 11496
4081 5866
1316 18219
1316 6447
9238 13833
9238 13737
9238 19197
9238 9428
9238 13999
9238 9981
6427 9743
6427 14085
6427 9948
409 7230
409 13251
409 6500
409 7536
6500 11776
6500 11397
6500 16071
6500 8174
7536 8345
410 8945
410 3402
410 10550
410 17048
410 6907
410 15331
8945 11564
8945 19687
3402 3969
3402 12526
3402 18410
3402 9037
3402 10167
10550 15419
10550 18278
10550 19398
6907 14649
6907 12910
15331 18359
411 12166
411 6406
411 7972
411 15156
411 2815
411 19192
12166 12356
12166 18942
7972 12782
7972 13243
7972 19814
7972 17606
412 8780
412 2931
412 4953
8780 14882
8780 16972
8780 10939
8780 13874
8780 14992
8780 9051
2931 15276
2931 4847
2931 5263
2931 16531
4953 19283
4953 10704
4953 12272
4953 14031
413 764
413 15273
413 6829
413 5870
764 5316
764 15992
764 12215
764 3022
764 9829
6829 15835
6829 15830
5870 15802
414 10846
414 3362
414 14590
414 5621
14590 17301
5621 18426
5621 15455
5621 18054
5621 17385
5621 17167
415 11882
415 10923
415 2149
415 17177
415 3070
415 7992
11882 17905
10923 17418
10923 15393
10923 13194
2149 8601
2149 4082
2149 6193
2149 3791
2149 17929
2149 17971
2149 4117
2149 8702
2149 14051
17177 18753
7992 18621
7992 13942
416 10142
416 8833
416 5061
416 16584
10142 16877
10142 16580
8833 15017
8833 15321
5061 11911
5061 12944
5061 6392
5061 12187
16584 17552
417 2621
2621 7695
2621 18803
418 8631
418 17608
418 13780
418 17757
8631 15996
8631 13413
13780 19854
13780 19685
17757 19669
17757 18368
419 17595
419 19772
419 3653
419 1362
3653 3936
3653 8014
3653 13692
3653 11389
1362 3111
1362 13768
1362 9865
420 14625
420 18546
420 14479
420 9381
420 15607
420 9235
420 15529
420 11204
420 13039
14625 14839
14479 18648
9381 18091
9381 14684
9381 17868
9235 17835
13039 13212
13039 14344
421 18517
421 1245
421 18110
421 17198
421 3767
18517 19336
1245 5525
1245 2363
1245 15565
1245 10247
17198 19381
3767 5078
3767 5200
3767 17282
3767 13198
422 3581
422 14926
3581 10111
3581 3812
3581 19519
3581 6400
14926 19183
14926 17343
423 13590
423 9691
423 10631
423 15429
423 13253
423 1713
13590 14932
9691 13719
9691 17963
10631 14929
10631 12341
10631 19149
15429 19220
13253 13296
1713 18068
1713 9832
1713 9543
1713 7936
1713 13341
1713 2266
424 4836
4836 7453
4836 15419
4836 19336
4836 10202
4836 9423
4836 19725
425 14874
425 16869
425 2986
14874 19806
16869 17763
2986 13062
426 19725
426 18104
426 9010
9010 12554
9010 9650
9010 10732
9010 10738
427 12661
427 14757
427 16055
427 14293
12661 19335
14757 15184
428 10424
428 17447
10424 13591
429 2087
429 1267
429 5540
429 3606
429 18815
429 19149
2087 19366
2087 16865
1267 11921
1267 5908
1267 1963
1267 12356
1267 4002
3606 4103
3606 7646
3606 9231
19149 19308
430 16676
430 519
430 19611
430 3530
430 5441
16676 19429
519 10700
519 790
519 9183
519 9627
519 7475
3530 11884
5441 15485
5441 16034
431 6359
431 13715
431 5974
6359 6871
6359 14225
6359 9835
6359 17212
6359 9928
6359 14166
13715 16289
13715 14583
5974 14724
5974 7238
432 2979
432 11646
432 9231
2979 16384
9231 16332
9231 10844
9231 11508
9231 19636
433 11289
433 14408
433 11991
433 19058
433 9786
11289 16670
11289 17917
14408 15871
434 15131
434 19259
434 17742
434 4654
434 12420
15131 17099
15131 16052
15131 15695
15131 18275
15131 18239
17742 18358
4654 18445
4654 10459
4654 14243
12420 16627
12420 19787
435 5137
435 8253
5137 11765
5137 15755
436 11912
11912 13292
437 2576
437 19159
437 938
437 3782
437 2771
437 12045
2576 13943
2576 6249
2576 14331
2576 5415
938 10607
938 10369
3782 9643
3782 17582
3782 8854
2771 10627
2771 18692
2771 15098
12045 18600
12045 18592
438 2338
439 11025
439 4359
11025 12434
11025 17502
11025 19446
4359 12997
4359 10269
4359 16358
4359 19885
6355 13409
6355 12337
10265 10705
3759 4101
3759 15609
3759 14879
441 18636
441 13372
13372 16669
13372 14327
442 7713
7713 9429
7713 17965
10778 11734
10778 13874
10778 11030
14609 17274
10317 12216
10317 10989
444 18850
444 1836
444 7947
7947 9338
7947 11529
445 10098
445 2459
445 19872
445 8658
445 9416
10098 13104
10098 19454
10098 17726
10098 13373
10098 16076
2459 15632
2459 3575
2459 19153
2459 4266
2459 3089
2459 4025
8658 13453
8658 10928
9416 10100
446 5727
446 9160
5727 12392
5727 19089
5727 17040
5727 16548
9160 16626
9160 9564
9160 19271
9160 16823
9160 15841
9160 11639
9160 14734
447 5386
447 7493
447 2291
7493 17872
2291 8506
2291 16443
2291 15727
2291 19081
2291 14684
2291 18901
2291 14159
2291 11910
5485 8120
5485 9887
5485 6761
8008 11983
8008 11471
8008 13598
8008 13994
8008 17155
9272 10087
449 7765
7765 17900
450 7523
450 5992
450 3369
450 6639
450 16400
7523 12601
7523 13161
7523 8370
7523 16693
7523 11042
7523 18523
5992 13554
3369 11982
3369 10559
3369 10263
3369 5658
3369 12153
6639 16785
6639 17620
6639 14026
6639 11943
451 1145
451 8246
451 6015
451 12697
451 6093
451 8192
451 6351
1145 7581
1145 16164
1145 13779
1145 10212
1145 5725
8246 13818
8246 13332
8246 9196
8246 14217
8246 18820
6015 11679
6015 18293
12697 16248
12697 16730
12697 15399
6093 13937
6093 9558
8192 18251
8192 13991
8192 11200
6351 14090
6351 18765
6351 9753
452 17247
452 4566
452 11736
452 13816
452 17493
4566 7443
4566 18690
11736 19662
11736 13637
13816 18361
453 6371
453 18523
453 14804
453 10354
6371 16034
6371 11650
10354 17635
10354 13040
454 6115
454 17903
454 11061
454 18292
454 18718
6115 12221
6115 10185
6115 6281
6115 8729
17903 19650
18292 18562
455 16713
455 18351
455 5091
18351 19362
5091 18193
5091 17525
5091 12088
5091 13093
456 7558
456 5933
7558 17886
7558 19533
7558 13521
7558 7568
7558 19810
7558 19469
5933 16027
5933 7224
457 4605
457 6371
457 3596
457 9577
4605 19733
4605 16507
3596 4499
3596 12216
9577 15566
9577 17894
458 17877
458 12488
458 17070
12488 13929
12488 17647
12488 15284
12488 13665
12488 19970
12488 16152
459 9867
459 19260
459 3051
459 9680
9867 15106
9867 13369
3051 16437
3051 15618
9680 13448
9680 16479
460 15596
460 13565
460 3166
15596 15709
13565 14056
3166 10570
3166 14428
3166 5221
3166 5407
461 18869
461 5803
461 4850
5803 8429
5803 14976
4850 12079
4850 16430
4850 12054
462 2844
462 664
462 14656
462 17454
462 8426
462 1071
2844 6527
2844 15539
2844 10448
2844 19426
664 14434
664 8677
664 6868
14656 17050
8426 11764
8426 17007
8426 15889
1071 18443
1071 19848
1071 11464
1071 16326
463 1504
463 2307
1504 7653
1504 18807
1504 16361
1504 19497
464 8495
464 19289
464 18388
464 12529
18388 18571
18388 19627
12529 15672
12529 13172
465 8317
8317 15342
8317 9132
466 5494
466 18701
466 6918
466 11135
466 4592
5494 13775
5494 7631
5494 11666
5494 18901
5494 16342
5494 19723
11135 13067
11135 11600
4592 16187
4592 10742
4592 15068
467 2933
2933 5034
2933 3883
2933 15714
468 2416
468 11111
2416 13702
2416 14914
2416 8596
11111 19429
11111 12719
469 5128
5128 11451
5128 19361
5128 11118
470 16888
470 11408
11408 15266
6964 7107
6964 7939
13839 19895
17374 19795
8351 10478
8351 9920
472 16866
472 15547
472 622
472 3057
472 4593
15547 18620
15547 18672
15547 15911
15547 18201
622 13994
622 14111
622 13952
622 5531
622 3400
3057 7154
3057 4816
3057 18357
4593 9965
4593 6142
4593 10268
473 11981
473 4647
473 2161
473 3492
473 17281
473 591
473 17133
11981 14706
11981 13824
4647 13196
4647 8148
2161 4905
2161 16728
2161 18845
2161 11490
2161 17857
2161 4374
2161 2919
3492 7886
3492 11509
3492 6196
3492 8736
3492 10250
3492 7495
591 10621
591 8887
591 10146
591 2777
591 7989
591 3925
591 15851
17133 18032
474 10879
474 17200
474 10517
10879 16027
10879 13934
10879 13853
475 6941
475 3992
475 5617
6941 15476
6941 17635
3992 9499
3992 19399
3992 15253
3992 13911
5617 12297
5617 15551
5617 9475
476 3099
476 15894
476 9424
476 6131
3099 16008
9424 16032
6131 16332
6131 18163
6131 16221
477 651
477 2419
477 4455
2419 3066
2419 5397
2419 13280
2419 3548
2419 17928
2419 14743
4455 10401
4455 8019
478 739
478 13114
478 4429
739 6060
739 3702
739 15147
739 19178
13114 19607
11119 12025
11119 19529
11119 17500
7262 11340
7262 15271
7262 16873
480 1574
480 4457
480 8055
480 11058
480 18253
480 5890
480 15664
480 6184
480 2168
1574 6816
1574 16004
1574 3791
4457 4645
4457 15167
8055 9619
8055 15930
8055 16391
8055 10920
11058 12148
11058 12277
11058 13350
5890 12503
5890 14641
15664 16892
6184 16863
6184 7648
6184 12274
2168 12700
2168 11040
481 17490
481 9518
481 6182
17490 19141
17490 18503
9518 17178
6182 17323
6182 11427
6182 12671
6182 8856
6182 16415
6182 19510
1578 15752
1578 17387
1578 10794
1578 10366
7005 19391
10674 19940
484 4882
484 4968
4882 11067
4882 16522
4882 16604
4882 7328
4882 19939
4968 5207
4968 9575
485 9151
485 15006
485 9532
485 3882
485 11684
485 7798
9151 18886
9151 9337
9151 13687
3882 19210
3882 19423
3882 9894
3882 6492
11684 16798
11684 12693
7798 12858
7798 9914
7798 14149
486 6535
486 5326
486 16886
486 18153
6535 17631
6535 12319
5326 9757
5326 13839
16886 17275
16886 17971
16886 17564
16886 19684
18153 19288
487 4066
487 8654
487 11385
4066 10639
4066 16575
8654 14260
8654 16064
8654 14871
488 1630
488 6240
488 19820
488 16846
1630 16628
1630 8230
1630 11392
6240 6679
6240 11675
6240 18224
489 12782
489 13980
489 11443
489 16958
489 17875
12782 14182
13980 18870
11443 16060
11443 18055
11443 13525
490 2600
490 15461
490 4126
490 15118
490 18807
490 2878
2600 4901
2600 8392
2600 13025
2600 6030
4126 17665
4126 8839
4126 14236
4126 15010
4126 17207
15118 16833
2878 14894
2878 7760
491 16615
491 10456
491 13373
491 5084
16615 18326
16615 18455
10456 14653
5084 17502
5084 19129
5084 9505
492 18152
492 1959
492 6484
492 8689
492 7499
492 2565
492 3362
1959 15046
1959 19945
1959 13456
6484 7509
6484 17488
6484 19600
8689 18053
8689 14418
8689 16054
8689 10044
7499 18012
2565 14098
2565 8119
2565 13928
493 16759
495 10270
495 17593
495 17158
495 5722
495 2205
495 18247
10270 14444
10270 16054
10270 19568
2205 3300
2205 11544
2205 8694
496 6832
496 11044
496 5002
11044 13552
5002 5117
5002 18904
5002 17210
5002 19930
497 15021
15021 16421
498 1341
498 4983
498 7680
498 14782
498 15898
1341 13304
7680 18463
7680 10162
7680 10160
14782 14795
15898 16087
499 9797
499 2213
499 2185
9797 15409
2213 3312
2213 17964
2213 15802
2213 15036
7456 17198
7456 12455
7456 19759
7456 12156
7456 16570
10130 19826
501 19298
501 6412
501 15888
19298 19350
6412 8065
15888 17840
15888 16380
502 13801
502 16182
13801 13948
13801 13853
503 19356
503 6581
503 19538
503 9314
503 1778
503 7373
503 3539
503 5856
503 7451
503 14031
503 14680
6581 13607
9314 9853
1778 4637
1778 6103
7373 10394
7373 16616
7373 15698
3539 17193
5856 15733
5856 16547
5856 10490
5856 10687
5856 16788
5856 16065
7451 15803
7451 10461
7451 9139
7451 9854
7451 9569
7451 13501
14031 15010
14680 15757
504 13689
504 15367
504 18571
504 13323
504 9505
504 17287
13689 18546
15367 18137
18571 19045
13323 14130
9505 14942
9505 12515
505 7732
505 4157
505 15478
505 14704
505 4699
7732 12633
7732 9776
7732 9976
506 1351
506 849
506 7754
506 6447
506 12376
506 6832
1351 15220
1351 14277
849 2154
849 13657
849 7646
849 19918
7754 12837
7754 11810
6447 13160
6447 7978
6447 6852
6447 12868
12376 18800
18893 19276
508 15602
508 10777
508 6688
508 8111
508 17687
10777 14847
6688 14043
8111 12676
17687 17788
17687 19805
509 14930
509 14689
509 19354
14689 16271
510 16060
510 4758
510 15670
510 2772
16060 19636
4758 11156
4758 18498
4758 11707
4758 10236
2772 9031
2772 4496
2772 9887
2772 3325
511 10530
511 3152
10530 18719
10530 17469
10530 19643
3152 8372
3152 13825
3152 19726
512 8972
512 3646
512 4387
512 14336
512 6498
512 17442
8972 11162
8972 10259
8972 14430
3646 15413
4387 17308
4387 10111
4387 18936
4387 18597
4387 10100
6498 7249
6498 12931
6498 16003
513 16935
513 2534
16935 19834
16935 17210
2534 8686
2534 4478
2534 8713
2534 12161
514 18614
514 3083
514 18463
514 9981
3083 11184
9981 14063
9981 19560
9981 19921
9981 10586
515 12864
515 13494
515 15973
12864 18855
12864 19206
13494 19580
13494 16707
516 4605
516 8764
516 16660
8764 18122
8764 12755
8764 15104
8764 15246
517 19497
517 12953
12953 13480
12953 17118
518 19921
518 5123
518 4074
518 9513
5123 15372
5123 6906
4074 18820
4074 8841
4074 17677
9513 14919
9513 19804
9513 13345
10700 14234
10700 16628
10700 15235
790 14999
9183 18681
9183 9701
9183 18502
9627 18102
9627 14430
7475 16696
7475 19518
7475 8489
520 15991
520 17589
520 8540
520 9560
9560 10837
9560 15817
9560 10765
521 5783
521 16964
521 1906
5783 7064
5783 14900
5783 10723
5783 11719
5783 14850
16964 18029
1906 10461
1906 16597
1906 4475
1906 11982
1906 3024
16587 18117
16587 19846
2241 13112
2241 10532
2241 12569
2241 8855
2241 4786
2241 13748
2241 19658
2241 18123
2151 2945
2151 18249
2151 18403
2151 9854
2151 18209
11299 19437
7159 15556
7159 19830
523 6731
523 5723
523 10640
6731 15402
10640 18325
10640 12141
10640 13629
10640 13921
10640 17891
524 2343
524 8695
524 13694
524 1224
524 6870
13694 18567
1224 3712
1224 18077
1224 11516
1224 17567
1224 15936
1224 9322
6870 14462
6870 13118
525 5165
525 14623
525 18646
525 3444
525 4579
5165 7560
5165 18126
5165 16322
5165 9265
5165 10519
5165 9679
14623 17317
14623 15054
3444 3990
3444 4600
3444 17989
4579 17421
4579 5672
4579 10295
4579 15513
4579 17480
4579 17924
4579 17461
4579 9239
4579 16237
4579 16123
526 613
526 9837
526 5424
526 8943
526 15874
526 9854
613 2425
613 5636
613 5995
9837 10030
9837 11896
5424 14384
5424 19217
8943 10412
9854 11725
9854 14863
527 6137
527 12619
527 6234
6137 18918
6137 7858
6137 13716
528 8238
528 13903
528 16464
528 6377
528 16367
528 13653
528 3653
528 7419
8238 12142
8238 8458
6377 14986
13653 15239
7419 13306
7419 12603
7419 8533
529 18124
529 1978
529 16578
529 5833
529 6262
1978 4438
1978 17928
1978 3337
1978 12225
1978 3653
1978 3868
16578 17641
5833 5967
5833 9868
5833 16714
5833 10327
5833 9237
5833 6556
6262 9125
6262 8590
6262 6696
530 16570
530 4082
530 11283
530 6742
530 13176
530 14759
16570 18396
4082 16818
4082 16635
4082 13261
4082 15046
11283 12675
11283 16108
6742 19099
6742 17902
6742 8824
6742 11102
6742 14744
6742 9011
6742 9319
13176 19480
13176 15513
13176 14063
531 1470
531 4843
531 6075
531 10797
1470 14704
1470 3458
1470 13446
1470 8700
1470 3316
1470 3813
4843 15598
4843 18357
4843 15381
6075 14116
6075 9385
10797 10877
532 8021
532 18797
532 5770
8021 11699
8021 15689
5770 10808
5770 6343
5770 18975
5770 8941
533 5818
533 8903
5818 10407
5818 18012
5818 8914
5818 13176
5818 15222
534 2615
534 10832
534 17336
2615 19177
2615 11208
2615 14726
2615 12417
10832 15352
10832 19366
535 19358
535 17250
535 6735
535 11189
6735 19107
11189 13366
536 10971
536 15008
536 13537
536 12977
15008 15032
15008 18432
15008 15801
13537 18057
13537 17942
12977 13023
12977 18305
12977 16016
537 10561
537 768
768 15354
768 10027
768 7317
768 4838
768 11543
768 8148
768 11765
538 9855
538 4007
538 12645
9855 18051
9855 18053
4007 9939
4007 12373
4007 17706
12645 15584
12645 18020
12645 17892
12645 19845
539 3766
539 7150
3766 17780
7150 17956
7150 10075
540 974
540 1080
540 2587
540 13807
1080 3687
1080 15086
1080 1847
2587 13304
2587 14176
2587 19681
2587 10485
13807 18336
13807 16041
743 16507
743 12505
2055 19693
2055 2615
1189 8080
1189 9170
1189 5440
1189 11738
1189 9575
3949 18611
3949 11685
3949 14811
3949 8449
3949 12140
542 7813
542 4648
542 5891
542 6890
542 16647
4648 13321
5891 19569
5891 7286
6890 17791
543 19944
543 12400
544 12695
544 11212
12695 18738
12695 16742
545 16959
545 7029
545 13257
7029 16230
7029 7111
7029 17872
7029 14633
546 4038
546 14653
546 17615
546 1351
546 1118
546 5735
4038 18608
4038 16193
4038 18890
14653 16258
17615 18911
17615 19767
17615 18733
5735 15373
5735 8755
5735 6071
547 9638
547 6500
547 11619
9638 12480
9638 19413
11619 12826
11619 14991
548 9155
548 657
657 12386
657 16865
657 2192
657 3988
549 19207
549 19762
549 12058
12058 14696
550 19131
550 15256
550 4985
550 19947
550 10757
15256 18103
15256 17210
4985 6339
4985 14312
10757 13884
10757 17252
10757 11185
551 17447
551 7127
551 14264
551 1351
551 15742
14264 17742
552 13096
552 18632
13096 19995
553 17774
553 16314
553 18094
553 17074
18094 19674
554 17565
554 13553
554 9203
554 2825
554 18346
554 12421
13553 17058
13553 17363
9203 14810
9203 15764
2825 11209
2825 16106
2825 12108
2825 12935
12421 19820
555 15268
555 18935
555 14945
15268 16322
556 19838
556 10230
556 2197
556 6004
10230 19937
10230 18096
10230 16458
2197 14250
2197 4268
2197 3597
2197 8523
2197 5755
2197 15191
6004 17190
6004 12625
6004 9455
557 4712
557 7815
557 12940
4712 6897
4712 8882
4712 12598
4712 17129
4712 15464
4712 9970
7815 7883
7815 16223
12940 15891
558 2530
558 9685
558 9458
558 13637
2530 17717
559 11437
559 16820
559 12735
559 5221
11437 15693
16820 17237
12735 19068
12735 16000
12735 13365
5221 16426
5221 9795
5221 11313
560 7898
560 1413
560 5943
560 7058
560 16083
560 11393
560 11160
560 10579
7898 9525
7898 9831
7898 15556
1413 8297
1413 8431
1413 10999
1413 15091
1413 17020
5943 16662
5943 18369
5943 13371
5943 18045
7058 8223
7058 14507
11393 14813
10579 11922
561 17588
561 16180
561 3600
561 17164
561 4680
561 4511
561 1184
16180 18148
16180 17453
3600 8999
3600 8489
3600 11651
4680 16102
4680 11328
4511 16736
4511 12020
562 4587
562 19440
562 8902
562 14217
4587 16185
4587 11809
8902 17549
14217 18247
14217 15746
563 11244
563 2734
11244 13526
2734 4242
2734 5642
2734 9849
2734 11992
2734 4204
2734 2822
564 17064
564 12806
564 19074
564 3502
564 5365
564 1234
564 15233
17064 17568
12806 15488
12806 19660
3502 14013
3502 11408
3502 15078
3502 12372
3502 12049
3502 15723
3502 18964
5365 13469
5365 8498
5365 6478
5365 17231
5365 9200
5365 5795
1234 1868
1234 16396
1234 16074
15233 17607
565 11941
565 8001
565 10462
11941 19687
8001 15689
8001 16784
10462 19583
10462 12463
566 16357
566 10869
566 6470
566 3578
16357 18086
10869 14495
10869 15458
10869 13694
6470 16441
6470 18235
3578 13374
3578 4346
3578 12928
3578 9034
3578 5607
3578 11682
567 16360
567 12566
567 15752
16360 18200
12566 16334
15752 18491
15752 16301
568 14975
568 5048
568 2265
14975 19179
569 19830
569 1521
569 2526
569 5546
569 14066
569 3037
569 15493
1521 17425
1521 16758
1521 10138
1521 3568
5546 15676
5546 19567
5546 10207
5546 15489
5546 9892
5546 19772
14066 14230
14066 15476
3037 17566
3037 18519
3037 13674
3037 18634
3037 18724
3037 4123
570 13773
570 16314
570 12486
570 9370
570 19003
12486 17293
12486 16921
9370 18222
9370 17918
571 17825
571 16568
571 15759
571 11384
571 13946
571 6113
571 7066
571 14280
11384 15563
13946 15270
6113 8101
6113 18214
6113 10764
6113 19500
6113 7108
6113 17042
7066 7107
7066 16456
7066 12929
7066 9711
7066 18898
572 15871
572 2334
572 11849
572 4637
2334 13440
2334 12698
2334 16357
11849 16878
11849 18451
4637 9120
4637 18735
4637 16866
573 9364
574 16634
574 8628
574 2186
8628 12927
8628 10910
2186 6690
2186 19469
12083 16384
12083 16956
12083 15411
576 1397
576 14957
576 17360
1397 4564
577 18566
577 2388
577 18800
577 2531
2388 17501
2388 13164
2388 17106
2388 15311
2531 5173
578 14178
14178 19370
14178 14299
14178 19887
14178 14642
14178 17419
579 2137
579 11726
579 17496
2137 18420
2137 18110
2137 7338
2137 4305
2137 15493
580 8315
8315 17827
8315 16164
8315 17154
581 14463
581 16084
581 4329
581 17871
581 12696
581 11396
581 13258
16084 17703
4329 11805
4329 12337
4329 11186
12696 15605
12696 15434
11396 16207
11396 12293
11396 17340
582 18764
582 6168
582 3912
582 739
582 16945
6168 15216
6168 14778
6168 18359
6168 11655
3912 17261
3912 18773
3912 10025
3912 9288
3912 19398
3912 4805
16945 17722
583 6901
583 6553
583 14104
6553 8253
6553 13510
14104 15081
14104 16666
584 15158
15158 17052
15158 18781
15158 15479
585 16382
585 2282
585 14989
585 14909
585 10918
585 4019
585 10015
585 17497
585 11156
585 15103
2282 17484
14989 18817
14989 15721
14989 17384
14989 19265
14909 19309
10918 12649
10918 12074
10918 11202
10918 15092
4019 14390
10015 10879
11156 16781
11156 19604
11156 11187
586 5678
586 12673
586 12001
586 1557
586 11414
586 19280
586 5495
5678 5890
5678 13895
5678 7058
12673 15042
1557 4329
1557 1797
1557 15268
1557 3046
1557 17887
1557 6168
11414 19518
11414 18267
5495 11021
587 11084
587 11509
587 19535
587 15871
587 5845
587 9066
11084 14572
11084 18608
11084 14088
11084 14271
11509 19238
5845 7632
5845 14388
5845 19674
5845 11034
9066 18166
9066 16094
9066 11625
9066 17707
9066 17651
9066 18475
10624 11509
589 3532
589 17884
589 5544
589 9945
589 4755
589 1252
3532 14738
3532 13449
17884 18026
17884 19680
5544 10851
5544 14462
5544 7288
5544 17729
9945 13883
9945 18713
4755 8505
4755 17325
1252 1414
1252 10522
1252 8217
1252 7140
1252 14964
1252 16866
590 9891
9891 17425
10621 14050
10621 19267
10146 19418
2777 16942
2777 19920
2777 8508
2777 3923
3925 16725
3925 16850
3925 12538
3925 8912
3925 6296
592 13723
592 6690
592 13610
592 19173
592 19235
592 5926
6690 8340
6690 19388
6690 16711
13610 15948
13610 15308
13610 18395
5926 15968
5926 9084
5926 17882
5926 8735
594 5098
594 5775
594 5936
5775 17269
5775 15006
5936 8335
5936 16714
5936 16820
595 2873
595 1021
595 19168
595 14850
2873 9818
2873 10869
2873 3266
1021 18494
1021 8852
1021 12051
1021 13607
1021 14094
1021 2349
596 8982
596 19936
8982 17573
8982 19586
8982 11735
597 12686
597 10729
597 5607
597 13951
597 7383
10729 10749
10729 15462
5607 11284
13951 16634
7383 8386
7383 11498
598 9246
598 14748
598 4437
598 5104
9246 18439
9246 14849
9246 19137
4437 16914
4437 13768
5104 7835
599 9444
599 18456
599 14977
9444 15361
9444 16815
18456 18483
14977 15329
14977 17066
1946 2984
1946 15661
1946 6075
1946 3550
1946 15331
1946 11213
1946 3554
1946 17978
8535 12918
601 15794
601 11192
601 10074
601 13771
15794 17856
11192 19307
11192 18018
10074 15068
10074 14372
13771 19363
602 14720
602 10693
602 15886
602 19290
10693 11520
10693 10724
603 19469
603 13558
603 19371
13558 14016
13558 17203
604 1857
604 6742
1857 16749
1857 17616
1857 5512
1857 9070
1857 14037
1857 13845
1857 7387
605 5481
605 9073
605 8884
605 13790
605 9733
605 11643
605 5272
8884 9014
13790 13874
13790 18170
13790 15943
9733 12778
9733 14165
9733 10381
9733 12033
11643 14110
11643 19450
11643 12895
11643 19732
11643 17957
5272 19852
606 1080
606 16079
606 18266
607 13589
607 1642
607 15312
607 3955
607 9393
607 9013
607 19393
13589 18507
13589 14818
13589 19568
1642 8068
1642 14823
3955 14403
3955 12660
3955 10473
9393 11887
9393 14903
608 9280
608 18444
608 19987
9280 10934
9280 11807
9280 9758
9280 14265
609 15738
609 14566
609 15027
609 6370
609 2553
14566 19527
15027 15065
15027 16732
15027 18180
6370 7770
2553 12705
2553 7918
610 11643
610 5707
610 6835
610 16610
610 13753
610 16810
610 4836
610 5983
5707 11468
5707 14385
6835 19259
13753 19826
13753 19732
5983 10346
5983 6990
611 19888
611 18393
611 5630
611 13621
611 1573
13621 17809
13621 16287
1573 2054
1573 16962
1573 4899
1573 15763
612 6722
612 5228
612 8999
6722 19047
6722 14962
6722 15620
6722 12464
6722 9144
5228 9744
5228 9754
5228 18889
5228 16958
5228 18741
5228 16708
8999 10724
2425 18350
2425 2606
2425 6176
2425 10158
2425 2663
5636 5768
5636 7703
5636 13159
5995 8063
5995 17709
5995 10737
5995 12524
614 16139
614 18791
16139 16450
16139 19493
615 14494
615 18018
615 19741
615 6101
615 11947
615 3839
11947 13240
11947 17590
3839 11970
3839 17048
616 5651
616 14936
616 16305
616 9346
616 10760
616 16126
5651 13716
5651 19732
5651 12844
5651 16619
5651 18406
5651 13351
14936 18642
14936 15354
16305 18338
9346 19249
9346 10411
10760 17990
10760 19541
16126 18452
9660 16278
9660 19540
619 14175
619 8357
14175 17718
8357 13481
8357 9568
620 3314
620 6453
3314 12942
3314 12359
3314 18689
6453 15424
6453 10428
6453 11711
621 2081
621 13948
621 8507
621 15120
2081 18405
2081 14819
8507 16744
8507 15910
8507 13022
8507 15993
8507 11815
8507 11446
8507 11919
8507 19825
15120 18062
13994 18591
14111 16332
13952 15412
13952 19339
5531 13850
5531 7091
3400 15116
3400 17206
623 3680
623 13542
623 6415
3680 19419
3680 18650
3680 11567
3680 19824
624 11186
624 7356
624 15108
624 8521
624 15116
11186 13564
15108 16907
8521 14669
625 2791
625 11525
625 18635
2791 13485
2791 7402
11525 12732
18635 18860
626 1907
1907 11125
1907 16332
627 7415
627 7527
7415 9988
7415 19442
7415 18286
7527 10623
628 987
628 17987
987 2916
987 10735
629 5047
629 4129
629 3241
629 2842
629 10773
629 8292
3241 8930
3241 14998
2842 8749
10773 14137
10773 18500
8292 15390
8292 14641
630 14124
630 3357
630 15505
630 12312
3357 16479
3357 18406
3357 14635
3357 9641
3357 14952
631 18562
631 14597
631 13177
631 7628
14597 19199
14597 19921
14597 18911
14597 15335
13177 16521
7628 16260
7628 18530
7628 17621
9596 12376
9596 19653
1650 15888
1650 6870
1650 12724
1650 15750
8215 16463
8215 14210
8215 12344
8215 11326
633 17332
633 14254
633 989
633 5813
14254 17900
14254 15641
989 4284
989 1401
989 4817
989 4408
5813 6129
5813 8479
5813 11528
634 4783
634 11430
634 11330
4783 9785
4783 5349
4783 11478
4783 9807
11330 14322
635 16901
635 18664
635 6705
635 15002
635 14360
635 10565
635 9457
18664 19906
6705 7762
6705 16144
10565 16293
10565 13566
9457 15260
636 12198
636 13683
636 16823
12198 13292
637 14548
637 11274
637 15174
11274 12474
11274 17987
638 8748
638 13772
638 12662
638 13695
638 1066
638 10953
638 8571
8748 9896
8748 16214
12662 19011
12662 19399
12662 14488
13695 18882
639 18735
639 11506
639 4060
639 2863
639 11277
11506 11591
11506 18673
4060 19807
2863 14012
2863 3069
2863 16410
2863 12624
11277 13873
11277 13467
640 764
640 5630
640 18478
640 2344
2344 15543
641 10296
642 1430
642 18511
1430 8207
1430 3271
1430 12612
1430 15924
1430 13191
18511 19653
18511 18761
18511 19376
643 2213
643 19322
643 4917
643 8542
643 14649
4917 10526
4917 8068
4917 18654
8542 16807
8542 19280
8542 12194
14649 16046
644 11764
644 17696
11764 11983
645 19486
645 5504
5504 13372
5504 14748
5504 12384
5504 17449
646 17342
646 14946
646 11922
646 4885
14946 18139
11922 19420
647 1995
647 9218
1995 9973
1995 13147
1995 8583
1995 2033
1995 13367
9218 13680
9218 12035
648 1492
648 19111
648 2067
648 4211
648 7530
2067 7659
2067 2677
4211 17495
4211 6199
4211 8119
4211 16812
7530 14760
7530 19012
7530 17557
7530 15634
649 12237
649 7024
649 16254
649 1102
649 16186
649 16753
12237 14945
12237 19325
7024 12819
7024 8515
16254 19210
16254 18552
1102 5396
1102 16468
1102 6187
16186 18678
650 18311
650 1963
650 4995
650 13056
650 13023
650 15651
650 16738
18311 19527
1963 15809
1963 7217
1963 16894
4995 10970
4995 19763
4995 9560
13056 17663
15651 16271
15651 17702
652 17033
652 10744
17033 19150
17033 19891
10744 15752
10744 16310
10744 17435
10744 17962
653 10801
654 11828
654 11434
654 15765
654 12511
654 14856
11434 17758
11434 13109
11434 11798
655 19649
655 1134
1134 16207
1134 10943
1134 4528
1134 7364
1134 14616
1134 11755
1134 18252
656 1137
656 1650
656 14293
656 17780
656 9033
656 1664
1137 5046
1137 18638
1137 6588
1137 2734
1137 9319
9033 13003
9033 9740
9033 16471
12386 17296
12386 18636
16865 18684
2192 9973
2192 6789
2192 10463
3988 5985
3988 8963
658 3728
658 14578
658 11319
3728 16943
3728 5483
3728 11132
3728 14749
3728 7692
3728 4613
14578 15829
14578 16135
11319 16725
11319 15460
11319 13817
11319 11465
659 3526
659 16369
659 1264
3526 10090
3526 7638
3526 13783
3526 10790
1264 4037
1264 2918
1264 9698
1264 5265
1264 2135
1264 8392
660 5561
660 996
660 19211
660 9899
660 9080
5561 8225
5561 19978
5561 18714
996 17952
996 15970
996 8401
996 3613
9899 11809
9080 18011
9080 18790
661 15671
15671 16322
662 13336
662 9588
662 18135
18135 19059
18135 18770
663 6018
663 10119
663 6831
6018 15848
6018 9406
6018 7344
10119 16833
10119 17044
10119 19505
10119 14038
10119 12106
6831 19429
6831 9114
6831 15696
14434 18121
14434 15615
14434 19567
8677 11586
8677 11990
8677 14300
6868 19690
6868 7490
6868 14230
4640 19180
4640 7092
4640 5482
4640 18838
4640 7519
15582 16988
3209 19899
3209 13777
3209 5356
2798 16356
2798 5233
2798 3426
2798 10611
2798 9605
12207 15041
667 10000
667 3150
10000 13180
10000 10375
10000 18866
3150 13963
3150 10279
3150 9673
3150 7448
3150 9375
3150 9323
3150 18082
3150 11793
13266 14674
13266 17413
6153 8558
6153 17458
5112 16196
669 1598
669 11214
669 16345
1598 6711
1598 19241
18524 19906
671 8788
671 943
671 9816
671 11997
671 9736
8788 19711
8788 10152
8788 17393
8788 10158
8788 13830
8788 18152
943 7955
9736 18615
672 6072
672 8741
672 6982
672 12603
672 10330
672 7994
6072 12055
6072 12948
6072 7628
6072 19446
6072 15961
6072 17851
8741 12983
8741 15304
8741 18014
8741 9278
12603 19614
12603 15091
10330 13388
7994 17007
673 19417
673 13509
673 19400
673 18289
673 4844
674 9542
674 5993
674 17452
674 15903
674 16491
9542 10584
9542 12917
5993 9008
5993 14324
5993 15436
5993 17703
5993 14230
17452 19970
16491 16633
675 2244
2244 2709
2244 18342
2244 19311
2244 3963
2244 8040
2244 3168
676 15657
676 16672
676 4204
676 15405
676 18297
15657 17598
15657 17618
16672 18480
4204 18263
4204 15305
15405 16771
15405 15435
677 16861
677 5743
5743 6648
5743 8774
5743 18099
5743 6836
678 18293
678 4478
678 15285
678 3349
678 3524
4478 5381
4478 18873
4478 5031
4478 12648
3349 5642
3349 18179
3524 8651
3524 17486
3524 12662
3524 19492
679 5695
679 19156
679 2310
679 9055
679 4589
679 944
679 9778
5695 8805
5695 11395
5695 16329
5695 14538
2310 4691
2310 18539
2310 12324
2310 8139
4589 12678
4589 14144
4589 15802
944 14844
944 16063
944 1413
944 10656
944 2844
9778 19019
9778 14913
680 17159
680 15593
680 6714
15593 19665
6714 16846
6714 11979
6714 6997
6714 7683
2484 3839
5697 12969
5697 18986
11614 12883
11614 12939
15053 15446
6903 16377
6903 17362
6903 11101
6903 15742
6002 15420
6002 16659
6002 7812
6002 18348
682 16995
682 6569
682 4171
682 5118
682 14002
682 10773
682 2468
682 16300
682 5416
682 13472
6569 11124
6569 11209
6569 8503
4171 14940
4171 9372
4171 13434
4171 19070
5118 14325
5118 12716
5118 17686
5118 11877
2468 11984
16300 16518
16300 19692
16300 18297
5416 13212
5416 17138
5416 5760
13472 15087
13472 17853
683 16704
683 3119
3119 16936
684 9730
684 2076
684 11239
684 15814
684 18467
9730 10403
9730 10005
2076 6560
2076 9044
2076 18736
11239 13925
11239 16787
15814 18200
15814 17349
685 16639
685 19353
685 11751
685 3231
19353 19477
11751 13342
3231 17368
686 18876
686 7990
686 5417
686 19266
7990 11116
7990 16242
7990 13364
7990 15017
687 2459
687 8469
687 2886
687 11704
687 16739
687 7018
8469 18201
8469 16763
2886 4601
11704 12465
11704 13805
11704 18224
16739 17994
16739 19456
16739 17387
7018 16841
7018 12443
7018 18282
7018 19747
7018 7202
7018 8865
7018 11458
688 12095
688 11420
688 3973
688 16066
688 19141
688 5331
688 11352
688 18727
688 8232
12095 19674
11420 12052
11420 15626
3973 15147
3973 6902
3973 14037
5331 11939
5331 15719
11352 11370
11352 15238
11352 15840
11352 11643
18727 19224
8232 16418
689 17693
689 12915
689 11290
689 7856
689 5507
689 8366
689 14516
689 12244
689 3069
17693 19076
12915 16489
11290 17077
7856 10403
7856 17645
7856 19821
7856 16994
5507 17921
8366 16530
8366 9906
14516 16129
14516 16016
3069 12979
3069 13091
690 13151
690 14326
690 18327
691 1373
1373 9350
1373 18432
1373 5351
1373 18389
1373 4426
692 16029
692 12066
692 6993
692 15984
6993 14167
6993 13501
6993 17915
15984 19926
15984 18895
693 18021
693 5726
5726 15527
694 11594
694 10823
694 10449
694 1330
694 17118
11594 15750
10823 11229
1330 16840
1330 19032
1330 9122
1330 11688
17118 17253
695 968
695 16899
695 12286
695 6372
695 19866
695 7144
695 10760
968 6094
12286 17616
12286 14867
6372 15520
7144 7237
7144 11440
7144 16559
7144 11187
696 16413
696 1772
696 18060
1772 19013
18060 18328
697 12424
697 1921
12424 13828
1921 10078
1921 7989
698 14146
698 6717
698 3313
698 8706
14146 16248
14146 15038
6717 11675
6717 8118
3313 3869
3313 13490
8706 18929
699 8146
699 5488
699 19847
699 5580
699 7673
699 7843
8146 11742
5488 15692
5488 16199
5488 17069
5488 15610
7673 9015
7673 17694
7673 10878
7843 17369
7843 11357
7843 13871
700 16339
700 8297
700 6211
700 10942
700 850
16339 18491
16339 18464
8297 9019
8297 9993
8297 15422
6211 16758
6211 8944
6211 16513
6211 18997
6211 17771
6211 11298
6211 16124
850 7390
850 2937
850 1301
701 12068
701 5324
701 5558
701 5015
701 5193
701 8745
701 6667
12068 19809
12068 12518
5324 19517
5324 7777
5324 13173
5324 15945
5558 7927
5558 9340
5558 19008
5558 14284
5558 11181
5015 12826
5015 16788
5015 9763
5193 6565
5193 6731
5193 11119
5193 10608
5193 9881
5193 9593
5193 10098
8745 11559
8745 15960
8745 12430
8745 18222
8745 18098
8745 18733
702 15730
702 14876
702 19978
702 7289
7289 11033
7289 16109
7289 9179
703 2708
703 3068
703 3528
703 13760
703 2925
703 11904
2708 7101
2708 18561
2708 4302
3068 5588
3068 11113
3068 17348
3068 4347
3528 6384
3528 18930
3528 14831
704 10140
704 13120
704 19924
704 16202
704 7281
10140 19812
10140 14379
10140 10408
10140 12208
13120 13884
13120 13597
7281 17174
7281 13653
7281 19456
705 10894
705 4793
705 1211
705 3984
705 14986
10894 18017
10894 14034
4793 19673
4793 9357
4793 5515
4793 13535
4793 4868
4793 8169
1211 13734
1211 10492
1211 12674
1211 16635
1211 16421
1211 12063
3984 17621
3984 18789
3984 10104
3984 13442
3984 9837
706 5664
706 16749
706 19019
706 17446
706 2767
706 9207
5664 8996
5664 15955
5664 6093
5664 8804
5664 10314
16749 18848
2767 4015
2767 17059
2767 6872
2767 5279
9207 9430
9207 19209
707 5829
707 9490
707 15203
707 3320
707 12847
5829 13731
5829 13344
5829 14514
9490 14471
9490 12002
9490 10248
3320 14450
3320 7853
3320 4191
3320 19962
3320 12647
3320 17011
3320 7456
3320 17785
708 17989
708 8584
708 19061
708 16202
708 9801
708 8536
9801 19654
8536 16339
8536 10036
8536 19295
709 5575
709 17409
709 11834
709 11400
709 6471
5575 13059
5575 15763
5575 13394
5575 12236
5575 19650
17409 19201
11400 17910
11400 16578
6471 13612
710 1078
710 9379
710 7614
710 3118
710 18716
1078 19970
1078 12565
1078 19426
1078 6696
1078 1336
1078 3445
9379 16837
9379 13280
7614 13575
7614 11709
7614 13690
7614 10245
7614 15254
3118 11833
3118 13064
3118 14745
3118 8147
3118 6437
3118 12670
3118 4413
3118 10687
711 13468
711 13334
711 15581
13468 16220
13334 16070
13334 13912
13334 19208
15581 15720
15581 17116
712 10242
712 2895
712 4895
712 881
712 12100
712 18626
712 3376
712 7238
712 14498
10242 15363
10242 15691
10242 16707
2895 11889
2895 10159
2895 9654
2895 6346
2895 16707
2895 19952
4895 11091
4895 15424
4895 6258
881 3142
881 11562
881 1796
3376 6401
3376 13511
3376 8603
7238 9480
7238 9352
7238 7247
7238 7252
14498 16392
713 1115
713 18422
713 19985
713 6293
1115 4451
6293 7734
714 18191
714 12273
714 5106
714 14516
714 9217
714 13792
714 2326
714 5321
18191 19143
18191 18918
18191 18642
5106 16121
5106 7496
9217 16569
9217 19599
13792 16279
13792 17719
2326 16683
2326 17350
5321 19173
5321 14489
5321 14073
5321 10851
5321 19780
715 5180
715 19302
715 3009
715 19466
5180 17166
5180 15920
5180 11773
5180 19897
19302 19442
3009 15855
3009 18168
3009 8727
3009 13217
3009 11089
716 4843
716 955
716 16584
716 3501
716 14310
716 17788
955 8457
955 8270
955 14459
3501 11399
14310 18676
14310 17694
717 13321
717 14412
717 12114
717 19494
13321 14232
14412 18780
14412 14645
12114 14665
718 14352
718 14490
718 6610
718 13911
718 18868
14352 17117
6610 19125
18868 19841
8552 18644
8552 18714
8552 9671
8301 9005
8301 18047
8301 13184
12355 14592
12355 17697
12355 14825
5364 19717
5364 10250
5364 17198
5364 13427
6813 18751
6813 12809
6813 16755
10771 19176
10771 19646
10771 15979
15473 17210
15473 19233
721 15737
721 6076
6076 15358
6076 19461
722 17502
722 6661
722 9700
722 753
722 5379
722 19304
17502 18605
6661 8674
6661 15810
9700 12914
9700 19454
753 11372
753 3413
753 3041
753 15967
753 19520
753 18048
753 1927
5379 7123
5379 12717
5379 12916
723 18373
723 12771
723 6313
723 18611
723 6865
723 14808
18373 19758
18373 19948
12771 15040
12771 13877
12771 17035
12771 18045
6313 7020
6313 10226
6865 17917
14808 17876
14808 17715
14808 17382
724 3154
724 7412
724 9063
3154 14810
3154 16569
9063 12953
9063 12642
9063 13552
14530 19708
14530 19126
14530 15193
6385 18494
6385 16665
6385 11407
6385 13111
6385 16789
726 13081
726 9117
726 5405
726 3817
726 5607
3817 9879
3817 3872
3817 19577
3817 13651
3817 18875
3817 8700
3817 15479
727 1854
727 3151
1854 15137
728 1863
728 18689
728 997
728 18488
728 11276
1863 16396
1863 5770
1863 1938
997 1867
997 7128
997 14419
997 6770
997 13414
11276 12838
11276 14487
11276 15928
729 9532
729 13482
729 17313
729 11937
729 18679
730 12751
730 1208
730 4289
12751 13137
1208 11718
1208 14757
4289 4478
4289 12092
731 8948
731 3575
731 2028
731 10450
3575 10910
3575 5144
2028 8782
2028 14351
2028 19492
2028 2772
2028 6099
2028 15984
10450 16199
732 5258
732 2886
732 10230
5258 9346
5258 10898
5258 17583
5258 11316
5258 12470
5258 19113
733 3283
733 3821
733 3991
733 7656
733 5755
3283 13492
3283 3861
3283 8980
3283 13163
3821 18181
3821 12127
3821 6085
3991 14673
3991 8800
3991 14040
7656 11879
5755 12523
5755 6487
734 16262
734 19420
734 10983
734 1630
734 8895
734 18103
734 14855
10983 16395
10983 18059
8895 18135
8895 11277
735 19705
735 11145
735 18224
11145 12546
11145 16190
11145 11276
18224 18440
736 1285
736 17112
736 3359
736 18572
736 9934
736 17291
736 12251
736 14755
1285 10500
3359 9531
3359 3410
3359 12281
3359 15162
3359 9589
3359 16027
3359 19930
9934 19341
17291 17966
17291 19727
12251 13208
12251 12429
12251 17517
12251 17870
14755 15437
14755 18142
14755 15220
14755 18403
737 12253
737 12996
12253 16768
12253 15139
12253 19359
738 6470
738 5313
738 10357
738 14332
5313 16694
5313 17562
3702 8249
3702 9525
15147 16966
740 9159
740 2057
740 11690
740 17399
9159 13502
9159 15970
9159 17050
9159 12677
2057 19052
2057 17242
2057 11214
2057 14828
11690 14859
741 6067
741 10618
6067 16410
6067 8245
6067 8815
10618 16919
742 16971
742 15467
742 9764
742 18352
742 15152
742 17952
742 6964
742 12635
742 4492
15467 18162
17952 18093
12635 14372
12635 16355
12635 12811
4492 8852
4492 7436
4492 11443
4492 18884
16507 19286
12505 18252
12505 18088
744 4030
744 3533
4030 19617
4030 6378
4030 14879
4030 14698
3533 3743
3533 10029
3533 14714
3533 13416
3533 8373
3533 7871
745 9873
745 3685
745 10168
745 1799
745 16123
9873 16618
9873 12568
9873 10926
3685 8194
3685 6453
10168 13633
1799 3170
16123 18743
746 10193
746 12304
746 14028
746 15474
746 19224
10193 19634
12304 18751
14028 17549
15474 18606
15474 17073
747 17626
747 19146
748 8574
748 16790
748 10756
748 16606
8574 19113
8574 16456
16790 18677
16790 17558
16606 18455
749 16977
749 12743
749 4662
749 2485
12743 18448
4662 15544
4662 16671
4662 15171
4662 4844
4662 8784
4662 9433
2485 5227
2485 15399
2485 13572
2485 5331
2485 7906
750 14255
14255 18781
751 17571
751 13226
751 16559
751 2901
751 13345
17571 19357
13226 13879
13226 19214
2901 4728
2901 11444
2901 11162
2901 16642
13345 19933
752 15902
752 2687
752 6361
752 9916
6361 13328
6361 8266
6361 7049
9916 14063
9916 17247
11372 18612
11372 17198
3413 10363
3413 19980
3413 5344
3413 6059
3041 18980
3041 3236
3041 7046
3041 4286
1927 4793
1927 10467
1927 18089
1927 18107
754 6211
754 6121
754 3646
754 18457
754 13344
754 14255
18457 18933
13344 14187
13344 18339
755 13703
755 19961
755 2336
755 11181
755 17758
755 14296
2336 11784
2336 16917
11181 17010
11181 15119
11181 13766
11181 15260
11181 15191
14296 19359
14296 14504
14296 18564
756 18801
756 4922
756 14359
4922 14194
4922 19882
14359 15461
14359 14834
14359 14885
14359 15901
757 13863
757 1150
757 1570
757 5327
13863 18875
13863 14378
1150 17262
1150 5230
1150 8464
1570 5305
1570 8066
1570 13429
1570 15115
1570 8263
1570 1624
1570 17545
1570 18858
5327 14923
758 8107
758 13524
8107 18100
13524 15615
759 3674
759 5639
759 5743
759 8962
3674 11521
3674 18050
3674 12257
3674 11996
5639 9578
5639 12691
5639 19376
5639 11805
5639 19942
5639 11407
5639 8853
8962 9108
8962 14165
8962 17347
760 17795
760 4994
760 16701
760 2476
760 13213
760 17011
4994 8150
4994 17678
4994 7502
4994 18341
16701 18028
2476 7784
2476 15021
13213 16757
761 11388
761 3118
761 1437
11388 19059
11388 18670
11388 16175
11388 15561
1437 14961
1437 6590
1437 11503
1437 10402
1437 6829
762 10722
10722 19607
10722 11097
10722 14101
763 18666
763 17387
5316 17055
5316 12618
15992 19970
12215 16967
12215 15645
12215 14974
3022 15083
3022 9642
3022 13501
3022 10006
5360 9627
5360 6089
5360 12588
5360 16763
2283 12893
2283 8668
12202 13329
12202 19927
12202 17012
17094 17816
16170 18272
1848 13734
1848 19820
14183 18218
767 4310
767 13078
4310 17500
4310 7043
4310 13194
4310 15166
4310 9283
4310 11740
13078 16200
13078 15518
13078 14239
15354 16742
10027 16217
10027 19009
10027 10275
7317 12238
7317 9523
4838 19369
4838 17229
11543 17998
11543 19129
8148 10197
8148 13291
769 15979
769 19460
769 4041
769 19568
15979 18010
15979 17921
4041 10824
4041 9766
4041 14661
770 2257
770 1574
770 9207
770 7741
2257 3973
2257 19973
2257 16355
2257 9528
2257 15609
2257 16346
7741 9737
7741 9852
771 1152
1152 8035
1152 9227
772 12900
772 12823
772 18053
772 14542
772 10420
772 15794
772 10783
12900 19458
12900 14326
12900 19037
12823 18774
14542 17879
10420 13869
10420 18347
10783 18997
10783 19568
10783 16595
774 19277
774 17289
774 10534
774 14566
774 14986
10534 11251
10534 16720
775 15054
775 11061
775 19296
775 1246
775 10490
1246 16883
1246 5458
1246 5403
1246 18045
1246 9873
1246 19637
10490 15777
10490 12291
10490 15592
776 3736
776 18678
776 2793
776 10147
776 16000
3736 17132
3736 7969
3736 15100
3736 12119
3736 19382
2793 6270
2793 18287
2793 19365
10147 13222
777 15386
777 16187
777 17061
778 9176
778 2173
778 6711
778 16808
9176 18023
6711 8375
16808 19419
779 19469
779 10050
779 16011
779 13086
10050 13766
16011 16381
16011 16230
13086 14887
13086 19414
13086 17646
780 15345
780 9834
15345 18239
9834 11633
9834 17820
15121 18951
2674 5970
2674 16904
2674 14843
2674 4957
2674 16392
2674 13052
782 3140
782 9761
782 13461
782 6187
782 14245
782 13956
3140 18548
3140 10795
13461 14913
13461 15625
6187 17265
6187 6326
6187 14351
6187 14419
13956 14423
13956 19503
13956 14819
13956 17525
783 14317
783 19790
783 12975
14317 19676
784 4524
784 4733
784 2460
784 18146
4524 6236
4524 17994
4524 17810
4524 18356
4524 5426
4524 12357
4733 5307
4733 19020
4733 7348
2460 3322
2460 10988
2460 15455
2460 11525
18146 19203
785 11669
785 14857
785 14817
785 15748
785 8862
785 19323
14857 16239
14817 15127
15748 18354
8862 10967
786 11252
786 16521
786 3687
11252 18833
16521 16777
16521 19826
3687 5409
3687 16286
3687 9951
787 12493
787 14824
788 1175
788 9180
788 14857
788 13557
788 14351
788 17066
1175 12638
1175 17335
1175 9259
1175 18031
1175 4296
1175 8275
9180 9587
9180 9650
13557 18727
13557 18858
14351 17639
789 9314
789 17906
17906 19979
791 2200
791 10011
791 12553
2200 10508
2200 13694
2200 3052
10011 18866
10011 16170
10011 11127
792 14073
792 3924
792 17369
792 1537
792 18131
792 14738
14073 14154
14073 16192
3924 13874
17369 18877
1537 15505
1537 17345
1537 5814
1537 6131
1537 10926
1537 2553
14738 19709
793 19278
793 16754
793 14012
793 19498
19278 19578
14012 18845
14012 18739
794 13268
794 10363
794 15239
794 18473
13268 15529
10363 19041
10363 12891
10363 19468
15239 19319
15239 15575
795 14437
795 18313
14437 16336
796 3946
796 802
796 16971
796 7309
3946 6846
3946 6711
3946 14017
3946 18729
3946 7140
802 11847
802 9335
802 8284
7309 13087
797 5871
797 18123
797 1453
5871 14630
5871 10006
5871 8504
1453 3394
1453 15787
1453 2691
1453 9411
1453 11164
798 8160
798 9235
798 3872
798 13891
8160 10539
8160 10362
8160 11253
3872 5434
3872 9817
3872 19472
799 11245
799 13900
799 2724
799 19435
799 3766
11245 19064
11245 13719
13900 15294
800 3695
800 8937
800 2400
800 17782
800 7490
800 6670
800 10440
3695 11479
3695 7435
8937 10274
2400 8950
2400 7846
17782 18562
7490 7752
7490 18153
7490 18897
6670 19458
6670 18371
6670 7028
6670 15162
10440 11914
10440 13871
801 12703
801 14057
801 14654
801 3969
801 19853
801 17410
3969 17815
3969 17884
17410 17762
11847 16911
11847 14678
9335 15298
9335 14213
9335 17698
9335 16101
9335 18642
9335 10289
8284 19883
8284 12855
8284 18038
805 14659
805 2412
805 16373
2412 9427
2412 8978
806 14423
806 7719
806 15046
806 12035
14423 16698
14423 15245
14423 19556
7719 10834
7719 9532
15046 17298
807 16657
807 10531
807 14802
10531 16092
10531 17691
808 14858
808 15508
808 5211
808 4746
808 8664
808 16484
808 1733
15508 18690
15508 17131
15508 18271
5211 9117
5211 14273
5211 11701
4746 15185
4746 15928
4746 6054
8664 16747
8664 19124
16484 17572
1733 3852
809 11050
809 8141
809 17888
11050 16034
8141 18489
8141 16304
810 14145
14145 17166
14145 19890
14145 16762
811 18808
811 18984
811 4987
811 7970
811 12271
18808 19103
4987 15008
4987 5848
7970 19250
7970 12234
7970 12618
7970 13719
12271 16876
12271 12991
812 15394
812 18440
18440 19660
18440 18549
813 9023
813 3458
813 17733
813 6963
9023 15219
9023 10325
9023 9515
3458 3537
3458 9864
3458 5130
6963 12936
6963 16510
6963 19181
814 4966
814 9343
814 14379
814 18077
814 7038
814 6347
4966 6032
9343 16039
14379 16301
14379 16698
7038 14510
7038 15426
6347 14515
815 4442
815 9811
4442 9539
4442 16279
9811 12292
9811 19252
817 15393
817 17122
817 14603
15393 18058
14603 17868
818 15868
818 11866
818 9238
818 19830
15868 16508
819 3285
819 6351
819 7965
819 11603
3285 6819
3285 11417
3285 12103
3285 12331
7965 17837
7627 16685
7627 13112
7627 13618
13382 19518
14577 15860
821 1143
821 8360
821 6578
1143 1611
1143 14799
1143 7440
1143 5346
8360 10204
8360 19059
8360 9422
6578 9783
6578 19839
6578 6966
822 13314
822 14756
822 11041
13314 14635
13314 16936
14756 17819
14756 15864
823 3303
823 12428
823 5276
823 7555
3303 12262
3303 12411
3303 4894
3303 18499
3303 6192
3303 19480
5276 19973
5276 13819
5276 13375
5276 19199
5276 11570
7555 19954
7555 18010
7555 8839
7555 15571
824 15348
824 17654
824 14340
824 5870
824 17397
824 1195
824 9029
14340 15976
17397 18004
17397 19612
1195 11639
1195 12977
1195 16854
1195 4975
1195 14928
825 18897
825 2702
2702 9759
2702 15848
2702 9339
826 9940
826 5134
826 10268
826 861
9940 16172
5134 18898
5134 15131
5134 9832
10268 16128
861 10955
861 9124
828 9313
828 14073
828 8561
828 5695
828 10543
828 16589
9313 12464
9313 15861
9313 16589
8561 8905
8561 15689
10543 12498
10543 12762
10543 18251
16589 19088
829 13255
829 12557
829 4166
829 12079
12557 15230
12557 14819
12557 13437
4166 4762
4166 5599
4166 15622
4166 9043
12079 13363
830 6675
830 5294
6675 19092
6675 7289
6675 17609
843 19742
843 8969
843 8049
843 3058
832 13887
832 19949
832 7769
832 9722
832 3539
832 3248
9722 12779
3248 4951
833 9746
833 5344
833 12336
833 8881
833 6071
833 15503
9746 19926
9746 10971
9746 18413
5344 11309
5344 15775
5344 18978
5344 18948
5344 15465
5344 12748
5344 11382
5344 14136
12336 16133
12336 14093
12336 14391
12336 17854
8881 13276
8881 15807
8881 18214
8881 14559
6071 7085
6071 11609
6071 10351
6071 7821
6071 17839
834 3790
834 13935
3790 12493
3790 6185
13935 15421
13935 17793
13935 17143
835 4828
835 5805
4828 7797
4828 9817
4828 7314
4828 9604
5805 12432
5805 18552
5805 10508
5805 11376
836 4887
836 2783
836 2974
836 16415
836 8647
836 19758
4887 18815
4887 9590
4887 9628
2783 8796
2783 7902
2974 18698
2974 6814
16415 17915
8647 16457
8647 19536
837 7458
837 15713
837 8625
837 10674
837 14050
837 5844
837 19968
837 14979
7458 11768
7458 11747
7458 18993
15713 19518
15713 19240
8625 12791
8625 18637
838 2333
2333 5818
2333 11424
2333 6169
839 17866
839 11695
839 19113
839 10837
17866 19102
11695 18287
11695 18979
19113 19471
840 11981
840 18020
840 9025
840 11469
840 10334
11469 12792
11469 14901
11469 12594
841 17856
841 14703
841 4198
841 6556
4198 8342
4198 6911
4198 16440
6556 10527
6556 12141
842 17043
842 15185
842 9445
17043 17477
15185 17724
15185 18478
15185 15715
9445 12701
8049 11667
8049 13425
3058 16816
3058 7902
3058 15045
3058 4096
3058 16670
3058 19152
844 8074
844 12457
844 9855
844 7500
844 17730
844 4716
8074 9738
8074 11258
12457 16213
7500 11997
7500 11747
7500 11176
4716 16337
845 3602
845 1561
845 8731
845 17674
845 11646
845 18295
845 19378
3602 5985
3602 9459
3602 10178
3602 4940
3602 4049
3602 14938
1561 19335
1561 4372
1561 6571
8731 17449
8731 19959
8731 13213
846 9465
846 11153
9465 17125
9465 12338
9465 18971
9465 16245
11153 18529
11153 18615
847 10489
847 15216
847 12004
847 7862
12004 14298
12004 16665
848 12032
848 6776
848 6712
848 19413
12032 15806
12032 18952
12032 18515
6776 10248
6776 12169
6712 13418
6712 16032
6712 15027
6712 6878
6712 7514
6712 14086
13657 17211
13657 19106
7646 10187
7646 16795
7390 14949
1301 9933
1301 6522
1301 6360
1301 9503
1301 14006
851 14691
851 18544
851 1650
852 11503
852 13006
11503 14557
11503 17651
13006 14135
853 12421
853 6663
853 18205
853 17734
6663 15921
6663 15596
6663 15126
6663 10145
854 12749
854 11941
854 7628
855 4630
855 3831
855 7384
4630 18684
3831 16536
3831 13360
3831 12391
3831 19606
3831 13500
3831 10588
7384 11299
7384 15050
856 5894
856 7761
7761 16951
7092 19485
7092 14331
7092 9805
858 18497
858 5636
858 11038
18497 19457
859 11552
859 19139
11552 12929
11552 18838
860 15199
860 2190
2190 4671
2190 7460
2190 9740
10955 12754
9124 14375
9124 15816
12368 14026
863 15130
863 10530
863 9687
9687 14308
9687 15625
9687 11029
9687 18952
10588 13779
10588 17395
10588 13227
10750 19591
10750 11779
865 18490
865 14454
14454 16357
14454 16483
866 13080
866 16835
866 16485
866 9588
16835 19048
867 5160
867 6341
867 15050
5160 9386
5160 15540
5160 9286
6341 17143
6341 16242
6341 14770
6341 13515
6341 14281
6341 7429
868 7757
868 13558
868 18755
868 4093
868 16450
868 961
868 17824
868 7249
7757 16854
4093 9276
4093 10392
4093 6438
7249 19448
869 18001
869 4112
869 11861
18001 19178
4112 7069
4112 13849
4112 16479
4112 10498
4112 14826
11861 16464
11861 15188
11861 18938
870 8212
870 16848
870 2260
870 12891
16848 17331
2260 11368
2260 2476
12891 15028
12891 14236
12891 15075
12891 18294
12891 13138
12891 13579
871 8448
871 17980
871 19009
871 15859
871 4126
871 3812
8448 18562
8448 14997
15859 19815
872 16410
872 4828
872 16170
872 11633
11633 14240
873 5136
873 13150
873 2317
873 3853
873 4412
5136 10640
5136 18778
13150 15834
2317 3886
2317 9620
2317 19843
2317 16657
2317 3800
3853 17445
3853 4931
3853 14987
3853 7783
4412 19946
4412 16024
4412 4506
4412 14741
874 9003
874 11658
874 13709
9003 9417
9003 9438
9003 11171
13709 15651
13709 16799
13709 15269
875 4755
875 12105
875 13361
12105 13957
12105 15316
13361 18627
15881 16805
15881 18310
13221 16858
13221 14849
1688 14477
1688 6146
1688 10784
15328 19249
2479 3380
2479 13030
2479 11594
14837 15999
14837 18826
2662 4945
2662 12662
12801 17013
12801 15234
19430 19967
878 15497
878 11968
878 6976
878 12750
878 14059
11968 15139
6976 19862
879 12657
879 15792
15792 19532
880 5262
880 18874
880 4733
880 8462
5262 7266
5262 15705
5262 11204
5262 11614
8462 15708
11562 18240
11562 17061
1796 13029
1796 2871
1796 5097
882 7215
882 14185
882 11747
882 11624
7215 10736
7215 15469
14185 18663
14185 15082
14185 17883
11624 18273
11624 18394
883 17296
883 5433
883 15589
5433 8514
5433 19416
5433 5945
5433 15281
5433 19741
5433 5917
15589 18103
15614 16473
885 7232
885 16192
885 19108
886 6394
886 18769
886 11495
6394 7068
6394 11528
6394 6417
6394 8315
11495 18075
887 4591
887 13961
887 4848
887 13648
4591 4641
4591 10502
4591 17737
13961 19174
13961 14541
13961 16988
13961 19508
4848 15583
13648 19617
888 6352
888 12320
888 11068
6352 13823
6352 15350
12320 13483
12320 19977
12320 12950
12320 12617
889 15153
889 5167
889 5852
889 13392
889 12554
889 1125
889 13797
5167 10539
5167 13202
5167 9645
5167 19732
5852 7741
5852 12334
12554 13174
1125 10304
1125 15093
1125 15297
13797 14321
13797 19460
890 10510
890 12145
890 14183
10510 13028
891 1060
891 19045
891 6820
1060 18272
1060 16307
1060 11850
1060 6684
892 10801
892 5741
5741 16386
5741 16359
5741 17056
893 1750
893 14176
893 1681
1750 2420
1750 12421
1750 14991
1750 19767
1750 11446
1750 13732
14176 14688
1681 7109
894 16613
894 9009
894 4968
894 11064
894 18232
11064 15699
11064 17065
18232 18345
895 19740
895 14978
8450 9503
8450 19088
17351 19656
17351 19381
897 8744
897 11621
8744 10491
8744 19566
11621 17565
898 11609
11609 18487
11609 12630
11609 15152
11609 11721
899 10720
899 7430
10720 17485
7430 11021
7430 9347
7430 15822
7430 18732
7430 13347
900 11569
900 5707
900 16392
900 18905
11569 18431
16392 17380
16392 19415
16392 19643
901 12061
901 12152
901 4603
901 6716
12152 12193
12152 15990
12152 17270
4603 18748
4603 19492
4603 5363
6716 9906
6716 10131
6716 17055
902 2892
902 4751
902 10149
2892 6122
2892 18651
2892 13609
4751 8918
4751 18696
10149 11959
10149 17052
10149 17699
10149 19219
903 13711
903 13299
903 14620
903 18975
13711 16031
13711 16025
13711 18080
13711 19524
13299 15601
13299 19830
13299 16791
904 2513
904 19531
904 19203
904 10748
904 10110
904 19454
2513 19303
2513 13518
10748 19882
2940 12895
2940 15623
2940 18831
2940 11241
11611 12007
11611 18702
11611 13187
906 6002
906 17647
906 4830
906 15268
906 6592
906 9202
4830 6511
4830 10787
4830 14715
4830 18200
4830 15620
6592 19192
9202 14304
9202 10402
9202 15707
9202 14494
9202 9530
907 9882
907 11572
908 14265
908 6632
908 4617
6632 8235
6632 8535
6632 13188
6632 14721
4617 9854
4617 5926
4617 8476
909 9493
909 5826
909 9422
909 17255
909 3102
909 5200
909 15303
909 8435
909 19470
9493 17647
9493 16803
5826 10628
5826 16259
5826 6365
9422 12333
9422 15398
9422 15202
17255 18385
3102 17450
3102 3696
3102 19240
3102 12070
5200 14735
5200 9651
5200 16295
5200 7910
5200 14410
8435 11979
910 2307
910 17497
910 4433
4433 10145
4433 13109
911 9565
911 1906
911 7060
911 5569
911 6363
911 4654
911 15920
911 9218
911 19505
911 18839
9565 15334
9565 12136
7060 7178
7060 9064
5569 7754
15920 17442
912 18434
912 16016
912 4769
912 19339
912 2046
912 14179
16016 17615
16016 17815
4769 17187
4769 17254
2046 19902
2046 11659
2046 17715
2046 17657
14179 19277
14179 17720
913 8161
913 19354
8161 12493
8161 11746
8161 12815
914 16698
914 4878
914 3810
914 9950
16698 19362
16698 17706
4878 16431
4878 10526
3810 8522
3810 14823
3810 17829
3810 9576
9950 19855
9950 14682
9950 10693
1321 11694
1321 6283
1321 12639
1321 16557
1321 1891
1321 2881
1321 7546
11030 18443
14904 19054
14904 15330
14904 18402
10373 16576
16406 17372
916 18862
916 14497
916 6797
916 1324
916 19894
6797 13590
6797 19877
1324 14343
1324 12365
918 14260
918 13080
918 1554
918 3644
918 14603
918 14052
918 11927
14260 17797
1554 11524
1554 13817
1554 16914
1554 7851
3644 17511
3644 4093
3644 10809
3644 13779
3644 16879
3644 10049
3644 15207
14052 18198
11927 16859
919 14571
919 15066
920 14333
920 18316
920 18661
920 9882
920 16989
14333 17610
18316 19533
16989 18715
921 7933
921 13628
921 17164
921 8656
921 18360
921 16509
921 10301
7933 10092
13628 15507
13628 15653
13628 16705
8656 11721
16509 16977
16509 19653
10301 11013
922 13754
922 10510
922 5552
922 18696
922 18111
922 10793
13754 15103
5552 9674
5552 13397
5552 15190
5552 11931
923 7159
923 3136
923 8056
923 18299
923 5176
3136 6632
8056 10909
8056 16105
8056 16137
8056 17428
5176 13628
5176 18679
5176 14825
924 7026
924 3728
924 17911
7026 12458
7026 10707
7026 10978
17911 18411
17911 19533
925 5841
925 5195
925 977
5841 6880
5841 14416
5195 9888
5195 5836
5195 5940
5195 12047
5195 18336
5195 6443
977 16639
977 11471
977 16479
926 5692
5692 14424
5692 12353
927 3322
927 9334
927 12946
3322 16051
3322 7160
9334 10990
9334 18409
9334 12785
9334 15857
9334 16937
928 6698
928 15415
928 10437
6698 8084
6698 15715
6698 9322
10437 18926
10437 13131
10437 14935
10437 19442
929 11973
929 17516
929 1223
929 14706
929 12272
929 16050
11973 17399
11973 17177
1223 8431
1223 11714
1223 2338
1223 7789
1223 17797
12272 12651
16050 19148
930 12690
930 8223
930 19368
930 5291
930 7509
8223 16468
8223 9301
8223 11968
19368 19735
5291 12992
5291 11976
5291 9252
5291 7542
7509 13444
7509 18089
931 12116
931 8583
12116 18994
8583 8957
8583 15933
8583 18285
8583 11391
932 9714
932 13874
932 19604
932 9116
932 19602
932 18123
932 1455
932 2275
9714 15069
9116 13511
9116 10745
9116 15033
2275 14265
2275 11468
2275 7524
2275 2279
2275 17187
933 14929
933 17727
14929 19357
17727 18902
934 19051
934 17280
934 8942
934 18582
934 14068
934 18911
19051 19704
8942 18615
18582 19718
14068 18843
935 8078
935 1063
935 18389
935 16189
935 17221
8078 14605
1063 13692
1063 2394
1063 12132
1063 1426
1063 16763
1063 16622
936 18922
937 1319
937 9017
937 4111
937 17775
937 1773
937 7169
937 5347
937 7770
937 15845
1319 14045
1319 19019
1319 13694
1319 1763
1319 8019
1319 4036
4111 7075
4111 18629
4111 15406
17775 19909
1773 13966
5347 14191
5347 14477
5347 16914
5347 14719
5347 16339
7770 19142
7770 14573
939 7975
939 14503
939 8589
7975 18952
7975 12103
7975 10402
8589 11349
8589 10744
8589 10286
940 7921
940 13803
940 10884
7921 18312
7921 11160
7921 16367
10884 12741
10884 12677
10884 17880
10884 19990
10884 17659
941 15720
941 2343
941 10220
941 17410
15720 16326
15720 15901
10220 17102
10220 18651
10220 13725
942 2899
942 2060
942 2321
2899 12153
2899 3498
2899 9425
2899 7944
2899 11785
2899 18611
2060 16355
2060 16820
2060 18056
2060 9819
2321 19625
2321 9850
2321 10101
2321 15745
10656 17809
10656 14408
13338 17086
13338 18476
946 17308
946 15314
946 3250
946 8875
946 13960
946 5193
15314 18646
3250 12865
3250 17913
947 4677
947 3426
947 12801
947 14467
947 17996
4677 5820
3426 10800
3426 4648
3426 10729
14467 19255
949 14111
949 10648
949 14567
949 10378
949 9571
10648 16665
10648 19612
10648 12319
950 2079
950 5954
950 18223
2079 7124
2079 19222
2079 19671
5954 10768
5954 11246
5954 11937
5954 16521
18223 18585
951 11094
951 9302
951 1922
951 11107
951 8909
11094 15304
9302 17599
9302 14376
1922 14704
1922 17098
1922 18156
1922 4992
1922 10939
1922 3210
8909 12655
8909 17893
8909 14164
8909 9592
8909 14355
952 17114
952 15254
953 9509
953 13429
9509 13102
13429 15402
4421 10671
4421 7194
4421 15133
4421 15818
4421 5016
17464 17901
17044 18263
4355 12077
4355 15625
8457 18792
8457 10103
8457 8908
8270 13247
14459 19316
956 8023
956 13792
956 12517
956 15343
956 12300
956 2285
956 16844
8023 10961
12517 16164
15343 18641
12300 14154
2285 8548
2285 11446
2285 9335
957 3997
958 1168
958 11102
958 11515
958 2647
1168 5935
1168 16953
11102 19267
11102 19472
11515 19245
11515 17978
11515 18089
959 10519
959 19989
10519 15104
960 3810
960 14227
960 13989
960 14587
14227 14748
14227 19538
14227 14244
13989 16452
13989 18956
17797 18102
962 17564
962 4749
962 5627
4749 7613
4749 5456
4749 10355
4749 12918
5627 16601
5627 9005
5627 8101
963 14473
963 3567
963 2450
963 15680
963 11044
963 8699
14473 18240
14473 15427
2450 3422
15680 18948
8699 17519
8699 19090
8699 12400
8699 16768
8699 9130
964 9628
964 11071
964 12862
11071 13394
11071 13732
11071 19962
12862 15820
12862 16484
12862 15271
965 7089
965 13938
965 3993
965 3121
7089 10101
7089 9667
13938 16779
3993 12139
3993 15740
3993 18694
3993 11093
3121 12207
3121 16088
3121 11152
3121 10377
5409 6697
2249 4128
12586 19394
12586 18929
967 3890
967 4691
3890 12863
6094 6284
6094 14171
6094 16687
10105 11659
10105 17100
10105 17456
10105 11835
3550 5841
3550 13493
3550 17046
7350 9069
7350 12576
7350 17808
7350 7960
7350 13017
10551 13096
10551 18868
2923 15468
2923 19974
10892 13246
971 1884
971 19056
971 15783
15783 18441
15783 17587
972 13727
972 11076
13727 17813
11076 14939
11076 11775
973 3634
3634 15086
3634 10776
3634 19708
3844 13705
3844 11909
3844 18367
3844 18208
3844 17837
12474 19324
12474 18567
12474 18979
976 7871
976 14579
976 5877
7871 10539
7871 9962
14579 15227
5877 16403
5877 9994
5877 13230
11471 18937
11471 14504
11471 18851
978 18746
978 5157
978 18856
978 11238
978 6358
978 4075
5157 12602
5157 7940
11238 11875
11238 18012
11238 17372
11238 11594
6358 15398
6358 19272
4075 17838
4075 10326
4075 8749
4075 17905
979 8664
979 6722
979 13884
979 16814
13884 15359
16814 18528
16814 16832
980 19436
980 14634
14634 18211
14634 18832
981 1606
981 15870
981 2220
981 18169
981 9309
1606 7525
15870 17552
15870 19291
2220 19726
2220 11581
18169 18800
982 17366
982 8856
982 9286
8856 14671
8856 12974
8856 10977
9286 15504
9286 13689
983 3627
983 4509
3627 17250
4509 14983
4509 14921
984 2202
2202 3516
2202 12153
2202 16821
2202 5302
2202 5875
2202 2529
2202 3893
985 3106
3106 14396
3106 5869
3106 18842
3106 14701
3106 3416
986 18465
986 9500
9500 11409
2916 14228
2916 18961
2916 18863
2916 13875
2916 9709
10735 19259
10735 12207
988 18802
988 7255
988 4485
18802 19680
7255 17934
7255 7762
4485 4608
4485 19720
4485 16635
4485 11169
4485 10508
4485 15122
4284 14603
4284 11772
1401 18109
1401 18650
1401 1471
4408 19402
990 2047
990 1695
990 17441
990 18069
990 10643
2047 19519
2047 11396
2047 9856
2047 19165
1695 14784
1695 2160
1695 8143
1695 15770
18069 18130
991 15964
991 17510
991 12681
991 15661
991 16493
15964 16391
12681 18941
12681 16126
16493 19625
992 6341
992 2435
992 19581
992 8568
992 4209
992 13615
992 18905
4209 13839
4209 19431
4209 6421
4209 10096
4209 19551
13615 17364
13615 18484
13970 14789
994 13703
994 18100
994 10965
994 17409
994 5699
994 7967
994 1654
994 3109
10965 11260
10965 17054
10965 19818
5699 6577
5699 17482
5699 12917
7967 15883
7967 8460
7967 16789
7967 19511
1654 13190
1654 8474
1654 8123
1654 6361
3109 17667
3109 5334
3109 6979
3109 15122
3109 6531
995 4235
995 4396
995 10033
4235 6822
4235 15181
4235 12836
4396 18205
4396 5753
4396 8499
8401 19919
8401 10605
3613 5762
3613 10852
3613 7057
3613 10033
3613 19965
3613 5533
3613 15595
1867 13094
1867 16521
1867 4544
7128 10940
7128 17044
7128 16696
7128 18608
7128 14195
7128 17484
14419 18461
14419 19138
6770 18225
6770 10561
6770 10388
6770 18169
13414 15198
13414 16650
13414 19897
13414 19644
998 19547
998 12841
998 13909
998 5633
998 19984
998 14000
998 17463
19547 19626
12841 15271
12841 19506
13909 18023
13909 16279
13909 14446
5633 7416
5633 11156
5633 6780
5633 12958
5633 19585
999 14126
999 10146
999 18087
14126 15330
18087 18845
1000 10748
1000 8753
1000 11115
1000 7399
1000 7519
1000 7704
1000 14158
8753 11488
8753 14108
8753 11292
11115 14289
11115 13906
11115 17089
11115 15396
7704 16504
7704 14937
7704 12336
7704 9948
7704 17478
7704 17469
1001 16627
1001 15505
1002 5459
1002 2523
1002 8984
1002 7529
5459 6713
5459 14584
5459 11730
8984 16543
7529 19199
7529 19015
1003 17440
1003 5880
1003 14910
1003 13878
1003 15866
1003 19956
5880 10254
5880 12108
14910 17738
14910 15518
13878 17793
15866 16531
1004 2523
1004 19125
1004 5486
1004 14892
5486 7939
1005 10721
1005 12555
1005 8285
10721 12981
10721 16405
12555 17549
8285 16089
8285 13319
1006 4694
1006 12133
1006 2921
4694 5973
4694 19021
12133 15803
12133 19700
2921 3945
1007 16708
1007 7421
16708 17810
7421 17060
1008 12095
1008 9086
1008 16373
1008 4577
1008 18430
9086 9587
9086 12771
4577 15273
4577 15280
4577 10563
4577 10245
1009 5171
1009 3556
1009 17148
1009 10783
1009 19289
5171 10097
5171 11133
5171 6971
5171 16599
5171 11009
1010 10827
1010 3634
11815 13969
11815 14373
7460 8604
7460 14704
1012 16019
16019 17444
1013 3407
1013 18086
1013 9687
1013 16234
1013 1932
1013 15176
3407 10922
3407 6473
3407 19004
3407 19629
3407 17069
18086 19966
16234 19554
1932 6852
1932 4619
1932 2112
15176 16823
15176 15493
1014 3062
1014 3085
1014 4593
1014 17658
1014 18727
3085 17130
3085 7070
3085 9665
3085 6671
3085 10549
3085 4583
1016 19006
1016 18095
1016 11392
1016 16073
1016 11446
1016 13977
18095 18924
13977 15640
1017 7824
1017 11405
1017 19869
19869 19887
1018 6049
1018 8270
1018 16198
6049 8484
6049 10812
6049 18287
1019 3975
1019 2483
1019 3588
1019 13256
3975 12514
3975 4183
3975 9928
2483 8461
2483 10148
2483 5088
2483 6739
2483 9857
2483 6682
13256 15452
1020 2029
1020 5603
2029 11858
5603 11291
5603 19125
18494 18782
8852 10428
8852 12133
8852 19038
12051 16512
12051 14762
12051 19270
14094 15204
2349 10822
2349 17134
11829 19532
8708 13379
10642 12066
10642 17128
10642 18091
1023 10809
1023 3418
1023 7516
1023 18146
1023 12496
10809 12784
10809 15265
10809 17020
10809 14476
10809 14212
3418 13255
3418 18493
7516 11001
7516 16897
7516 16409
7516 12376
7516 13805
7516 13696
12496 19046
12496 19446
1024 9148
1024 14543
1024 3017
1024 5721
1024 12254
1024 11667
14543 15415
14543 19006
3017 12194
3017 5648
5721 6281
5721 8785
5721 18028
12254 19298
12254 19041
12254 12907
11667 12237
11667 15672
1025 11208
1025 16580
1025 11455
11208 14661
11208 12439
11208 19534
11455 17407
11455 15584
1026 15001
1026 19543
15001 16486
15001 15010
1027 9445
1027 19737
1027 15394
1027 5990
1027 1379
1027 6295
5990 11483
5990 14873
5990 10835
1379 6801
6295 12746
6295 19710
6295 14513
1028 5402
1028 11955
1028 9295
1028 11408
5402 17483
5402 17500
11955 18512
11955 13137
9295 14189
9295 17857
9295 18173
9295 13232
9295 19412
13139 15544
12885 18919
7981 9569
7981 8994
7981 8604
7981 12611
11605 11710
11605 14549
17422 19060
2987 16943
2987 18781
2987 7626
2987 16153
2987 6885
2987 14913
8940 17463
1031 11026
1031 3620
1031 4766
1031 19472
1031 19777
11026 19934
1032 11083
1032 16626
11083 17915
11083 13736
11083 12247
11083 17736
1033 7333
1033 4197
1033 16565
1033 2959
1033 6554
1033 3528
1033 10145
1033 15745
7333 7409
7333 15466
7333 19613
4197 13613
4197 13805
4197 13109
4197 10920
4197 7333
6554 18101
10145 12769
10145 14488
10145 12009
1034 16152
1034 15944
1034 16015
1034 3903
3903 13435
3903 19307
3903 11846
3903 16602
3903 9829
3903 16308
1035 14477
1035 7868
1035 9539
14477 15980
14477 15430
7868 11155
7868 9648
7868 10106
9539 10948
9539 17690
9539 19842
1036 1367
1036 6785
1036 15034
1036 3293
1367 15899
1367 5847
1367 9216
1367 1747
1367 11955
1367 7005
6785 10991
6785 7445
6785 14689
6785 14940
6785 10304
3293 7052
1037 2548
1037 13653
1037 19018
2548 13589
2548 16561
2548 11399
1038 7630
1038 7959
1038 1782
7630 14271
7630 17942
7630 9492
7630 18232
7959 18771
7959 8953
1782 19857
1782 17314
1039 3449
1039 6546
1039 19265
3449 15418
3449 12991
3449 16849
3449 13404
6546 8843
1040 10312
10312 18221
10312 18327
1041 11821
1041 13617
1041 4979
1041 2943
1041 2818
11821 13151
11821 19446
11821 16338
13617 14494
13617 14886
2943 3129
2943 18696
2943 6547
2818 13061
2818 17258
2818 18715
2818 4165
2818 11884
1042 4321
1042 16105
1042 5771
1042 11647
1042 10462
1042 6219
5771 8360
5771 10416
5771 9376
5771 17126
6219 14707
6219 8058
6219 16133
6219 6722
1043 1169
1043 3074
1043 2540
1169 1997
1169 5979
1169 7904
3074 14057
2540 17862
2540 18800
2540 18902
2540 10440
1044 10304
1044 5861
1044 9568
1044 4930
10304 16876
10304 17658
5861 7488
4930 19839
4930 16177
1045 13486
1045 2771
1045 14325
1045 3531
13486 19616
3531 7445
3531 15343
1046 12799
1046 7389
1046 13852
1046 18887
7389 8967
13852 19047
13852 19072
1047 9054
9054 17473
9054 17196
9054 18834
1048 18896
1048 14582
1048 6883
1048 16525
1048 14266
1048 8651
1048 16579
14266 16233
8651 11347
8651 14444
8651 10425
8651 14728
8651 16843
1049 14987
1049 9904
1049 10781
1049 9035
14987 17797
10781 11506
10781 13889
10781 19080
9035 9590
9035 11328
1050 17901
1050 10443
1050 19266
1050 18848
17901 19145
10443 15328
10443 16152
1051 12552
1051 5821
1051 16674
5821 12199
5821 13164
5821 9274
5821 8717
5821 16941
1052 15336
1052 18541
1052 1372
1052 17791
1052 17463
1052 10323
15336 16710
15336 18388
15336 17066
1372 15596
1372 14425
1372 19355
10323 17153
10323 16542
10323 15355
10323 12882
1053 4599
1053 5446
1053 12061
1053 8219
1053 15854
1053 10505
4599 6970
4599 5705
8219 9924
8219 17148
8219 12388
8219 12522
15854 17536
15854 16726
10505 11752
10505 18717
1054 6695
1054 2933
1054 14405
6695 18630
6695 9740
6695 11527
14405 19788
14405 18607
1055 5370
1055 6989
1055 14229
1055 16000
5370 7550
5370 14000
5370 9894
5370 13698
5370 16328
6989 18078
14229 14674
1056 10653
1056 18666
1056 11038
1056 2651
2651 18655
2651 10143
2651 9579
2651 7451
2651 11262
1057 7941
1057 14072
7941 8699
14072 18333
14072 18084
1058 5559
1058 4901
1058 14399
5559 7189
5559 18610
5559 10656
5559 6551
4901 17102
4901 19506
4901 16070
14399 18299
1059 5010
1059 4891
1059 15252
5010 16050
4891 19870
4891 17047
4891 19134
4891 19352
15252 19587
11850 16352
11850 18782
6684 18449
1061 15543
1061 19521
1061 4928
1061 8036
15543 18206
15543 17949
8036 9170
8036 9928
1062 16091
1062 6523
1062 10828
6523 11200
6523 7948
6523 13218
6523 12603
10828 11765
10828 13010
2394 8776
2394 5379
2394 11333
2394 5749
2394 6413
1426 5915
1426 11995
1426 9398
1064 2128
1064 7753
1064 19740
1064 19564
7753 10960
1065 12510
1065 4483
1065 16493
4483 8691
4483 15037
4483 17687
15880 19389
5602 8836
5602 16173
5602 7462
1067 3339
1067 9536
1067 3116
1067 3196
1067 18372
1067 10074
3339 8731
3339 10541
9536 12205
9536 15954
3116 8126
3116 4538
3116 11187
3116 14425
3116 15541
3196 19631
3196 9911
3196 13149
3196 18574
1153 5807
1153 7678
1153 9011
1153 1334
1069 19594
1069 16767
1069 8846
1069 16251
16767 18743
16767 19942
8846 19175
8846 19718
8846 17640
1070 13700
1070 14117
1070 15061
13700 17065
14117 18316
14117 19263
14117 18932
15061 17049
15061 15744
11464 17739
11464 14059
16326 19571
1072 15018
1072 11269
1072 5900
15018 16755
15018 16271
11269 11352
11269 14171
11269 16727
11269 14868
5900 6903
5900 9620
9269 19229
9269 12045
4941 10934
4941 12433
4941 15576
2712 14882
2712 12189
2712 11187
2712 16573
1074 8196
1074 17291
1074 7738
1074 16767
1074 12595
1074 19848
1074 19166
1074 18966
7738 8939
7738 14833
12595 15386
2945 17076
2945 15641
2945 8731
2945 3680
2945 14274
2945 7244
4780 19464
4780 13377
4780 18001
4780 15754
17283 17512
1076 2835
1076 11847
1076 18267
1076 9730
2835 4844
2835 5101
2835 10590
2835 19755
2835 19460
2835 19248
2835 14946
1077 17567
1077 12708
12708 19804
6696 19198
6696 19775
1336 18139
1336 9792
3445 5902
3445 9554
3445 8735
3445 12569
3445 13922
3445 17247
3445 9623
1079 5274
5274 15025
5274 11111
5274 14057
15086 15960
1847 8045
1847 14568
1847 10567
1847 3107
1082 8715
1082 13925
1082 1575
1082 11630
1082 11552
1082 7837
8715 15715
13925 17875
1575 7291
1575 3340
11630 11640
7837 10432
1083 5208
1083 5451
1083 13370
1083 5094
5208 5636
5208 19256
5208 13396
5208 13357
5208 18696
5208 19675
5451 11168
5451 16310
5451 9210
13370 17604
13370 13871
13370 14833
5094 9342
5094 7008
1084 16830
1084 1219
1084 10450
1084 10146
1084 5751
1084 16100
1084 4245
1084 15904
1219 7621
1219 3973
1219 5012
1219 17838
1219 8891
1219 11168
5751 9487
16100 17533
4245 14701
4245 17940
15904 19687
15904 19888
1085 16386
1085 7003
1085 14940
1085 1805
1085 17374
16386 17581
7003 9660
7003 17190
7003 8322
1805 4190
1805 8042
1805 9668
1805 18383
1805 9550
1086 17852
1086 12120
1086 2306
1086 2927
1086 9387
1086 11822
1086 10104
1086 3397
2306 14534
2306 14197
2306 12340
2306 7673
2306 18007
2927 19503
2927 16460
2927 9376
2927 7759
2927 13831
2927 9873
2927 9892
2927 4825
2927 12477
2927 16233
2927 6477
9387 15572
9387 15115
9387 17363
10104 13761
10104 13449
3397 4053
3397 15570
3397 11037
3397 4639
1087 7875
1087 1972
1087 4250
1087 6236
7875 13426
7875 10631
1972 2130
1972 4458
1972 12902
1972 5240
1972 8793
4250 18451
4250 13170
6236 12059
6236 14369
6236 13922
1088 15085
1088 14575
1088 12947
1088 16893
14575 16534
14575 18110
12947 15127
1089 10624
1089 7818
1089 12305
7818 9446
7818 13093
7818 13450
12305 15904
1090 2096
1090 8288
1090 15453
1090 11309
1090 2861
1090 5707
2096 14895
2096 12431
8288 14309
15453 17702
11309 18591
11309 13599
2861 13543
2861 16100
2861 14146
2861 12945
10903 17745
10903 19299
10903 19924
10903 15627
10903 18495
6710 16262
6710 16329
6710 16501
6710 8699
6710 10530
6710 15100
8611 12004
8611 11453
8611 16657
1092 8254
1092 14730
1092 19691
8254 18892
8254 13766
1093 4203
1093 15042
1093 18913
1093 1867
1093 19485
4203 16826
4203 19914
4203 8987
19485 19819
1094 11806
1094 7062
11806 13441
1095 12846
7886 11259
7886 18577
7886 11206
9997 11708
10320 11181
10320 18910
8016 9043
6984 8850
7370 15092
7370 11151
7370 9047
7370 15636
7370 7897
7370 14083
7370 10114
7370 13833
1097 9048
1097 8827
1097 18325
1097 14670
1097 10455
1097 15076
1097 13945
9048 13175
9048 15333
9048 14279
8827 19933
8827 14946
8827 11225
18325 19200
18325 18498
14670 18014
14670 16478
14670 15862
10455 18096
10455 19270
13945 15571
13945 15343
1098 7120
1098 19908
1098 17655
7120 11384
7120 10980
7120 18275
1099 5269
1099 18531
1099 6879
1099 9316
1099 19933
1099 13454
1099 3681
5269 14979
5269 5338
5269 5691
5269 8402
5269 16687
6879 19588
6879 15459
6879 7410
6879 11444
6879 9030
9316 16913
9316 12007
9316 13025
9316 18243
13454 16258
3681 7335
3681 12660
3681 16653
1100 10077
1100 2707
1100 3764
10077 15950
2707 2935
2707 12316
2707 14447
2707 5586
2707 17906
3764 7833
3764 13274
3764 4567
3764 19727
3764 5460
3764 9387
1101 4782
1101 6087
4782 10447
4782 6931
4782 5737
16468 16475
1103 14078
1103 14892
1103 9752
1103 11023
1103 2293
14078 18334
14078 17655
9752 17078
11023 11912
11023 12794
2293 9925
2293 12610
2293 12146
2293 16204
2293 8762
8619 8662
8619 13456
8619 15382
13595 17862
13595 18128
3129 9052
3129 8567
4233 9474
4233 5253
4233 7428
4233 17044
1105 5238
1105 16162
1105 5632
1106 13621
1106 13280
1106 10580
1106 18759
13280 14808
10580 10990
10580 12850
1107 8937
1107 19089
1107 14028
1108 1300
1300 14863
1300 15393
1300 2768
1300 8959
1109 3647
1109 5400
3647 8366
3647 11332
5400 14641
5400 16196
5400 16142
5400 15446
5400 8332
1110 1863
1111 1239
1111 8486
1111 13302
1111 14208
1111 9196
1111 10530
1239 12707
1239 16325
1239 9297
1239 16447
8486 11966
8486 15965
8486 12807
8486 10521
8486 9272
13302 16705
13302 15286
9196 9853
1112 13336
1112 7738
1112 4700
1112 12913
1112 16369
4700 16215
4700 8090
4700 8481
12913 19591
1113 4877
1113 19583
1113 2399
1113 11706
1113 13040
4877 10268
4877 15993
2399 2913
2399 13740
2399 14813
2399 6024
2399 16559
2399 12366
2399 14677
2399 8354
11706 13342
11706 16567
11706 15332
13040 18198
1114 9849
1114 4478
1114 17226
1114 3520
9849 15766
3520 5009
3520 19487
3520 13368
3520 17624
3520 11708
1116 14947
1116 5996
5996 7373
5996 6305
5996 18729
1117 15899
1117 12655
1117 11431
1117 13176
1117 6145
1117 3060
15899 18242
15899 19038
11431 14927
6145 12073
6145 9930
6145 15937
3060 14338
3060 8062
3060 13833
8193 10737
8193 12751
1119 19119
1119 8902
1119 18550
1120 3055
1120 13174
1120 2859
1120 3853
1120 11898
1120 16985
3055 11225
3055 17154
3055 10959
3055 18657
13174 15807
2859 14443
2859 8548
2859 12940
2859 9663
11898 12903
11898 13240
1121 2292
1121 5318
1121 13111
1121 18238
1121 18129
2292 4344
5318 12541
5318 19213
5318 12775
5318 12739
5318 13103
5318 14399
13111 16697
18129 19138
1122 1759
1759 10263
1759 6826
1759 14772
1759 9641
1759 4911
1759 8986
1123 6577
1123 15552
1123 6753
1123 3341
1123 8163
1123 8561
15552 17437
15552 16930
6753 17241
6753 15053
6753 14890
6753 17099
3341 19477
3341 14781
3341 7604
3341 17784
3341 19943
3341 5511
15297 17641
15297 17592
6400 7507
1127 12377
1127 7126
1127 9497
1127 18781
7126 9350
7126 10128
7126 12267
9497 11800
1128 8821
1128 12240
1128 4383
1128 2757
8821 14647
12240 18071
12240 18494
12240 14492
4383 4494
4383 6472
4383 11473
4383 11467
4383 8113
2757 4902
2757 4606
1129 8814
1129 10278
8814 9282
10278 11942
1130 11702
1130 6533
1130 13906
1130 3343
11702 15045
13906 18534
3343 18165
3343 17061
3343 14745
3343 17355
3343 3674
1131 7311
1131 1136
1131 5537
7311 12134
5537 8030
5537 19208
5537 19307
5537 18270
5537 14353
5537 11669
5537 15531
5537 7017
5537 18938
1132 7641
1132 4657
1132 11019
4657 17245
4657 12208
4657 5633
4657 5287
4657 12157
4657 18708
11019 12711
1133 14335
1133 10957
10957 15144
7364 11673
7364 16185
7364 18376
14616 15617
14616 18213
11755 14954
11755 15715
11755 19454
11755 18434
18252 19796
1135 5988
1135 5613
1135 4566
1135 2364
1135 6754
5988 6900
5988 16691
5988 17993
5988 9664
5613 16044
5613 10677
5613 13699
5613 5889
6754 9754
6754 14563
6754 8602
6754 16390
8946 9697
8735 12688
8735 10772
5046 6030
5046 10140
5046 14118
5046 8135
18638 18869
6588 16842
6588 7750
6588 12468
9319 16981
9319 16569
1138 16696
1138 16385
16385 18355
16385 18254
16385 19720
16385 18329
1139 13417
1139 16684
1139 16990
1139 15793
1139 13752
13417 19929
13417 18545
16990 19611
13752 14519
13752 14704
1140 1409
1140 4970
1140 5220
1409 16849
1409 3021
1409 16287
1409 16922
4970 11575
4970 15574
4970 13805
1148 10029
1148 1896
1148 4709
14163 15474
14163 15101
2422 4907
2422 19210
2422 19550
2422 16947
9553 14135
9553 18596
9553 17866
1142 3148
3148 13955
3148 7328
3148 18022
3148 7983
1611 17416
1611 3682
1611 19975
1611 19156
1611 4331
1611 16881
7440 11321
7440 14567
7440 16552
5346 5701
5346 9269
5346 8512
1144 10468
1144 17493
1144 18381
10468 11758
7581 17564
7581 17806
7581 19927
16164 18214
10212 19614
5725 17157
5725 13025
5725 16366
5725 12984
1146 11994
11994 12536
1147 16361
16361 16396
16361 18891
10029 19570
10029 14895
10029 19171
10029 16093
10029 12422
10029 13153
1896 16347
1896 15997
1896 18187
1896 8898
1896 16979
1896 10857
4709 13659
4709 15413
4709 5133
1149 4544
1149 4257
1149 17797
1149 2720
4544 15593
4257 17966
4257 4374
4257 15529
4257 12328
4257 18383
2720 17156
2720 13504
2720 9467
2720 9267
2720 18515
17262 17542
5230 9587
5230 9003
5230 16606
5230 11296
5230 17610
1151 9595
8035 11992
9227 9590
9227 9298
5807 6471
5807 12591
7678 9546
7678 18653
9011 17267
9011 11304
1334 18446
1334 7528
1154 12720
1154 17691
1154 4879
1154 8253
4879 5015
4879 16496
4879 10888
1155 1588
1155 7852
1155 14357
1588 19204
1588 13491
1588 6025
1588 12931
7852 10798
7852 9014
7852 11748
7852 12732
14357 19469
1156 16362
1156 18797
1156 8071
1156 5070
16362 18942
8071 13517
8071 13028
8071 18437
8071 19748
5070 18086
5070 11139
5070 16827
5070 18198
1157 16632
1157 10319
1157 13276
1157 4510
1157 15264
10319 10996
10319 15057
10319 19013
10319 17492
13276 15298
13276 18665
13276 14155
4510 14903
4510 18943
1158 12312
1158 16976
16976 18272
1159 16340
1159 9356
9356 19628
1160 15705
1160 14787
1160 13659
1160 14213
1160 12398
15705 19439
14787 18131
14787 19180
14213 14567
14213 18813
1161 13400
1161 16522
1161 8770
16522 16558
16522 17199
8770 12297
1162 10584
1162 18385
1162 16771
18385 18398
16771 19782
1163 4939
1163 3126
1163 15313
1163 2295
4939 16268
4939 13370
3126 16836
3126 18954
3126 17637
3126 16623
3126 5835
3126 7698
3126 4408
2295 2720
2295 18226
2295 3744
2295 19582
2295 16373
1164 12334
1164 19685
1165 14683
1165 16574
1165 7136
1165 9320
1165 18699
14683 16270
14683 18574
14683 17580
7136 8989
7136 11153
9320 16157
9320 15119
9320 17692
1166 9622
1166 2178
1166 18977
1166 2570
1166 14224
1166 10454
9622 11604
2178 12021
2178 8968
2178 4681
2570 8133
2570 8256
2570 10155
2570 18013
2570 11858
2570 3078
2570 15122
2570 13344
1167 15286
1167 1918
1167 1229
1918 3423
1918 14991
1918 11265
1918 9587
1229 4550
1229 5634
1229 12697
1229 11337
5935 11004
5935 11138
5935 12496
5935 6723
16953 18345
16953 18341
1997 12309
5979 13913
5979 13282
5979 7397
7904 18952
1170 13508
13508 13865
13508 19653
13508 17615
1171 19152
1171 2074
2074 10486
2074 2442
7964 11596
7964 19810
7964 9222
7239 17718
7239 7731
7239 19198
7239 13145
1174 1644
1174 11581
1174 17830
1644 12532
1644 6096
1644 5339
1644 4545
1644 6503
1644 15910
11581 13765
11581 15954
11581 18131
11581 15630
12638 18908
9259 12169
9259 15161
9259 15838
4296 7102
4296 15135
1176 14271
1176 12407
1176 15358
1176 19172
1176 6642
14271 15643
14271 17185
14271 17354
19172 19727
1177 6850
1177 2752
1177 12492
1177 7557
1177 18526
6850 12486
2752 8499
2752 11392
2752 9264
2752 8961
7557 16138
7557 9425
7557 16170
1178 12756
1178 15364
1178 5958
1178 11694
1178 11467
12756 18794
15364 15730
15364 18613
15364 16863
15364 18291
5958 17006
5958 9811
5958 7501
5958 17579
5958 17991
11694 14272
11694 13488
11467 17888
11467 14140
11467 17976
1179 4185
1179 9984
1179 5838
1179 15429
1179 17053
4185 14007
4185 5146
9984 17916
9984 19880
5838 15737
5838 17087
5838 9378
1180 13131
1180 3734
3734 14804
3734 9401
1181 13888
1181 19551
1181 16455
1181 8616
13888 19384
16455 18404
8616 13408
1182 1238
1182 3146
1182 15499
1238 8035
1238 18918
1238 13914
3146 16100
3146 9044
15499 18980
1183 11147
1183 12189
1183 4261
11147 16294
11147 15009
11147 18436
12189 19176
4261 12818
4261 18375
4261 13456
4261 8036
4261 4728
1185 9981
1186 8463
1186 3672
1186 5026
1186 13164
1186 8721
1186 6024
1186 12417
8463 10500
8463 17654
8463 18340
3672 12759
3672 12207
3672 10344
5026 13457
5026 11150
13164 15337
6024 9034
6024 10290
6024 12711
6024 18540
6024 9844
12417 17750
1187 18749
1187 5679
5679 7747
5679 17776
5679 16895
5679 8742
1188 19557
1188 7917
1188 19464
1188 6756
1188 3337
6756 13547
6756 19952
6756 13750
3337 8924
3337 15497
3337 17072
3337 6316
3337 9471
3337 7600
8080 18884
8080 16875
8080 10007
9170 18847
9170 13667
9170 17145
9170 13849
5440 10828
9575 18662
9575 10427
9992 19451
9992 12310
11893 16490
11893 13130
3806 10356
3806 7971
3806 13632
1191 3124
3124 11699
3124 4550
3124 4568
1192 1616
1192 15898
1192 14262
1192 16129
1192 12445
1192 10916
1193 5982
1193 14127
1193 14411
1193 19107
5982 17837
1194 3703
1194 16057
3703 5131
11639 13918
4975 7345
14928 19099
1196 5410
5410 19633
5410 13963
5410 10652
5410 17303
1197 15810
15810 19565
15810 18909
15810 15955
1198 17865
1198 8092
1198 15784
8092 13008
15784 19715
1199 14536
1199 1894
1199 7936
1199 4661
14536 17931
1894 12406
1894 11088
1894 8689
7936 14312
7936 19556
4661 7718
4661 11051
1200 5811
5811 10817
5811 17785
1201 9608
1201 18285
9608 17669
1202 12780
1202 17094
1202 8652
1202 5664
1203 17034
1203 13110
1203 14212
1203 19824
17034 17900
13110 19705
13110 13522
13110 14573
13110 18258
14212 19915
1204 11731
1204 6156
1204 12673
1204 19055
11731 14772
11731 16695
11731 18971
6156 16838
6156 16480
6156 11538
6156 13323
1205 5281
1205 8674
1205 1436
1205 18820
1205 16392
1205 6338
5281 18214
5281 9561
5281 8813
5281 9738
8674 12120
8674 12375
8674 19314
1436 6372
1436 6645
1436 18782
1436 2963
1436 15601
6338 12536
1206 1739
1739 3344
1739 9798
1739 17898
1739 10913
1207 13044
1207 5075
1207 6417
1207 6122
1207 10204
1207 16407
1207 10809
13044 14370
5075 8781
5075 7517
6417 11855
6417 12923
6417 10512
6122 15354
6122 12576
6122 11846
6122 8658
11718 12190
11718 19080
1209 13136
1209 10513
1209 16733
1209 12419
1209 8349
13136 15300
10513 19501
12419 13913
12419 17828
8349 17166
8349 11321
8349 13630
8349 14668
1210 19339
1210 4098
1210 1511
4098 16727
1511 9609
1511 14408
1511 6842
10492 15234
12674 14294
12674 15874
12674 15044
12063 18834
1212 19830
1212 7661
1212 15911
7661 11922
7661 8771
1213 14886
1213 8140
1213 10631
8140 9892
8140 13870
8140 13769
1214 14815
1214 7438
1214 5696
7438 12393
7438 8292
7438 19253
5696 6137
5696 17301
5696 15354
5696 8293
1215 3401
3507 17332
3507 15943
3507 7579
3507 14513
8382 18298
8382 14345
8382 15418
1217 6716
1217 10946
1217 18156
1217 9008
1217 6656
9008 12049
9008 16006
9008 9282
6656 14034
1218 12404
1218 19679
1218 4649
12404 13222
4649 6700
4649 7560
7621 11628
7621 7952
5012 11490
8891 19394
8891 9340
11168 17811
1220 15071
1220 14474
1220 7228
1220 19799
15071 18585
15071 15255
7228 13303
7228 9470
1221 11971
1221 3271
1221 4560
1221 16537
11971 16316
11971 15695
3271 12433
3271 6842
3271 9574
3271 19605
3271 17604
4560 15458
4560 19766
4560 10720
16537 18359
16537 18984
16537 16716
1222 5400
1222 18941
1222 11611
1222 7877
1222 15316
1222 16478
1222 13624
13624 17720
11714 18539
3712 12922
3712 15213
3712 7456
3712 10889
3712 6410
17192 17218
8184 9315
8184 15774
8184 16414
4193 18661
4193 15757
4193 11340
4193 5240
4193 6007
4193 12702
1226 3099
1226 12050
1226 11471
1226 15535
1226 7515
12050 13616
7515 13618
7515 12267
7515 14268
1227 16479
1227 10815
1227 14598
1227 4963
1227 6267
10815 17657
10815 15952
10815 16300
10815 17731
4963 16578
4963 15335
4963 19897
4963 14100
6267 17407
1228 3457
1228 13747
1228 11221
13747 16026
11221 12083
4550 10151
4550 18954
4550 17689
4550 12636
4550 11417
4550 14080
4550 7061
5634 14314
5634 9367
5634 19609
11337 17100
11337 15100
11337 15965
1230 15159
1230 6353
1230 13729
6353 16680
6353 10107
6353 13205
6353 6434
6353 13534
6353 10586
6353 10281
1231 16041
1231 3483
1231 11497
1231 2689
1231 9985
1231 13746
16041 18596
3483 6021
3483 19440
3483 13194
11497 12216
11497 19721
2689 18710
2689 18129
9985 15318
13746 18050
13746 18404
13746 14909
13746 14277
13746 17281
13746 15802
13746 15605
1232 8004
1232 15334
1232 10322
1232 14859
1232 3586
1232 18589
1232 12610
1232 8828
1232 5670
8004 17845
8004 16859
8004 8577
8004 11091
10322 12551
10322 13171
3586 6665
3586 5938
3586 8526
12610 18060
8828 10406
8828 11432
5670 8352
5670 19177
5670 19870
1233 8735
1233 2855
1233 4795
1233 10646
1233 11603
1233 3064
2855 19041
2855 13902
2855 7285
4795 6215
4795 15373
4795 9257
4795 12544
4795 12501
10646 15395
10646 19814
10646 14207
1868 4715
1868 4040
1868 8426
1868 15795
1868 16080
1868 19993
1868 5106
1235 12292
12292 15079
1236 16517
1236 16225
1237 10065
1237 7752
1237 8476
1237 17580
1237 13484
7752 11212
7752 10806
7752 11227
7752 8764
8476 14667
8476 15955
8476 15586
8476 19960
17580 18896
13484 17718
13484 19462
13484 18869
13484 17825
16325 18284
9297 11137
9297 16572
1240 2723
2723 15245
2723 18527
1241 19990
1241 14470
1241 6386
1241 1550
1241 6207
1241 4229
14470 19196
14470 15140
6386 7499
6386 18561
6386 16408
1550 8910
6207 13437
6207 12546
4229 14336
1242 16787
1242 19155
1242 10688
10688 18541
1243 10351
1243 7052
1243 1729
10351 11247
10351 11619
10351 10721
10351 14190
7052 14891
7052 8287
7052 18664
7052 12580
7052 10819
1729 10791
1729 11364
1244 8590
1244 14590
1244 18468
8590 16706
8590 15303
18468 19972
5525 7793
5525 9395
15565 15894
10247 18558
5458 10804
5458 8480
5458 16275
5403 7424
18045 18759
1247 13679
1247 10351
1247 11271
1247 17868
1247 15079
11271 17029
17868 17911
1404 10609
1404 8514
1404 17901
1404 1929
1404 12584
1404 4823
1250 15978
15978 18152
1414 8225
1414 15779
1414 18635
1414 9088
1414 18785
1414 11021
1414 6823
10522 18094
10522 12551
8217 14003
8217 17422
7140 17078
7140 8539
7140 14799
14964 18476
1253 5926
1253 4579
1253 13412
1253 6113
1253 4418
1253 9575
1253 11483
13412 15458
13412 15746
4418 9464
4418 18867
4418 14219
4418 14623
4418 14860
4418 11029
4418 5408
11483 11974
11483 16323
1254 12480
1254 9338
1254 15128
12480 18337
12480 12988
12480 12709
9338 14422
9338 10939
9338 14597
15128 16924
1255 1435
1255 8380
1255 5425
1435 5343
1435 4221
1435 6829
1435 13138
8380 9250
5425 17564
5425 7352
5425 14352
5425 14651
1256 18269
1256 18829
1256 19966
1256 10901
10901 12871
10901 12164
10901 11714
10901 14587
1257 17296
1257 11348
1257 11024
11348 15162
11348 19854
11348 15125
11024 11660
11024 15907
1258 4621
4621 10162
4621 13706
1259 9591
1259 11860
1259 3855
1259 10822
1259 14076
1259 5733
1259 8581
1259 13306
1259 13188
1259 13103
1259 3404
9591 13518
9591 15859
11860 19001
3855 4463
3855 4913
3855 17354
3855 16224
5733 10003
5733 6744
5733 11234
13306 16090
3404 4089
3404 6640
3404 16439
3404 5534
3404 11927
3404 4138
3404 18316
3404 16267
1260 9267
1260 2258
1260 14563
1260 14367
9267 19494
2258 17336
14563 15832
14563 17843
1261 13070
1261 16516
13070 19115
13070 13492
1262 4032
1262 11618
1262 11192
1262 14209
1262 12868
4032 5741
4032 8586
4032 15551
4032 7176
4037 17507
2918 4240
2918 9044
2918 5257
2918 4444
9698 17783
2135 6552
2135 5854
2135 7775
2135 10783
2135 19967
8392 15156
1265 8298
1265 1289
1265 1959
1265 5702
1265 9578
8298 11784
8298 13481
1289 7030
1289 12775
1289 1672
5702 12983
5702 18427
5702 11201
5702 7484
9578 11519
9578 17950
9578 11498
9578 13594
1266 2791
1266 3807
1266 19966
3807 4628
3807 15303
3807 4355
3807 17137
3807 18077
11921 14522
11921 13855
11921 14408
11921 19596
11921 15694
12356 18701
4002 10412
4002 13792
4002 15963
4002 13857
1268 4279
1268 15898
4279 5166
4279 14453
4279 18298
4279 15247
1269 8683
1269 7835
1269 13242
8683 17013
8683 19269
8683 12645
8683 19596
7835 11218
7835 8854
7835 17014
13242 14951
1270 1485
1270 10778
1270 2839
1270 4707
1485 12713
1485 8483
1485 4114
2839 4334
2839 3015
2839 11224
2839 10421
4707 19561
4707 7656
4707 5129
1271 8670
1271 15494
1271 11253
8670 19810
8670 15363
8670 11602
15494 16569
11253 16114
11253 18071
1272 7428
1272 5969
1272 14985
1272 1883
1272 17706
1272 13320
1272 5018
1272 18767
1272 4348
1272 17792
7428 17362
7428 18567
14985 16083
14985 17033
14985 15250
1883 9645
1883 11620
13320 16907
13320 17611
5018 5908
5018 7026
5018 19427
4348 5508
4348 5398
4348 16786
4348 8166
4348 10480
4348 15859
4348 18387
4348 10800
1273 4220
1273 6825
1273 16379
1273 12857
4220 6415
4220 13994
4220 18345
6825 15160
6825 10407
6825 16857
16379 16485
12857 17696
1274 12611
1274 12583
1274 19316
1274 6206
1274 14232
1274 5852
12611 16315
12611 14332
6206 11494
14232 18124
1275 8271
1275 18347
8271 16853
8271 14695
1276 4573
1276 13348
1276 14594
1276 18974
4573 15370
4573 4804
13348 15347
13348 18794
13348 15909
14594 14705
14594 15382
1277 18250
1277 3233
1277 19577
18250 19622
18250 19177
3233 17877
1278 6195
6195 13324
6195 6240
6195 17446
6195 12941
6195 7564
6195 7156
1279 2370
1279 19385
1279 8146
2370 18550
2370 7839
2370 10833
2370 17525
2370 10529
1280 12533
1280 7819
12533 17886
12533 16937
12533 19551
12533 14215
12533 18335
7819 9724
7819 12499
7819 8453
1281 13113
1281 4191
4191 8343
4191 8882
4191 13786
4191 5412
1282 6987
1282 15699
1282 9117
6987 11469
6987 8878
6987 18660
1283 18551
1283 16232
1283 19819
1283 13904
18551 19504
16232 17447
1284 9504
1284 7438
1284 6121
1284 15043
1284 17185
1284 4524
9504 13074
9504 11129
10500 19021
1286 10070
1286 9147
1286 3302
1286 19647
10070 18001
10070 10702
10070 14473
10070 18158
10070 12620
9147 16308
9147 12210
9147 12744
9147 16860
1288 4118
4118 15511
4118 12606
4118 5190
12775 16526
12775 19479
1672 5518
1672 12217
1672 19182
1672 11192
1672 14326
1290 17931
1291 3318
1291 15607
1291 6416
1291 2226
1291 14563
1291 15524
3318 12042
3318 9463
6416 14994
6416 12371
6416 8890
6416 12033
1292 16045
1292 6250
1292 7872
1292 7947
16045 16490
16045 16748
6250 11750
6250 17878
6250 15742
7872 13758
1293 7537
1293 14308
1293 13411
7537 15930
13411 19531
13411 13488
13411 19465
1294 14225
1294 12035
1295 4939
1295 14710
1295 3210
1295 19933
3210 13553
3210 6083
1296 8866
1296 3538
1296 10687
1296 19778
1296 14517
1296 7339
1296 5685
8866 10847
3538 4354
3538 10813
10687 15927
10687 15364
14517 18854
7339 10462
7339 12480
5685 18061
5685 6511
1297 16029
1297 12515
1297 5181
1297 18727
12515 17616
5181 19852
1298 17332
1298 12070
12070 15001
2768 15225
2768 6581
8959 11154
9933 11026
9933 14912
6522 12546
6360 16105
6360 16679
1302 3098
1302 8036
1302 15470
3098 9323
3098 19184
3098 8337
3098 11599
15470 17955
1303 19668
1304 14008
14008 18196
1305 17644
1305 15658
1305 10699
1305 13745
1305 17551
1305 18406
1305 4595
10699 18945
10699 13366
10699 13085
13745 15997
4595 14034
1306 10926
1306 18268
10926 14829
1307 16535
1307 2004
1307 8600
1307 19075
1307 7016
1307 1446
2004 17397
2004 17992
2004 12830
2004 4172
8600 19738
8600 19544
8600 17563
8600 10350
8600 14677
7016 17726
1446 19125
1308 4989
1308 9203
1309 8792
8792 11538
8792 18221
8792 17113
8792 18761
1310 2300
1310 17482
1310 2216
1310 1993
1310 1781
1310 8819
1310 18412
2300 11032
2300 2568
2300 4952
2300 18514
2300 4117
2216 16017
1993 16848
1781 14458
1781 6587
8819 11048
18412 19012
1311 14328
1311 3122
1311 6078
14328 19862
3122 4058
3122 13242
3122 10976
3122 5947
6078 17555
6078 9108
6078 15691
1312 8758
1312 6079
8758 19356
8758 14308
6079 14003
6079 9911
6079 8598
6079 10955
6079 16467
6079 15641
1313 19864
1313 10391
10391 17868
10391 14756
1314 6978
1314 17850
1314 14517
17850 18107
1315 9810
1315 7742
1315 1667
9810 13536
1667 13963
1667 5654
1667 16324
18219 19686
1317 3686
1317 19290
1317 12496
3686 8518
3686 19172
3686 15942
1318 8950
1318 12295
1318 4862
1318 14167
8950 19231
8950 17395
8950 14495
14167 14282
14167 17822
14045 19456
14045 15573
1763 10082
1763 8329
8019 16206
8019 11022
1320 2355
1320 10477
1320 8312
1320 3009
2355 5623
2355 15009
10477 18817
10477 19716
8312 8481
8312 18783
8312 9918
6283 19757
12639 16260
16557 18373
16557 19480
1891 5301
1891 3666
1891 12563
2881 11465
2881 16607
2881 7388
2881 13034
7546 9236
1322 7793
1322 19909
1322 12195
7793 16600
12195 17004
12195 18867
12195 17890
12195 13821
12195 14241
12195 15662
1323 18595
1323 7279
1323 19808
1323 19933
1323 15376
7279 11449
7279 8685
7279 16737
7279 18877
15376 15826
12365 12997
1325 9670
1325 4641
1325 11229
1325 18930
1325 19784
1325 16691
9670 12262
4641 5441
4641 12848
4641 15993
11229 17253
11229 12064
1326 7101
1326 19836
1327 6528
1327 4383
1327 19646
1327 6538
6528 15760
6528 14219
6528 17814
6538 13034
6538 7495
6538 13605
6538 10108
6538 9896
1328 12735
1328 18225
1328 9168
1328 2445
1328 15743
2445 5995
2445 8727
2445 8512
2445 15732
15743 17018
15743 17202
1329 7475
1329 11535
1329 3705
1329 5436
1329 13162
1329 11200
11535 11954
11535 18954
3705 11560
3705 6185
3705 18447
3705 10212
3705 8949
3705 11640
5436 14040
5436 6918
13162 15319
13162 19839
16840 18624
16840 17808
9122 10239
9122 13517
9122 10034
9122 14673
11688 19235
11688 16409
11688 16207
11688 12553
11688 16584
1331 8784
1331 5437
1331 8255
1331 12623
1331 17075
8784 17738
8784 19470
8784 18221
8784 15692
5437 19434
5437 9372
5437 6298
12623 12769
12623 19442
17075 17298
1332 8573
1332 13994
1332 10898
1332 16175
1332 8389
1332 8589
1332 17542
1332 2105
1332 16484
1332 13173
10898 18585
10898 12551
10898 11666
16175 16198
8389 11080
8389 11991
17542 19469
17542 18452
2105 9497
2105 6876
2105 2195
2105 6833
1333 14822
1333 2469
1333 1526
1333 1607
1333 18450
14822 17303
14822 16475
14822 16946
2469 9031
2469 13683
2469 18573
1526 4372
1526 11180
1526 13205
1526 17990
7528 14424
7528 11124
7528 16209
7528 13920
7528 17065
1335 17489
1335 6178
17489 19955
18139 19449
9792 10874
9792 11606
1337 9290
1337 14097
14097 19851
14097 15098
1338 4093
1338 3130
1338 18914
1338 13361
1338 16141
3130 7860
3130 4388
3130 6133
1339 16175
1339 1707
1339 13211
1339 4629
1707 19477
13211 16348
4629 7694
4629 19253
4629 19412
1340 9140
1340 5700
5700 19082
5700 9431
5700 10922
5700 14136
13304 15920
1342 2211
1342 4644
1342 1732
1342 17928
1342 7585
1342 3277
2211 3982
2211 17572
2211 19613
2211 19049
2211 13305
1732 3887
1732 2581
1732 2376
1732 15550
1732 17509
7585 8465
7585 14314
7585 19641
7585 19921
3277 18831
3277 18131
3277 7999
1343 6270
1343 5347
1343 10622
1343 11130
1343 5631
1343 4271
1343 1920
6270 16171
6270 9304
11130 18618
11130 18857
5631 7646
5631 19548
5631 16500
5631 14964
4271 14054
4271 9611
4271 15304
1920 13500
1920 7256
1344 15215
1344 17506
1344 6370
15215 16622
17506 19213
1345 19440
1345 7446
2247 13201
2247 18069
2247 15533
2247 18174
2247 5118
10064 14218
12151 19969
1348 7080
1348 18426
1349 1451
1349 6961
1349 13677
1349 2115
1349 18104
1349 3967
1349 11896
1349 7605
1349 3658
1349 12319
1451 5080
1451 7188
1451 4316
1451 14530
1451 15323
1451 2072
1451 13125
3967 8775
3967 15560
3967 13366
3967 14430
3967 17904
3967 19289
3967 19107
11896 16723
7605 14707
3658 10611
3658 18085
3658 10644
12338 19108
12338 14850
4403 19266
4403 4600
4403 19613
4403 18677
4403 9043
11379 15348
14414 16267
14414 15166
14414 14846
7405 14510
7405 9796
7405 14020
7405 18898
7405 15964
15220 16161
14277 19473
1352 6068
1352 17672
1352 17563
1352 2389
1352 17696
2389 7117
2389 9430
1353 3073
1353 14181
1353 11887
1353 7805
3073 15642
3073 11585
3073 10410
3073 15735
3073 19158
11887 19084
11887 16399
7805 12833
1354 4573
1354 15266
15266 18892
1355 4212
1355 9275
1355 2882
2882 11732
2882 19899
1356 10600
1356 10477
1356 5293
5293 7812
5293 15725
5293 9234
5293 10069
5293 17674
5293 19472
1357 3271
1357 16023
1357 9819
16023 19607
16023 16645
9819 14946
9819 13805
1358 1783
1358 5192
1358 4860
1358 11484
1358 16650
1358 4646
1783 12249
1783 9742
5192 16868
5192 8690
4860 8289
16650 19840
16650 17533
16650 19760
4646 18474
4646 9075
1359 8506
1359 14359
1359 17964
1359 3934
1359 18993
8506 12030
17964 18356
3934 6176
3934 17401
1360 2719
1360 16179
1360 8348
1360 2761
2719 3462
2719 4728
16179 16280
16179 16974
8348 13188
8348 18709
2761 9403
8313 13779
8313 17092
8313 12354
8313 16738
12427 15031
12427 19595
9644 16719
9644 16166
3111 15541
3111 3935
3111 6489
13768 19367
9865 10609
9865 11750
9865 12221
1363 18390
1363 17582
1363 15232
15232 17348
15232 15841
1364 9140
1364 13221
1364 8056
1365 3243
1365 7603
1365 11710
1365 19178
1365 2975
1365 9201
1365 12606
1365 17407
3243 8461
3243 10991
3243 13861
3243 13611
7603 10352
7603 9999
2975 6776
2975 11497
2975 10594
2975 5387
2975 17269
2975 19605
2975 18434
9201 18125
1366 11507
1366 14016
1366 7137
1366 4879
11507 15369
11507 17414
14016 15054
7137 18141
5847 17618
5847 12932
9216 14652
9216 12591
9216 10098
1747 18883
1747 2638
1747 17590
1368 16752
1368 7542
7542 17523
7542 10092
7542 14643
7542 17314
1369 2302
1369 13539
1370 11484
1370 6907
1370 12147
1370 7802
12147 17905
12147 13382
7802 13152
7802 15005
7802 9046
7802 13882
1371 19319
1371 13151
1371 6806
1371 8684
14425 17787
19355 19708
9350 13347
9350 12577
18432 18593
5351 19987
5351 13179
4426 7953
4426 11560
4426 9529
4426 14113
1374 13568
1374 7893
1374 5069
1374 17488
1374 13674
1374 4482
13568 17664
7893 15502
5069 10936
13674 13761
13674 16558
4482 14916
4482 17035
4482 7815
1375 10905
1375 10151
1375 9660
1375 19948
10905 16025
10151 14903
10151 13522
1376 1769
1376 1475
1376 6505
1376 19235
1376 15067
1769 6059
1769 10138
1769 13106
1769 2095
6505 13253
1377 18229
1377 4732
1377 13244
1377 14545
18229 18453
4732 16163
4732 8387
13244 15224
13244 15546
13244 14152
1378 9818
1378 8037
1378 14999
1378 16032
1378 17825
1378 19633
8037 19429
8037 10629
8037 11189
8037 11159
6801 13458
6801 16608
6801 12647
6801 11078
6801 9579
6801 18066
1380 16292
16292 16513
16292 16594
1381 5838
1381 14873
14873 15579
1382 10144
1382 9544
1382 16929
1382 12118
10144 14742
10144 10657
10144 17286
9544 11862
16929 19418
16929 17574
12118 17646
1383 2319
1383 7287
1383 4230
1383 14916
1383 2087
1383 14198
2319 7696
2319 14729
7287 18945
4230 10181
4230 14616
14198 16822
1384 19382
1384 18020
1384 2134
1384 17526
17526 19981
17526 18016
1385 4724
1385 7116
1385 17106
4724 6149
4724 5332
4724 16891
7116 16892
7116 10753
7116 16133
17106 17367
1386 11159
1386 17117
1386 1462
1386 17397
11159 14300
17117 19985
1462 6540
1462 17332
1462 7205
1462 5846
1462 15251
1387 8272
1387 18134
8272 11414
8272 19856
1388 16724
1388 7306
1388 19818
1388 13163
1388 4066
1388 18830
1388 14463
7306 13744
7306 14732
7306 11043
7306 9937
13163 16113
13163 16873
8925 15169
14965 17092
1390 5281
1391 4607
4607 9573
3737 13827
3737 19903
3737 11894
3737 19456
3737 15990
3737 16006
2177 13882
2177 18897
2177 7877
12106 18274
12106 19315
12106 17254
13359 18029
13359 14063
1394 18911
1394 12905
1394 1983
1394 12916
1394 19699
1394 13681
12905 15587
12905 15167
1983 8181
1983 8671
1983 18352
12916 15596
1395 1421
1395 14107
1395 4874
1395 19334
1421 18811
1421 17051
1421 4576
4874 7005
4874 9787
1396 18228
1396 5784
4564 13433
4564 7512
4564 8004
1398 18083
1399 9313
1400 14430
1400 14945
1400 10423
1400 7927
1400 2228
1400 9070
10423 12355
10423 19971
7927 19292
7927 17094
7927 18683
7927 19452
2228 13444
2228 10432
2228 4111
2228 15799
9070 16770
9070 15554
18650 19359
1471 8575
1471 14748
1471 2957
1402 13861
13861 18727
1403 8033
1403 18070
1403 16517
1403 18187
1403 19708
1403 10551
8033 14697
10609 13528
10609 14728
8514 11820
8514 15553
1929 3325
1929 16592
1929 14406
1929 14211
4823 15195
4823 17013
4823 7996
4823 16582
1405 19265
1405 8291
1405 11157
8291 12534
8291 17772
8291 13471
8291 10355
8291 13807
1406 2325
1406 2534
2325 9529
2325 11047
2325 19380
2325 4905
2325 6354
1407 16760
1407 6858
1407 17777
1407 17826
1407 6217
1407 17752
6858 12419
6858 12962
6858 15435
17826 19094
17826 17950
17826 19158
17826 18945
6217 19938
6217 7069
6217 10496
6217 15012
6217 16155
6217 6419
6217 16741
17752 17867
1408 4347
1408 18600
1408 11667
1408 13274
1408 19221
1408 16164
1408 2045
4347 8936
4347 19529
4347 5285
13274 17133
2045 11336
2045 16880
2045 16554
2045 7674
3021 9378
3021 16551
3021 16685
16922 19506
1410 8639
1410 11704
1410 7899
1410 17255
1410 2829
1410 1655
1410 9384
8639 18760
8639 17497
7899 17576
7899 15397
1655 7396
9384 16819
9384 17610
9384 10668
1411 18533
18533 19679
1412 7714
1412 14681
1412 7384
7714 8716
7714 14844
7714 9023
10999 14813
10999 14103
8225 19074
8225 15314
15779 19954
9088 13827
9088 10831
9088 15902
11021 16902
11021 15113
1415 13687
1415 7049
1415 6126
6126 17747
6126 11271
6126 12401
1416 8715
1416 9245
9245 18477
9245 14312
9245 14293
9245 18069
4787 15045
4787 15409
1665 18848
1665 16613
1665 2017
1665 6601
1665 15868
1418 5374
1418 2398
1418 8112
1418 14988
1418 6759
5374 12578
5374 17609
5374 13178
2398 5967
2398 9746
8112 13247
8112 15504
8112 14426
8112 16236
14988 17452
14988 17433
6759 17341
1419 2947
1419 7476
1419 14661
2947 17394
2947 10782
2947 16355
2947 15426
2947 9988
2947 19187
7476 8698
7476 11129
14661 18413
1420 12985
1420 19339
12985 13310
4576 9877
4576 9950
4576 7260
1422 15224
1422 19841
1422 15263
1422 18707
15263 16229
1423 14147
1423 11552
1423 5839
5839 16638
5839 13584
5839 6696
1424 15766
1424 18507
1424 8275
1424 14088
1424 13771
1424 18884
14088 19410
1425 12564
1425 6355
1425 7580
1425 9923
1425 11399
1425 4467
1425 9839
7580 14967
9923 12723
9923 14109
11399 17058
4467 12425
4467 17832
5915 8281
5915 6494
5915 6474
5915 16074
5915 6071
11995 17529
9398 12246
1427 3680
1427 14406
1427 3638
14406 16226
14406 17385
3638 3864
3638 3968
1428 16357
1428 6735
1428 9098
1428 13469
1428 19748
9098 19360
13469 17023
1429 16102
1429 3366
1429 11871
1429 10924
3366 6606
3366 5422
11871 16355
11871 11987
10924 12187
10924 13150
10924 14930
8207 10550
8207 10344
8207 14645
12612 14940
1431 5785
1431 14544
1431 18604
1431 3523
1431 11158
1431 5166
5785 8637
5785 11108
5785 6569
5785 17792
5785 14346
14544 16470
14544 17030
14544 15859
3523 17296
3523 10684
3523 13248
5166 19955
5166 16065
1432 15660
1432 10538
1432 18062
1433 15943
15943 19235
1434 7514
1434 15402
1434 17674
1434 17737
7514 17547
7514 10930
15402 18689
15402 17248
5343 13892
5343 9932
5343 14073
4221 4682
4221 9546
13138 19960
6645 9509
6645 16014
6645 18483
6645 19009
18782 19318
2963 9905
2963 4544
2963 16797
2963 15570
15601 18352
14961 19396
14961 15141
14961 18801
6590 10936
6590 11193
10402 12444
10402 12129
1438 17546
1438 7670
1438 7026
1438 15941
1438 12019
17546 19344
7670 13127
7670 9422
15941 18846
12019 12760
12019 18810
12019 12158
1439 7698
1439 7788
7698 11771
7698 8548
1440 12212
1440 19785
1440 7733
1440 11755
1441 6415
1441 12826
1441 18996
1441 17935
1441 8731
1442 14509
1442 5141
1442 2517
1442 16076
2517 13429
1443 11776
1443 15398
1443 15193
1443 13616
11776 13876
11776 12993
15398 16483
15398 16397
15193 17593
13616 17838
1444 13591
1444 6347
1444 3348
1444 17618
1444 18707
1444 9201
13591 19716
13591 14199
3348 4339
3348 9520
3348 18330
1445 14027
1445 3871
1447 8355
1447 10812
1447 5625
1447 19920
8355 10175
8355 14410
8355 18518
10812 15489
10812 19367
5625 14847
5625 5756
5625 7333
5625 16542
5625 12892
5625 18000
1448 11754
1448 11301
1448 14533
11301 16636
14533 18617
1449 1742
1449 16206
1742 15890
1742 16262
1742 13829
16206 17469
1450 5208
1450 16932
1450 18711
1450 11893
1450 11422
1450 16720
1450 19504
11422 18953
11422 15540
16720 17333
16720 19793
5080 12257
5080 5189
7188 13723
7188 12572
4316 14716
4316 6325
2072 15130
2072 2179
2072 19001
2072 3011
2072 12618
2072 14775
13125 17648
13125 18924
13125 17694
1452 13014
1452 16109
1452 18620
3394 15989
2691 6231
2691 13987
9411 10916
11164 11512
1454 13633
1454 14164
1454 11976
1456 16619
1456 9777
9777 17543
9777 14071
1457 15885
1457 4054
1457 16385
1457 5829
1457 8225
4054 7375
4054 12562
4054 17100
4054 4893
1458 11938
1458 2708
1458 10596
1458 5723
1458 13319
1458 17855
1458 12585
1458 2705
11938 15988
11938 19359
10596 19402
10596 17241
10596 10688
12585 12606
12585 16589
12585 15691
12585 15998
2705 6546
1459 9642
1459 9194
1459 14982
1459 7978
9642 14153
9642 13718
14982 16358
14982 15443
14982 19450
7978 18668
7978 14023
13395 18046
13395 19847
13395 14722
12387 19529
12387 16169
1461 2722
1461 17482
1461 16026
2722 12033
2722 6234
2722 4081
2722 18048
2722 14810
16026 16237
7205 15350
7205 14507
5846 11235
5846 18417
15251 19921
1463 16035
1463 2927
16035 19578
1464 11771
1464 11023
1464 8188
1464 19264
8188 10361
8188 9066
1466 18768
1466 3421
1466 10904
1467 19143
1467 8502
1467 14913
1467 3027
1467 4308
8502 15465
8502 14687
14913 18274
14913 17368
14913 16507
3027 16367
3027 12596
3027 9302
3027 14197
4308 14108
4308 16463
4308 7489
1468 3757
1468 6231
1468 16228
1468 12877
3757 10165
3757 17358
3757 10414
6231 19784
6231 9983
16228 18787
16228 16566
12877 14556
12877 17303
1469 12273
1469 16141
13446 18751
13446 14137
13446 13960
3316 5220
3316 11755
3316 5801
3316 15148
3813 14592
3813 9701
8575 9140
8575 18925
8575 19394
2957 9012
2957 12686
2957 16453
2957 11329
2957 14568
2957 19309
1472 2044
1472 15435
1472 2849
1472 4417
1472 16592
1472 16900
2044 19244
2044 10918
2044 7807
2044 14814
2044 8945
2044 6689
2044 14904
2044 2887
15435 19256
2849 6475
16592 17392
1473 5345
1473 6368
1473 9079
1473 2665
6368 14200
9079 9690
9079 14408
9079 15591
1474 2018
2018 7340
2018 8057
4127 16472
4127 19699
9720 13551
9720 9993
9720 14603
6596 10744
6596 7856
6596 19468
1477 12644
1477 16264
1477 3767
1477 9745
1477 16554
1477 1968
12644 16682
12644 17358
9745 16831
16554 17080
1968 10468
1968 5683
1968 18979
1968 6700
1968 14221
1968 15462
1478 3839
1478 18491
1478 16121
1478 2609
1478 14940
1478 11898
16121 17815
2609 2664
2609 14603
2609 8607
2609 4049
1479 9317
1479 4816
1479 5752
1479 12475
1479 10455
9317 17498
9317 12223
9317 14435
4816 18934
4816 10172
4816 18992
5752 7469
5752 14397
5752 15449
5752 8307
12475 18982
12475 16642
10227 13102
10227 11470
10227 19549
8484 15651
8484 10644
8484 11964
8484 12358
1482 16385
1482 8151
8151 8563
8151 16111
8151 8841
8151 16975
1483 16821
1483 19991
1483 15130
1484 3468
1484 2094
3468 19764
3468 8245
3468 18714
3468 16086
3468 9117
2094 11517
2094 4269
12713 18458
12713 15499
8483 12018
8483 13025
8483 13224
8483 9796
1486 3396
1486 11610
1486 2715
1486 5720
3396 15358
3396 19790
11610 19141
11610 14347
2715 9228
2715 3127
2715 6255
5720 9515
1487 13613
1487 10806
1487 12502
1487 7224
1487 14390
1487 13585
12502 15656
12502 14748
12502 15258
7224 11711
7224 13947
7224 16460
14390 17945
13585 19295
13585 14736
1488 9892
1488 12359
1488 7285
1488 12823
1488 10607
1488 2604
1488 17943
1488 10424
9892 12779
9892 12129
9892 16433
12359 17303
12359 15894
7285 12491
7285 12282
7285 17260
2604 16456
2604 17488
2604 16570
2604 11020
1489 11393
1490 17893
1490 18381
1490 19582
1490 9304
1490 7553
1490 8276
17893 19772
17893 18517
9304 18149
9304 17469
9304 13609
9304 15263
7553 14540
7553 17121
7553 10591
7553 9869
8276 16730
1491 11481
11481 19607
11481 18385
11481 13464
3535 5594
3535 11405
3535 7409
3535 5715
3535 7226
3952 15668
3952 16630
3952 15983
5576 6209
5576 12176
5576 12822
5576 15723
5576 12589
7943 11424
7943 18086
7943 16069
7943 13684
7943 12790
1493 16059
1493 5388
1493 16148
16059 19597
16059 17897
16059 18370
5388 12648
5388 19894
5388 18469
5388 17852
1495 10824
1495 19571
1495 5581
1495 18586
1495 14669
10824 16762
5581 8564
5581 6534
5581 16675
5581 12576
1496 9158
1496 7793
1496 5941
1496 18288
1496 8027
9158 9250
9158 17919
9158 19201
9158 17797
5941 8113
5941 16673
8027 9559
8027 8740
8027 13397
8027 16634
8027 13682
1497 4757
1497 4358
1497 10724
4757 13300
4358 17422
4358 19356
4358 5876
10724 16187
10724 13823
1498 5528
1498 11950
5528 13432
5528 10753
5528 9264
5528 18585
5528 7144
11950 14843
11950 16324
11950 15713
11950 14766
1499 7147
7147 9485
1500 10406
1500 10478
1500 15728
1500 6799
1500 6015
1500 17034
10406 17263
10406 13726
10478 11598
10478 12633
6799 13818
6799 10700
1501 10178
1501 8277
1501 8598
8277 12965
8277 8686
8277 14282
8598 8618
8598 18712
1502 16043
1502 12594
1502 4068
1502 12737
1502 8997
1502 1808
1502 5541
12594 18967
12594 13000
4068 7256
4068 8762
12737 16813
12737 16490
12737 14739
8997 18195
1808 11811
1808 13866
5541 5757
5541 12775
1503 12365
1503 12331
1503 7909
1503 17399
1503 11613
12331 12765
12331 19754
7909 16078
7909 17627
11613 16592
7653 13332
7653 12744
12044 13972
7966 9092
7966 13618
1506 15597
1506 5759
1506 9015
1506 8551
15597 18408
15597 16606
5759 7569
5759 18360
5759 11989
5759 11698
9015 17379
9015 16627
9015 18957
9015 16841
1507 17074
1507 2660
1507 10833
1507 1753
2660 7669
2660 10652
10833 18166
10833 15709
1753 10992
1753 15598
1753 3259
1753 3056
1753 11654
1508 17681
1508 4755
1509 13116
1509 17359
1509 7158
1509 6277
17359 18790
7158 15550
7158 8775
7158 13568
7158 15889
6277 17674
6277 11137
17623 18448
9609 14223
1512 10091
1512 4196
1512 19772
1512 12489
1512 9713
1512 19914
1512 6141
1512 14510
1512 18209
10091 10930
10091 17043
10091 17733
4196 16993
6141 15667
6141 18182
6141 15746
6141 10972
6141 15350
6141 16048
6141 12257
14510 18620
1513 16987
1513 8573
1513 14167
1513 8990
1513 11718
8990 13507
8990 10300
8990 17215
1514 8501
1514 2634
8501 8953
8501 19185
8501 14434
8501 15567
8501 18129
2634 19685
2634 16937
2634 8140
1515 5851
5851 13983
5851 10198
1516 11597
1517 8702
1517 15194
1517 15467
1517 3614
1517 2192
15194 18269
15194 18344
15194 19543
3614 3747
3614 11431
3614 15196
1518 5678
1518 19516
1518 19488
1518 9463
1518 2049
9463 19863
9463 14556
2049 4878
2049 13711
1519 14054
1519 5318
1519 6486
1519 9122
1519 5517
1519 1580
14054 17518
14054 14856
6486 8169
1580 15540
1580 8365
1580 13623
1580 19810
1520 2615
17425 19771
16758 19179
16758 16838
16758 19147
10138 15592
10138 18192
3568 8200
3568 13164
3568 11959
1522 5837
1522 10207
1522 9689
10207 18533
9689 13696
9689 16259
1523 8666
1523 4988
1523 14996
1523 8569
1523 18847
1523 19005
8666 14509
8666 17245
4988 12772
4988 19039
14996 15045
14996 17834
8569 16075
8569 15769
19005 19049
1524 4366
1524 18246
4366 4831
1525 1578
1525 7553
1525 11027
1525 9033
11027 19136
4372 9539
4372 18753
4372 12358
4372 17391
4372 11976
11180 15781
11180 19427
1527 1964
1527 10593
1527 7054
1964 10344
1964 12175
1964 18283
1964 7751
10593 17244
7054 15449
7054 9411
7054 17385
1528 11463
1528 4657
1529 10165
1529 9669
1529 15897
1529 16253
1529 14460
10165 19566
10165 18007
10165 15521
9669 14329
9669 11711
9669 13402
9669 13624
9669 13715
14460 18269
14460 19458
14460 14641
1531 19434
1531 9912
1532 3008
1532 7399
1532 18841
1532 10983
1532 14166
3008 11457
3008 4865
3008 18020
18841 19327
14166 14457
1533 8770
1533 7989
1533 3189
1533 6245
6245 14756
6245 10840
6245 16966
6245 13438
6245 13279
1534 14768
1534 16619
1534 4342
4342 15865
4342 18443
4342 9611
1536 14520
1536 5723
1536 4386
14520 16771
4386 19890
4386 4655
5814 13491
5814 11208
5814 18282
1538 19421
1538 2940
1538 12873
1538 18645
1539 6161
6161 9060
6161 8941
6161 17031
6161 9131
1540 11881
1540 3222
1540 7699
1540 3728
1540 11480
11881 12082
3222 7306
3222 19973
3222 19344
3222 14206
11480 17570
11480 18293
1541 6767
1541 17458
1541 5845
1541 16569
1541 10550
1541 13314
6767 17916
16569 17748
16569 19306
1542 17608
1542 14191
1542 5640
14191 15363
14191 19433
1543 9424
1543 6928
1543 12716
1543 16410
1543 13630
6928 10169
13630 16938
13630 18139
13630 19440
1544 16482
1544 11018
1544 19713
1544 7102
1544 3812
1544 4358
1544 15738
1544 10190
1544 17187
11018 15367
11018 17552
7102 19950
7102 14938
7102 10507
10190 17219
1545 1905
1905 12098
1905 17475
1905 13166
1905 7825
1905 9382
1547 13614
1547 8808
1547 7578
1547 11921
1547 15910
8808 14976
8808 19616
7578 11999
7578 8425
7578 14229
1548 8278
1548 17388
1548 7764
1548 15987
8278 17261
8278 18017
8278 9182
17388 19754
7764 14685
1549 19575
1549 3879
1549 2654
1549 19420
2654 8795
2654 7681
1551 4215
1551 17158
1551 13759
1551 5167
4215 9792
4215 15901
13759 18595
13759 17089
1552 2115
1552 9230
9230 18624
9230 14856
9230 11446
9230 13521
1553 14411
1553 8302
8302 11182
8302 19562
8302 15619
11524 13908
11524 11753
11524 11947
13817 18411
13817 17811
13817 18429
1555 8901
1555 19080
1555 5490
8901 12021
5490 8995
5490 5532
1556 16094
1556 5783
1556 11412
1556 19449
16094 18989
11412 15486
1797 13072
1797 7955
1797 16297
1797 15877
3046 17175
3046 10879
3046 7393
17887 19090
17887 18717
17887 19223
1558 17822
1558 2907
1558 3437
1558 19058
1558 19556
2907 15104
2907 6436
2907 17353
2907 11764
2907 5148
2907 18342
2907 14222
2907 11063
3437 9812
3437 6633
1559 17496
1559 15750
1559 13909
1559 18646
1559 8008
1559 15982
15982 16013
15982 19889
12805 14398
7271 10980
6571 9119
6571 6911
1562 15943
1562 19507
1562 3418
1562 3230
1562 7755
1562 16405
3230 9276
3230 6820
7755 9927
7755 18058
7755 11865
1563 10568
1563 3361
1563 14041
1563 16349
1563 18842
10568 17202
10568 11258
10568 13318
10568 17526
3361 11025
3361 15960
18842 19366
1564 7042
1564 5626
1564 7268
1564 7261
7042 9552
7042 15757
5626 8312
5626 7730
7268 16183
7268 9472
7268 7378
7261 18877
1566 3562
1566 19586
1566 4702
3562 12911
3562 11881
3562 9741
4702 11815
4702 11949
4702 12660
4702 6771
4702 4947
4702 14023
1567 12755
1567 17288
1567 13688
1567 16383
1567 10739
1567 9076
12755 13908
12755 15733
12755 19465
12755 19718
12755 16871
12755 13061
10739 16474
9076 14999
1568 10624
1568 9458
1569 3931
1569 3400
1569 10774
1569 5648
1569 3313
1569 9883
3931 7226
3931 12588
3931 9373
3931 12002
3931 19957
10774 13449
10774 11464
5305 12335
5305 15409
8066 8843
15115 17442
15115 16793
8263 10314
1624 2851
1624 16847
1624 19323
1624 14266
1624 12996
1624 1811
1624 9498
1571 2715
1571 9562
1571 12298
12298 13518
1572 8472
1572 8003
1572 12749
8472 17437
8472 15407
8472 9474
8472 11412
8472 11448
8003 18285
8003 16514
8003 10361
2054 12398
2054 5320
2054 2993
4899 11174
4899 9443
4899 17447
4899 10295
15763 17267
6816 10461
6816 9157
3791 13028
3791 17659
3791 7429
7291 14816
7291 7714
7291 8702
3340 16756
3340 19022
3340 19293
1576 18496
1576 2780
1576 7823
1576 3459
2780 3951
2780 10168
2780 17970
7823 11577
7823 15662
3459 3667
3459 10053
3459 3589
3459 5506
1577 9021
10366 17106
1579 7608
1579 13227
1579 15622
7608 17644
13227 16614
13227 18780
13227 16166
13227 17639
15622 19946
15622 16231
15540 18562
8365 15821
8365 16089
13623 17850
13623 15598
1581 9703
1581 16005
1581 13465
1581 5147
1581 11550
9703 14583
9703 16210
5147 9199
5147 5218
5147 5673
11550 15695
11550 18491
11550 16600
1582 6230
1582 9435
1582 12456
1582 14906
1582 9270
6230 13018
6230 18781
6230 9655
14906 17347
9270 16704
9270 14397
1583 19827
1583 6178
1583 12546
1583 11517
12546 19391
12546 17647
12546 17992
12546 17276
12546 14116
11517 15485
11517 14981
11517 17432
11517 12299
1584 19903
1584 8069
1584 3198
1584 2861
8069 18597
8069 15696
1585 3523
1585 3576
1585 11352
1585 3002
3576 11890
3576 18176
3576 9811
3576 19558
3576 5645
3576 4672
3002 18051
3002 18879
3002 17512
1586 5328
1586 16723
1586 19683
1586 8957
1586 3047
16723 17999
16723 19332
8957 9507
8957 15527
8957 14100
8957 10874
8957 16195
8957 9470
3047 13659
3047 11785
7971 17957
7971 8881
7971 17977
7971 9634
7971 8525
2163 4223
2163 12984
2163 19881
2163 6514
2348 10785
2348 6856
9454 16714
9454 9554
13491 16180
13491 18856
6025 13323
6025 7016
6025 9966
6025 16884
6025 13588
6025 6325
12931 13514
12931 18320
1589 19168
1589 9674
1589 18182
1589 3645
3645 3733
3645 16989
3645 12322
3645 11746
1590 9115
1590 4954
1590 5403
1590 8724
1590 12235
1590 15134
1590 6102
9115 14488
9115 16870
4954 5826
4954 13966
4954 12992
8724 17336
12235 12520
6102 6280
6102 12270
6102 14798
1591 14898
1591 10773
1591 3911
3911 10950
3911 13802
1592 10950
1592 15159
1592 15747
1592 2261
1592 1751
1592 15969
1592 14103
10950 17633
10950 17350
10950 18715
15747 17852
2261 4201
2261 14006
2261 16491
2261 8358
2261 3349
2261 3621
1751 12195
1751 19744
1751 3999
15969 18037
15969 19266
14103 18197
14103 15643
1593 17328
1593 11562
1593 16969
17328 19346
17328 18601
17328 19199
17328 19867
16969 16986
16969 18590
16969 19119
1594 16917
1594 2887
1594 17574
1594 15060
1594 3232
1594 7744
1594 3455
3232 15327
7744 15791
3455 9740
3455 4223
3455 15114
3455 5014
3455 13624
3455 7670
1595 16802
1595 2487
2487 10554
1596 5130
1596 10514
1596 11727
1596 14518
1596 11609
1596 5834
1596 19006
1596 10082
1596 6483
5130 12114
10514 14071
11727 11875
11727 13934
11727 14191
14518 18414
14518 16550
14518 17155
5834 6871
5834 17847
5834 12097
10082 11669
6483 12373
6483 7268
1597 19098
1597 5340
1597 15207
1597 1756
1597 14975
1597 9342
1597 3274
1597 4301
1597 16794
1597 15758
1597 17653
5340 13387
5340 12054
5340 17022
15207 19598
1756 16025
1756 12122
9342 18218
9342 13844
9342 10550
9342 19175
4301 12967
4301 13868
15758 19556
1599 13791
1599 11637
1599 4709
1599 1703
13791 14196
13791 17110
11637 18790
11637 15721
1703 4779
1703 19687
1703 1997
1600 5838
1600 15742
1600 11719
1601 10617
1601 2158
1601 4873
1601 8419
1601 9775
1601 2236
2158 9097
2158 9422
2158 11915
2158 13953
4873 15475
4873 7869
4873 4879
4873 14999
4873 4889
4873 8623
4873 14514
4873 7916
8419 14624
8419 9603
8419 16599
8419 18163
2236 10810
2236 11004
2236 19891
2236 6315
2236 3618
1602 11454
1602 18280
1602 9258
1602 7620
11454 11887
9258 13003
9258 9930
1603 16045
1603 5667
1603 15099
1603 2847
1603 1875
1603 2705
5667 13795
5667 17693
15099 19689
15099 15775
15099 18623
2847 3123
2847 2938
2847 3563
2847 9653
1875 9575
1875 8068
1875 5162
5523 5655
5523 15039
5523 10053
5523 16963
5523 16789
5523 7229
3268 6564
17572 17666
14813 16054
7525 19839
7525 7820
7525 16327
1608 14050
1608 13100
1608 11010
1608 14830
13100 17140
1609 2795
1609 7318
1609 4878
1609 9843
1609 11404
1609 5929
2795 12690
2795 5227
2795 5356
2795 18145
2795 15102
2795 4948
7318 13698
7318 8899
7318 13351
9843 10235
11404 19890
5929 11073
11304 16543
11304 15206
11304 13341
17416 18068
3682 8445
3682 8867
3682 10135
1612 18197
1612 9465
1612 19658
1612 18377
1612 5153
18197 18767
1614 17315
1614 9195
1614 8323
9195 10912
9195 9678
8323 11211
8323 17530
1615 17247
1615 12281
1615 5934
12281 14496
12281 18461
5934 6385
5934 10123
5934 10804
5934 11254
5934 7886
17724 19990
17724 19778
8579 18738
8579 17553
8579 13618
4676 16413
4676 17581
4676 8306
4676 11985
4676 18036
2373 4339
2373 11251
2373 10954
2373 2713
2373 16767
2373 18657
2373 16204
2373 13472
1617 12964
1617 15069
1617 15146
1617 15617
1617 4909
15146 18328
15617 18761
4909 14684
4909 11947
4909 13344
4909 13524
4909 17730
1618 4474
1618 5581
1618 18594
4474 18415
4474 19860
1619 11757
11757 19946
11757 12004
1620 3866
1620 13080
1620 11428
1620 1989
3866 7262
3866 19761
3866 5180
3866 13590
3866 4436
11428 13391
1989 15193
1989 11079
1621 8841
1621 7245
1621 12876
1621 19825
1621 17809
1621 5407
8841 13701
7245 17960
7245 16158
7245 13123
7245 15893
12876 16470
12876 15324
12876 15318
12876 19515
5407 14220
5407 17798
5407 14182
5407 19384
1622 9331
1622 12516
1622 17414
1622 9649
9331 12621
9331 10371
12516 14457
12516 18976
12516 14593
9649 14530
9649 17409
6474 8729
2851 19430
2851 13936
2851 17932
1811 16141
1811 13062
1811 11963
1811 16998
1811 10698
9498 12577
1625 1674
1674 6745
1674 16321
1674 7713
1627 15438
1627 12876
1627 3979
1627 6500
15438 19061
15438 18222
3979 9828
3979 13377
3979 5548
1628 8981
1628 3641
1628 13015
8981 9782
8981 13896
8981 16549
8981 10654
3641 14975
3641 19574
3641 10327
3641 17839
3641 12013
13015 14018
13015 13028
13015 13918
13015 16160
1629 11450
1629 3279
1629 5787
1629 12539
11450 11652
11450 14235
3279 7177
3279 10142
3279 14071
5787 8564
12539 15701
12539 16361
16628 17947
16628 19929
8230 9326
8230 11162
8230 11152
8230 9096
8230 8680
1631 18732
1631 8593
1631 4000
1631 5558
4000 11475
4000 5273
4000 16076
4000 11927
4000 8130
4000 4464
1632 2780
1632 4506
1632 11268
4506 6338
1633 16251
1633 17486
1633 2810
1633 6145
2810 8923
2810 3674
2810 4038
2810 3397
1634 17358
1634 16934
1635 17360
1635 5507
1636 12996
1636 7831
7831 8737
7831 12581
7831 16479
7831 15687
1637 15455
1637 4173
1637 11420
1637 17691
1637 17618
15455 18443
4173 12328
1638 6256
1638 18369
1638 9674
1638 6170
1638 8416
6256 9961
6256 13232
6170 8569
6170 18636
6170 6984
8416 10979
8416 14526
8416 9147
1640 5115
1640 4686
5115 12159
5115 14574
5115 5169
5115 11482
5115 5929
1641 15120
1641 10030
1641 8736
1641 10351
1641 6928
1641 6255
8736 9949
6255 15518
6255 12084
6255 9886
6255 17522
8068 14626
8068 18444
8068 16451
14823 19056
14823 16044
14823 19795
1643 17670
1643 12171
1643 15073
1643 19148
1643 17882
12171 18289
17882 18791
6096 16234
6096 10361
6096 6839
6096 19285
5339 18399
5339 14004
5339 16556
5339 16446
5339 16994
5339 12378
4545 15004
6503 6986
6503 14260
6503 10894
6503 9199
6503 18184
6503 7176
6503 13054
6503 7167
1645 16578
1645 7982
7982 17803
7982 16496
1646 15073
1647 8906
1647 13562
1647 12871
1647 13810
1647 11280
1647 17308
1647 18678
13562 13848
13562 14129
12871 19301
12871 17959
12871 15270
12871 17333
13810 14352
11280 14133
1648 4551
1648 12875
1648 19721
1648 1837
4551 18867
4551 8625
4551 19393
1837 14569
1837 13829
1837 18505
1837 12939
1649 7695
1649 8862
1649 17144
1649 5502
1649 12747
7695 14204
7695 16185
7695 14482
7695 19055
7695 18194
5502 7160
5502 15998
5502 19522
12724 15742
12724 18305
1651 16197
1651 17776
1651 8371
1651 13944
1651 11497
16197 17404
16197 19520
8371 17189
13944 15868
1652 3360
1652 13721
1652 16002
3360 5064
3360 16300
1657 15671
1657 11122
1657 5642
4967 6729
4892 11699
4892 8724
4892 8264
11031 13709
10954 19592
10954 18162
8474 11647
8474 16726
8474 17772
8123 18401
8123 19620
8123 14447
7396 16913
7396 9761
7396 17164
7396 13156
1656 10950
1656 16780
11122 13695
11122 13198
11122 14464
11122 11800
11122 13094
5642 8645
5642 19001
3347 13205
3347 7510
4636 12857
4636 15076
4636 9140
4636 5149
4636 10717
4636 15903
4636 6585
8998 10188
6191 16762
6191 12527
9573 14978
14839 15817
14839 19459
1660 1859
1660 10992
1660 15055
1859 4487
1859 13947
15055 18262
15055 15365
1661 4683
4683 13435
4683 16066
4683 5036
1662 7233
1662 6077
1662 7487
1662 14940
1662 17504
1662 8939
7233 10267
7233 13792
7233 13827
6077 15834
8939 16561
8939 19392
8939 10755
1663 15548
1663 2996
1663 14944
1663 3676
15548 18264
15548 18403
2996 8051
2996 6446
2996 6141
2017 19769
6601 14614
1666 11569
5654 11265
5654 16209
1668 15939
15939 18832
15939 19672
1669 19318
1669 13620
1669 5475
1669 7572
13620 18079
7572 13101
1670 6384
1670 17339
1670 9251
1670 2557
1670 9749
1670 12900
1670 1956
6384 6751
6384 15394
9251 16923
2557 5406
2557 11117
2557 13828
2557 7969
2557 8947
9749 12980
9749 11925
9749 13002
9749 11861
1956 13382
1956 11554
15683 18584
13146 14858
13146 16715
13146 18279
13146 13967
13146 15880
13146 14406
5518 19492
5518 8078
5518 17244
5518 11797
12217 18265
1673 16680
1673 16908
1673 4793
16908 19092
6745 11084
6745 14544
6745 15068
6745 10347
6745 11715
1675 12960
1675 3553
3553 5297
3553 12852
3553 4124
3553 6126
1676 17612
1676 6071
1676 4335
1676 8218
1676 16726
1676 17102
4335 8581
4335 15353
4335 7516
4335 13363
17102 19637
17102 18352
1677 12035
1677 7069
1677 8528
7069 19390
8528 18454
8528 19163
8528 9924
8528 13625
1678 10004
1678 5020
1678 3715
1678 14227
10004 19016
5020 17017
5020 7526
5020 5029
3715 18745
3715 10748
3715 8985
1679 7797
1680 11064
1680 16950
1680 2133
2133 2773
2133 18599
2133 10699
2133 16310
7109 7356
6959 19041
2410 18211
2410 11223
2410 14770
2410 16860
2410 9671
2410 16911
2410 7963
1683 4295
1683 13756
1683 2369
1683 1934
1683 11629
1683 17363
1683 9335
2369 15166
2369 13547
1934 18456
1934 10936
11629 16025
11629 13161
1684 12373
1684 2610
1684 18023
1684 2468
1684 10379
12373 18702
2610 2762
2610 15810
2610 5618
2610 16827
2610 12905
2610 15516
2610 19107
10379 13365
10379 12781
10379 12663
1685 18851
1685 18394
1685 17806
18851 19786
17806 19700
1686 19762
1686 10840
1686 16858
10840 13558
10840 17736
10840 12077
10840 18548
16858 16882
1687 15744
1687 18556
1687 16507
15744 15767
6146 8275
6146 14682
1689 16315
1689 14758
1689 11775
1689 7200
1689 11237
1689 3433
1689 17879
14758 19007
11775 14080
11775 12769
11775 12399
3433 18092
3433 16420
17879 18755
1690 10476
1690 2414
1690 12631
1690 8800
10476 17516
2414 3439
1691 7406
1691 2801
7406 15769
7406 13424
7406 10854
2801 9547
1692 19975
1692 4017
1692 4305
4017 7422
4017 11865
4017 11522
4305 19166
4305 16484
1693 16902
1693 16856
1693 3256
1693 11806
1693 8396
1693 10279
16902 18678
3256 17796
3256 10468
3256 12816
3256 14876
3256 14805
8396 9170
8396 8468
10279 15936
10279 13778
10279 11587
1694 19214
1694 19487
1694 6647
1694 17652
1694 19500
6647 14715
6647 7897
6647 9070
17652 17915
2160 18895
2160 6620
2160 18284
2160 9698
8143 8409
1696 4535
1696 1882
4535 17359
4535 17381
4535 6829
4535 4609
1882 17278
1882 4074
1882 18519
1882 11579
1882 13351
1882 12769
1882 17946
1882 9449
1697 5029
5029 18332
5029 18556
1698 17884
1698 10651
10651 12723
10651 14073
1699 11419
1699 10401
1699 17646
1699 15413
1699 2895
11419 18478
11419 18912
10401 12671
10401 15742
15413 18674
1700 8510
1700 4615
1700 9508
1700 4206
1700 12381
1700 3043
1700 17060
8510 11815
8510 14188
4615 18860
4615 7916
4615 9426
4615 11939
4615 7669
4615 18262
4615 5040
4615 19845
9508 15103
9508 18847
4206 9201
4206 5811
4206 14746
4206 5813
12381 12736
12381 16295
12381 19439
3043 18274
3043 11602
3043 15107
3043 19514
1701 14459
1702 19113
1702 6978
1702 18775
1702 16875
1702 4749
4779 14919
4779 7562
4779 19896
1704 14499
1704 9713
1704 12835
1704 12494
1704 13132
1704 17673
1704 4546
14499 18929
14499 19042
12835 17568
12835 19185
12835 17136
12494 15728
12494 19993
12494 17132
13132 18593
13132 19395
4546 11286
4546 11052
1705 2633
1705 13636
1705 18150
1705 16631
1705 19530
1705 3375
2633 5256
2633 12566
16631 16814
19530 19713
3375 12593
3375 7979
3375 19369
3375 12420
3375 4790
1706 13997
1706 9771
1706 8352
13997 19023
8352 16830
8352 13097
8352 18022
1708 14292
1708 8331
1708 14194
1708 6066
1708 7311
8331 14679
8331 12127
8331 8712
14194 16051
14194 15238
6066 14275
6066 15044
6066 11978
1709 16548
1709 15782
16548 17561
1710 7885
1710 3382
1710 14034
1710 7093
1710 8122
1710 13999
1710 1804
7885 8486
7885 9168
3382 19637
3382 17342
14034 17060
7093 10792
7093 19229
8122 14017
8122 19354
13999 18481
13999 18831
13999 19247
1804 6131
1804 13049
1711 19908
1711 16334
1711 16343
1711 17644
1711 7469
7469 14632
7469 8286
7469 18170
1712 6688
1712 19989
1712 8251
1712 14725
1712 17874
8251 11308
8251 19315
8251 9987
14725 18591
14725 15281
14725 18864
17874 19579
9832 10427
9832 19887
9543 10816
9543 14152
9543 9851
13341 15137
13341 15264
13341 15521
2266 19548
2266 7655
2266 16367
1714 3489
1714 11741
1714 17025
3489 10510
3489 11873
3489 13119
3489 19849
3489 9037
11741 17876
1715 1756
1715 12578
13192 17135
13192 17170
1717 15325
1717 14656
15325 19921
15325 16522
15325 18643
1718 11727
1718 17550
1718 13320
1718 3821
1719 19498
1719 14475
1719 12460
1719 8325
14475 19833
14475 18095
8325 16882
8325 11730
8325 14832
8325 12523
8325 19637
1720 15054
1721 1967
1721 3033
1967 5578
1967 8661
1967 10988
1967 12508
1967 11530
1967 10543
1967 11950
3033 17381
3033 11488
3033 17071
3033 10285
3033 9523
1722 18391
1722 7084
1722 14382
18391 19571
7084 17804
1723 15263
1723 2381
1723 6192
1723 13006
2381 19680
2381 3889
2381 8767
2381 18465
6192 8027
6192 11001
6192 9436
1724 16412
1724 18482
1724 3135
16412 18441
3135 18988
3135 19247
3135 13485
3135 9975
3135 4814
3135 4643
3135 5694
1725 7064
1725 2165
1725 9050
2165 19505
2165 10068
2165 2647
2165 17845
2165 3091
2165 5334
2165 8564
9050 18470
1726 19011
1726 18992
1726 6369
1726 5984
1726 14041
19011 19357
6369 9861
5984 8751
5984 8341
1727 18282
1727 8952
1727 18014
18282 19736
8952 13125
1728 18465
1728 12917
12917 14006
10791 13044
11364 18440
1730 6615
1730 15960
1731 18128
1731 12638
1731 17552
1731 8396
3887 17021
3887 5850
3887 4881
3887 15145
2581 19115
2581 5321
2581 19964
2581 4967
2581 9845
2376 7758
2376 6524
17509 19131
17509 19823
3852 16019
3852 17882
3852 15228
3852 19186
1734 19787
1734 17109
1734 1840
1734 17479
17109 19094
17109 19767
17109 17126
1840 12060
1840 13164
1840 15169
1840 9809
1840 13779
1840 9862
1840 12980
1840 16272
1840 14595
2481 19865
2481 12474
2481 5205
2481 13436
2481 11537
2481 8088
9300 13747
9300 16052
4826 18153
4826 19855
4826 12112
4826 8480
6179 9920
6179 13442
6179 17895
16166 19568
4495 8965
14287 17141
14287 16808
14287 16507
14287 14497
1736 3327
1736 4208
1736 10936
1736 12001
3327 8651
3327 12456
3327 16163
3327 3560
4208 8059
4208 6747
4208 4699
10936 14462
10936 19087
10936 15656
1737 11216
1737 5128
1737 10603
1737 3047
1737 8211
1737 16692
1737 4571
1737 16682
11216 13322
11216 11980
10603 14924
8211 13385
8211 16458
8211 11945
8211 12060
8211 13340
8211 18511
16692 19786
16692 18625
4571 9963
4571 19069
4571 17067
3344 3709
3344 9413
9798 13867
9798 9959
9798 17393
9798 10971
9798 11940
9798 10116
10913 18588
10913 19538
10913 15479
1740 2683
1740 7708
1740 17298
1740 11688
2683 9719
7708 19034
7708 18309
17298 19002
1741 18478
1741 6267
15890 17813
15890 19398
1743 12812
1743 17162
17162 17233
1744 11130
1744 8857
1744 11169
1744 16052
8857 9611
8857 9703
11169 12119
11169 11947
11169 13334
1746 15270
1746 4964
1746 11663
1746 14700
1746 4589
1746 11604
15270 19737
4964 8789
11663 15547
2638 8597
2638 11276
2638 4100
17590 18563
17590 17628
1748 2346
1748 19751
1748 2387
1748 11433
2346 17867
2346 15689
2346 12390
2346 8012
2346 6439
2387 19867
2387 6159
2387 19778
2387 13866
2387 15901
1749 11523
11523 19545
11523 12459
2420 13511
13732 19851
13732 16421
13732 17248
13732 14966
3999 17321
3999 4728
1752 2741
1752 14771
1752 3872
2741 16863
2741 18336
14771 17615
14771 17435
14771 17728
11654 11784
11654 17478
1754 5399
1754 12961
1754 2639
1754 19994
1754 7767
5399 10003
12961 17201
2639 9812
2639 10307
7767 16069
1755 6510
6510 12401
6510 17988
1757 12753
1757 16470
1757 15913
12753 15388
16470 19636
1758 3598
1758 8131
1758 7922
1758 12193
1758 11278
1758 3233
3598 19267
3598 18539
8131 13261
8131 11978
8131 9633
7922 8248
7922 17694
7922 9950
7922 14074
7922 10564
11278 12722
11278 19077
11278 15252
10263 18205
10263 12084
10263 15258
10263 16572
6826 19941
6826 17073
14772 19319
14772 18081
9641 14299
9641 18464
9641 15419
9641 19680
4911 5655
4911 10822
4911 19672
4911 6399
8986 10456
8986 15650
8986 11216
8986 16134
8986 10419
1760 4395
1760 15580
4395 17555
4395 8897
4395 4798
15580 16981
15580 19328
1761 9957
1761 2677
1761 2027
1761 19386
1761 12389
2027 9149
2027 11488
2027 13783
2027 11899
12389 14125
12389 17507
1762 17983
8329 18218
1764 18970
1764 11166
11166 14341
11166 12036
11166 16450
1765 14149
1765 18620
1766 19593
1766 14896
14896 16641
1767 19361
1767 2542
1767 15805
1767 17840
2542 8003
2542 10242
2542 17841
2542 8537
15805 18220
15805 18389
15805 16938
1768 7987
1768 7628
1768 2383
1768 6736
1768 18822
7987 15707
7987 10830
7987 19394
7987 18227
7987 18634
6736 13461
6736 12491
6736 10779
6736 12359
18822 19016
6059 18832
6059 7180
13106 19996
2095 12664
2095 8472
2095 6191
2095 17144
1770 4714
1770 15902
1770 6956
4714 6581
4714 18231
4714 7784
6956 11870
6956 8157
6956 14221
1771 8000
1771 7095
1771 7750
1771 6592
1771 6624
8000 14782
8000 12898
8000 9085
8000 8750
8000 14857
7095 13560
7750 9313
7750 8914
7750 12730
6624 18686
6624 12471
13966 17240
13966 15971
2545 3449
2545 17858
2545 12941
4391 18644
4391 18669
4034 14140
4034 8988
1775 7607
1775 10894
7607 14464
7607 9540
1776 3171
1776 9747
1776 18081
1776 11944
1776 10579
3171 9198
3171 3610
3171 4860
9747 18337
9747 18494
9747 12388
9747 14360
18081 19280
11944 16434
11944 17741
11944 16793
11944 17008
1777 15671
1779 1834
1779 11065
1779 4311
1779 2353
1834 19232
1834 6532
1834 10797
1834 10230
1834 12247
4311 13981
4311 7006
4311 6332
4311 6504
4311 11514
2353 10271
2353 18161
2353 5832
2353 9602
2353 8937
1780 18843
1780 11787
1780 17703
1780 18426
1780 9374
11787 12372
11787 18747
11787 19595
9374 19001
9374 12523
9374 16821
9374 15647
6587 8902
6587 11183
12249 14786
12249 19124
1784 2231
1784 2062
1785 19797
1785 12236
1785 2452
1785 6617
1785 14341
2452 8757
2452 14035
6617 12391
14341 14914
14341 16854
1786 6469
1786 5619
1786 9175
6469 13469
6469 15554
6469 13089
5619 6187
5619 9954
5619 13170
5619 16318
9175 13230
9175 9577
9175 11975
1787 9831
1787 11316
11316 18914
11316 12695
11316 13942
11316 12096
1788 3486
1788 14741
1788 19375
3486 12208
3486 9355
3486 19453
3486 7537
3486 19228
3486 11010
1789 4361
1789 4194
1789 12576
1789 14152
1789 3713
1789 10329
4361 13593
4361 16822
4194 11876
4194 12879
4194 5724
12576 15602
14152 14365
3713 17912
3713 10666
3713 6630
3713 8109
10329 10435
10329 14532
10329 11859
1790 6716
1792 9207
1792 8916
1792 15975
1792 6124
8916 16909
8916 14060
15975 18815
15975 18409
6124 9925
6124 9133
1793 8075
1793 10096
1793 3721
1793 18938
1793 6629
1793 7329
8075 9556
8075 19365
10096 12002
10096 13244
10096 16246
10096 10161
10096 12653
10096 17386
10096 15862
10096 10310
3721 12654
3721 17447
6629 16468
6629 15644
6629 8296
7329 16607
7329 16221
7329 15202
1794 12039
1794 11670
12039 18221
12039 14241
11670 18220
1795 16940
1795 7962
1795 14608
16940 18576
16940 18263
7962 9772
7962 12378
14608 17012
2871 5983
2871 11071
5097 12066
5097 19441
5097 8051
5097 15075
13072 17999
13072 16399
16297 16851
1798 3538
1798 14860
14860 19844
3170 17014
3170 3584
3170 16474
3170 3986
1800 11217
1800 16542
1800 7456
1800 19630
1801 4948
1801 8148
4948 19990
1802 15192
1802 6217
1802 17375
1802 11912
1802 12227
12227 13259
1803 13046
1803 6201
1803 7118
13046 15886
13046 19294
13046 14354
6201 15276
6201 7704
7118 10560
13049 14420
13049 14401
4190 19991
4190 9285
8042 15236
8042 18845
9550 19479
9550 11830
1806 13302
1806 5979
1806 5513
5513 8656
1807 13389
13389 18375
13389 17597
11811 19434
13866 18962
13866 19702
1809 12736
1809 16704
12736 18300
1810 16065
1810 2539
16065 16153
2539 18879
2539 3438
11963 12840
11963 17127
11963 17755
11963 12121
11963 15896
1812 5561
1812 5224
1812 11015
5224 14552
5224 18433
11015 16227
13536 19793
5027 7669
5027 6772
5027 17686
1814 10514
1814 8677
1814 18701
1814 4761
1814 15248
1814 11480
1814 10121
15248 18487
10121 14309
10121 16527
1815 8226
1815 7181
1815 9789
1815 14683
1815 16124
8226 16112
8226 18893
8226 17270
7181 17071
7181 19280
7181 14071
7181 15923
7181 12297
9789 17328
16124 17684
16124 19480
1816 14630
1816 17764
1816 4239
14630 14697
14630 19751
17764 19666
4239 9313
1817 17515
1817 17735
17515 19537
1818 19204
1819 16983
1819 10238
16983 19373
10238 19837
1820 8321
1820 17898
1820 6231
8321 9199
8321 13415
8321 17655
8321 15433
1821 14446
1821 8032
1821 17148
1821 7427
1821 6090
1821 2276
14446 18459
8032 15719
8032 15767
8032 17847
8032 14071
7427 9788
6090 16216
6090 18206
6090 12539
2276 6489
2276 11605
2276 8923
1822 8405
8405 17583
8405 14684
8405 18664
8405 9106
1823 8502
1823 3363
1823 13893
3363 8544
3363 15504
3363 5603
3363 4517
1824 2976
1824 8126
1824 3399
1824 12256
1824 11236
1824 17595
2976 18102
2976 9703
2976 7394
8126 18035
8126 11804
8126 11589
8126 14501
8126 17455
8126 11945
3399 14770
3399 17031
3399 3503
3399 16845
3399 5046
12256 19438
1825 3780
1825 2616
1825 1902
1825 19795
1825 5813
1825 5515
3780 11225
3780 8282
3780 15918
2616 8341
2616 14539
2616 10967
2616 8120
2616 8471
2616 19891
1902 7742
5515 10598
5515 5687
5515 12361
1826 15454
1826 12162
1826 19956
1826 5750
15454 17541
15454 16783
12162 16672
5750 9658
5750 14715
5750 19163
5750 12174
1827 19637
1827 5919
1827 5106
1827 4519
5919 12029
5919 7840
5919 15575
4519 14490
4519 9487
4519 9599
1828 18168
1828 10762
10762 16358
10762 16627
1829 9694
1829 11372
1829 18951
1829 3858
1829 6194
1829 11805
9694 12700
9694 16088
3858 19112
3858 7808
3858 14874
6194 8194
6194 16965
11805 17268
11805 15958
1830 19740
1830 11770
1830 9586
1830 19024
1830 3814
1830 19856
11770 16307
11770 12367
11770 17198
9586 10258
9586 10694
9586 19700
3814 19545
3814 14029
3814 3855
1831 12046
1831 3767
1832 2441
1832 7271
1832 11852
1832 10135
1832 5467
1832 9503
2441 6851
2441 11502
2441 6739
2441 19124
11852 16402
10135 17124
5467 7061
5467 13918
5467 6889
5467 6988
1833 10023
1833 2790
1833 7605
1833 8315
1833 9044
1833 12653
1833 3864
1833 11911
2790 3377
2790 12577
2790 15194
2790 8833
2790 5967
2790 6823
9044 9388
9044 10792
9044 18017
9044 19290
12653 19340
12653 13812
12653 17522
3864 11353
3864 17315
11911 16763
12247 12381
1835 19822
1835 17419
1835 10524
17419 17965
14569 19906
14569 18398
1838 8637
8637 9627
8637 13533
5641 9487
5641 15136
7961 13259
12060 12826
12060 16435
12060 16708
12060 16153
9809 13011
12980 15513
16272 19805
14595 16965
1841 16868
1841 11342
1841 17634
1841 19167
1841 19509
16868 18959
16868 18211
17634 18581
19167 19898
1842 5777
1842 16878
1842 9209
5777 10601
5777 19202
9209 16437
9209 15572
1843 1956
1843 12307
1843 8983
1843 11484
1843 19685
1843 7442
12307 16173
8983 12643
8983 14686
8983 18127
8983 12468
7442 12374
1844 15036
15036 16847
1845 2468
1845 18089
1845 8082
1845 16420
1845 8337
1845 2474
8082 13664
8082 16014
8337 11491
8337 14448
8337 12232
8337 16810
2474 5319
2474 18131
1846 6576
6576 18535
6576 13362
6576 19335
6576 19540
8045 13983
1849 11594
1849 18086
1849 5959
1849 19205
7944 13227
7944 9272
9368 15113
9368 13621
14395 19643
1851 3586
1851 12411
1851 7843
12411 17684
1852 6609
1852 19089
1852 7090
1852 11247
1852 14829
6609 7664
6609 13809
7090 11051
7090 10924
11247 14580
1853 8896
1853 7708
1853 1940
1853 15332
8896 14063
8896 16892
8896 18486
15332 16894
15332 18415
15332 17210
15332 18736
15332 18282
15332 18860
15137 18850
15137 15385
15137 19136
1855 13436
1855 2396
1855 13235
1855 3114
13436 15664
13436 17709
13235 13294
13235 15022
3114 14609
1856 3385
1856 16905
1856 3434
1856 15103
3385 17340
3385 5630
3385 12638
3385 9372
3385 17742
3434 9388
3434 13980
17616 18863
5512 13542
13845 18528
1858 11340
1858 3118
11340 14001
11340 16204
1860 19330
1860 10283
1860 19155
1860 12552
1860 2434
1860 6746
1860 18191
1860 15876
10283 11989
6746 11744
6746 9069
1861 2923
1862 9280
1938 18123
1938 18072
1938 10179
1938 11802
1864 13304
1864 9591
1865 6740
1865 9841
1865 4378
1865 19161
1865 6464
6740 8752
9841 12635
4378 5757
4378 12283
6464 18519
1866 2348
1866 5436
1866 19037
1866 8305
1866 19325
1866 16000
8305 19130
8305 14818
8305 18666
13094 17037
13094 18420
4715 6077
4715 5461
4715 18843
4715 8060
4715 10135
4040 18104
4040 5429
4040 11219
4040 8793
4040 16315
15795 19472
1869 6740
1869 15892
1869 16789
1869 5139
5139 12935
1870 18691
1870 11094
1870 3096
1870 11105
1870 6586
11105 19011
11105 16859
1871 3227
1871 15404
1871 19520
1871 3881
1871 15596
1871 10710
3227 8992
3227 10832
3881 5692
3881 4529
1872 7465
1872 17688
1872 9069
1872 7041
1872 4598
1872 3780
1872 10616
1872 5237
7465 19113
7465 10015
9069 15063
9069 18194
7041 18634
7041 12097
4598 6646
4598 6224
4598 7655
4598 6848
4598 18456
4598 12104
10616 16845
1873 8875
1873 11085
1873 18958
1873 6217
11085 11446
11085 19306
11085 13871
1874 9478
1874 7271
1874 2791
1874 1997
1874 5752
1874 5807
1874 2980
1874 15117
9478 19259
15117 18723
15117 16878
5162 12758
1876 8792
1876 2309
1876 8059
1876 15750
2309 17297
2309 15511
2309 8618
2309 17786
1877 10401
1878 18912
18912 19650
1879 5711
1879 12850
1879 6542
1879 19161
5711 6405
5711 16981
5711 15449
6542 7072
6542 10862
1880 15212
1880 15022
1880 19652
15212 19409
1881 9286
1881 16885
1881 15776
17278 18170
18519 18633
11579 12220
13351 14303
13351 13687
13351 19836
12769 19675
12769 15213
9449 15571
9645 13577
9645 17392
9645 16464
9645 10779
9645 17348
9645 17838
3677 11168
7960 9924
7960 16240
7960 15953
10139 12388
8681 13191
8681 12770
1885 15553
1885 6046
1885 7442
1885 13485
15553 17123
15553 15794
6046 14725
6046 16259
6046 9337
13485 13896
13485 18581
1886 9029
1886 9814
1886 19691
1886 6358
1886 9034
1886 7151
9814 10436
9814 14634
9814 12954
9034 18877
9034 13649
9034 16770
9034 16319
9034 10662
7151 16894
7151 12554
7151 15336
7151 16174
7151 19463
7151 9650
1887 7339
1887 8784
1887 5248
1887 7499
1887 17184
1887 3472
1887 19382
1887 13374
3472 18557
3472 4224
13374 18639
1888 12933
1888 4728
1888 17262
1888 4133
1888 12325
12933 15081
4728 17694
4728 15990
4133 5166
4133 10527
12325 15279
12325 12406
5135 13174
5135 18236
5135 16014
5135 19966
14466 19178
7675 11660
7675 8399
7675 14583
7675 8817
16743 17686
1890 6539
1890 5172
6539 7174
6539 14655
6539 18751
6539 17111
5172 9737
5172 19677
5172 15667
5172 15655
5301 10975
5301 13364
5301 19768
5301 8864
3666 12090
1892 4204
1892 10069
1892 10415
10069 19447
10069 15126
10415 12811
10415 16221
1893 9938
1893 13278
1893 14000
1893 3459
13278 19919
13278 15183
11088 12169
11088 17310
11088 19553
1895 19158
1895 10609
1895 3399
1895 6229
1895 15424
6229 10233
6229 9659
6229 17102
6229 10747
15424 17642
15997 19528
8898 18057
16979 19223
16979 17470
16979 17785
10857 18099
10857 15560
10857 12173
10857 19928
1897 6535
1897 7367
7367 11424
7367 16708
7367 10140
7367 9125
7367 11316
1898 9025
1898 2408
1898 13102
2408 3517
2408 12994
2408 15277
1899 3701
1899 4364
1899 14170
3701 5824
3701 15119
4364 9267
14170 14303
14170 15684
14170 18554
1900 10260
1900 10952
1900 14405
1900 5679
10952 11820
10952 13299
1901 12577
1901 16116
1903 14704
1903 4800
1903 17517
1903 11799
1903 14194
1903 19398
1903 11063
4800 5766
17517 18409
11063 18952
11063 19043
11063 19186
11063 13557
1904 7203
7203 16487
7203 17444
12098 15873
12098 12145
12098 12132
12098 18801
13166 14134
7825 11025
7825 16913
7825 10475
10461 15712
10461 13524
16597 18991
16597 16909
4475 16344
4475 6364
11982 15994
11982 16844
3024 7549
3024 18161
16332 17988
1908 12498
1908 16004
1908 3980
12498 18248
3980 8068
3980 7337
3980 13814
3980 15247
1909 9875
1909 18905
1909 7855
1909 11345
9875 13284
9875 16255
1910 9523
1910 7544
1910 4997
9523 16454
9523 16386
7544 14127
7544 19524
7544 11803
7544 17540
7544 18768
4997 14551
4997 12463
1911 13126
1911 4678
1911 11635
1911 8871
13126 17059
13126 13747
13126 15524
13126 18410
4678 19773
4678 12030
4678 4807
4678 19155
4678 19904
11635 12225
11635 15889
11635 16634
11635 14758
8871 14637
8871 17562
8871 9951
1912 10864
1912 3242
1912 2385
10864 11447
10864 16012
10864 14460
10864 18751
3242 15899
3242 11513
1913 18851
1913 2808
1913 19921
1913 7916
1913 5355
1913 19758
1913 19843
2808 10635
2808 3479
2808 15936
7916 11274
5355 13897
5355 16022
5355 16488
1914 8946
1914 8359
1914 5278
1914 19106
8359 8572
8359 19959
5278 9611
5278 17850
5278 12752
5278 15512
1915 12773
1915 17898
1915 12550
1915 9436
1915 12140
12773 13541
12773 12965
12773 18634
12550 14444
12550 18818
9436 14680
9436 9521
9436 17942
12140 16196
1916 15156
1916 3393
1916 4900
3393 19227
3393 15129
3393 3938
3393 12585
3393 14699
3393 18281
4900 6437
4900 19336
1917 10585
1917 9850
10585 19933
10585 13049
10585 15583
10585 13225
9850 11357
9850 15904
3423 12905
3423 14160
9587 18811
9587 11733
1919 11489
1919 7997
13500 14257
4992 16030
4992 11427
1923 14056
1923 18935
1924 3198
1924 13329
1924 2725
1924 6289
1924 7714
2725 17869
2725 11442
6289 19708
6289 19538
1925 3430
1925 14595
1925 3073
3430 9936
3430 18064
1926 14656
1926 11115
1926 13323
10467 15725
1928 14945
1928 14601
3325 17695
3325 6675
14211 15427
14211 15761
1930 17065
1930 8726
1930 8893
8726 15448
8726 14595
8726 17812
8726 18435
1931 18252
1931 11348
1931 13053
1931 14182
1931 8112
13053 19677
14182 15918
14182 16138
6852 17130
6852 16191
6852 19614
6852 18608
4619 15895
4619 8295
4619 4905
4619 17422
4619 15072
2112 11586
2112 3671
2112 18336
2112 12185
2112 10555
1933 6952
1933 7594
1933 6900
1933 3448
1933 3524
1933 2186
1933 16818
6952 15678
6952 18613
6952 15184
7594 14208
7594 15833
7594 12523
7594 9104
6900 15670
6900 19373
6900 16522
3448 5573
3448 3892
3448 8169
3448 19346
16818 18080
1935 11512
1935 3932
1935 16321
1935 4678
1935 3648
1935 4937
1935 9768
3932 12416
3932 11807
3932 8677
3932 10078
3932 14585
3932 16407
3648 10448
3648 19245
4937 11134
4937 7415
4937 13758
9768 11319
1936 11122
1936 17872
1936 10887
17872 18192
10887 16957
1937 9021
1937 11736
10179 14025
10179 14751
11802 13085
11802 13003
1939 15033
1939 2045
1939 6848
15033 16891
6848 13709
6848 19799
6848 13912
6848 19717
12954 18723
1941 10887
1941 15033
1942 9011
1943 16060
1943 16207
1943 16543
1944 3247
1944 18890
1944 11697
3247 7735
3247 6756
3247 5415
11697 12424
11697 12502
1945 9951
1945 12846
1945 17903
1945 2654
9951 19968
2984 16369
2984 7567
2984 11520
2984 9842
2984 8944
11213 15051
3554 18849
3554 12006
3554 10633
3554 16351
17978 19398
1947 11018
1947 7355
1947 4928
7355 19915
1948 12071
1948 10379
1948 4123
12071 14770
12071 14986
12071 14745
12071 14782
12071 16752
12071 13887
4123 16384
4123 5198
1949 9822
1949 3820
1949 13217
9822 19279
9822 12982
3820 14640
3820 12072
13217 14006
1950 10812
1950 8725
1950 13724
1950 17353
1950 11636
17353 17402
11636 18082
11636 12208
11636 15685
1951 4178
1951 16613
1951 13372
1951 11355
1951 10281
1951 8184
1951 8401
4178 19217
4178 11708
4178 8416
11355 14072
11355 18114
11355 15917
10281 13787
10281 18433
1952 12244
1952 12115
1952 2298
12115 18322
12115 14529
12115 16831
2298 19316
2298 4439
2298 14178
2298 10590
2298 3360
2298 8778
2298 6829
2298 4593
1953 18246
1953 16594
1953 9637
16594 17988
16594 17183
9637 12592
9637 11367
1954 12194
1954 15701
1954 11811
3841 19077
3841 12020
3841 12374
3841 5705
10703 12880
10703 14698
11554 19778
11554 16514
10996 19722
10996 17007
10996 14957
2512 6162
2512 2658
9330 15915
8490 8497
8490 16313
10635 11405
10635 17987
10635 19335
10635 18176
12308 17776
6940 12979
5508 9966
5508 6648
4268 15073
4268 12167
4268 18251
13456 18100
1960 18210
1960 16725
1960 19144
1960 18995
1960 16172
16725 19156
1961 3166
1961 19389
1961 4720
1961 17656
19389 19555
4720 7400
4720 8499
4720 16958
17656 19323
1962 11438
1962 19854
1962 17634
1962 5180
1962 5229
1962 9559
1962 3421
11438 18162
5229 16040
5229 17678
5229 12066
5229 17025
5229 19326
9559 18811
9559 18169
9559 12957
15809 18933
7217 19462
7217 9173
7217 8395
7217 12310
7217 9525
10344 17213
10344 18974
10344 14583
12175 13797
12175 14394
7751 13413
7751 18179
7751 15362
1965 10239
1965 4508
1965 7218
1965 5756
1965 15492
4508 9721
4508 15833
4508 11349
4508 17036
4508 12946
4508 10225
7218 13955
7218 7997
7218 17290
5756 6501
5756 7521
5756 17839
15492 16170
1966 11552
1966 5867
1966 4740
1966 6153
1966 19632
5867 18593
5867 18695
5867 12730
5867 14940
5867 16464
5867 11063
4740 10401
4740 9068
4740 6136
4740 5241
4740 4886
4740 11341
5578 6455
5578 9777
5578 7277
5578 8302
5578 9054
8661 18806
8661 19850
10988 17098
10988 12039
12508 19796
12508 18559
5683 16555
6700 10239
14221 19676
14221 18016
1969 12232
1969 19748
1969 9326
1969 13444
1969 14665
12232 13746
12232 13477
12232 15094
9326 11364
9326 13226
9326 16041
1970 5048
1970 15518
15518 17257
1971 10882
1971 13913
10882 12174
10882 17410
13913 14227
12902 18346
8793 9745
1973 19030
1973 10635
1973 4188
4565 5222
16388 18970
16388 19723
11042 16056
11042 19294
11042 17558
11042 18844
1975 19201
1975 19607
1976 6673
1976 7443
1976 9938
1976 8600
7443 9366
7443 19769
7443 14532
1977 15647
1977 2199
1977 9460
2199 17865
2199 14642
4438 12844
4438 12389
1979 19975
1979 4282
1979 18293
1979 10604
1979 17611
4282 14497
4282 8664
4282 14154
10604 12996
17611 17777
17611 19907
17763 18237
1981 15959
1981 10109
15959 17227
10109 14363
10109 10628
10109 17720
10109 11718
10109 17564
1982 8345
1982 15659
1982 5806
1982 11078
8345 10582
8345 9795
8345 13052
8345 14016
15659 19909
5806 8779
5806 17354
8181 15459
8671 19259
8671 13219
8671 15346
8671 16733
8671 14234
1984 16514
1984 19006
1984 11010
1984 19352
16514 19204
1985 5740
1985 13001
1985 12972
1985 9644
5740 9308
5740 12133
5740 6820
12972 19093
12972 14644
12972 15632
1986 3595
1986 14474
3595 8713
3595 14530
3595 17510
1987 15895
1987 19929
15895 17896
1988 2509
1988 17924
1988 5398
5398 12477
5398 11018
5398 18660
5398 6245
11079 11762
11079 11133
11079 15133
1990 10307
1990 10323
10307 13817
10307 11850
10307 19840
1991 13528
1991 3746
1991 6957
1991 5476
1991 13489
1991 11492
13528 14098
13528 17888
3746 4204
3746 4794
6957 18948
6957 11383
5476 7775
5476 14711
13489 17920
11492 18737
1992 12734
1994 4583
1994 8591
4583 8565
4583 10995
4583 13451
4583 19207
8591 9116
8591 18212
9973 11152
2033 8225
2033 13088
2033 12159
2033 7538
2033 2295
2033 18890
13367 14301
13367 18642
1996 16802
1996 18247
1996 10479
1996 4563
1996 5266
1996 12928
1996 5390
1996 5884
10479 12946
4563 9173
5266 18808
5266 19879
12928 19875
5884 8224
5884 12384
7426 19022
4608 10971
4608 10261
4608 5462
4608 19383
4608 16992
1999 17915
1999 13932
1999 16721
1999 14241
1999 12802
1999 2712
1999 9999
1999 10490
1999 4173
1999 2943
13932 17159
13932 19845
13932 15997
16721 19837
16721 18457
14241 14372
12802 19537
9999 18437
9999 18309
9999 11911
9999 13459
2000 16102
2000 2634
2000 3062
2000 19931
2001 12187
2001 4866
2001 8218
2001 19415
2001 16691
2001 2721
12187 14488
12187 17074
12187 18048
12187 19105
4866 7420
4866 9103
2002 17031
2002 16008
2002 13418
2002 16504
2002 7420
2002 16415
2002 15890
2002 15723
17031 17143
13418 18178
13418 19705
16504 19718
7420 9498
7420 11477
7420 13047
7420 13685
7420 7968
2003 6413
2003 14235
2003 8670
2003 2284
2003 3339
6413 7697
6413 17694
6413 11925
6413 15089
14235 17318
2284 14990
2284 13302
2284 7794
2284 5724
2284 16343
2284 11072
17992 18972
12830 14258
4172 17415
4172 5079
2005 10153
2005 13426
10153 18260
10153 17420
10153 16656
10153 12273
13426 19716
13426 18170
2006 8102
2006 19738
2006 13063
2007 10821
2007 8805
2007 13628
2007 9664
2007 19682
2007 11476
8805 19130
8805 16212
9664 13035
19682 19750
11476 14570
11476 15703
11476 12991
2008 14383
2008 12421
2008 13634
2008 11481
2008 8952
2008 11401
2009 7324
2009 14400
7324 10184
7324 7905
7324 12567
7324 15127
2010 13214
2010 10008
2010 18099
2010 17394
13214 16579
13214 18937
10008 12497
10008 14747
18099 19177
18099 18239
17394 18910
2011 6987
2011 4691
2011 19346
2011 11824
19346 19742
11824 16937
11824 16611
2012 17056
2012 8214
2012 14595
2012 5402
2012 18522
17056 17305
17056 18704
8214 14299
8214 19669
2013 7178
2013 9893
7178 11748
9893 17889
8697 12182
2015 7752
2015 8195
2015 2047
2015 2134
8195 14549
2016 5855
2016 17837
2016 8852
2016 9993
5855 9039
5855 13602
5855 12752
5855 19253
5855 9138
5855 10414
9993 19045
9993 15678
2019 2191
2019 7158
2019 2167
2191 15747
2191 10562
2191 14685
2167 17728
2167 15904
2020 17856
2021 14194
2021 12006
2021 7567
2021 4966
12006 14926
7567 14442
7567 13462
7567 19451
7567 13063
2022 12880
2022 6172
12880 19241
6172 6654
6172 14691
2023 5200
2023 14450
2023 10988
2024 6375
2024 2180
2024 10266
6375 13429
6375 7101
2180 2708
2180 13107
2180 4716
2180 19351
2180 14921
2180 6727
10266 17137
2025 12860
2025 15564
12860 16255
2026 19097
2026 6545
2026 4166
2026 5077
2026 17362
2026 17838
2026 2505
5077 6139
5077 15953
2505 12507
2505 18049
2505 15029
9149 10435
9149 19732
9149 15076
9149 15380
11899 14724
11899 13974
11899 14784
8782 16627
8782 10892
8782 18504
2030 12374
2030 17618
2030 5674
2030 13261
2030 14308
2030 9616
2030 9957
2030 6519
2030 8551
12374 14050
5674 5908
13261 18236
2031 10959
2031 6172
10959 11956
10959 16433
10959 13611
2032 19575
2032 12425
2032 15558
12425 17854
12425 12700
15558 17053
12159 16465
12159 19620
12159 15190
7538 15358
7538 13915
7538 9572
2034 4863
2034 10370
2034 18139
2034 4535
2034 14318
2034 15550
4863 11929
4863 8841
10370 11205
10370 17456
14318 17387
2035 16590
2035 8972
2035 15111
2035 15362
15111 16137
2036 18761
2036 15888
2036 11327
2036 8357
11327 12172
11327 19230
11327 11425
11327 13862
2037 3836
2037 9102
2037 17883
2037 3847
2037 15434
2037 17511
3836 6155
9102 17495
9102 14072
9102 13898
9102 10259
9102 14551
9102 16619
17883 19290
3847 5672
3847 8557
3847 11788
15434 17856
2038 14737
14737 15945
14737 15908
2039 19831
2039 17366
2039 5800
2039 6356
5800 6651
5800 17481
5800 9961
6356 17668
2040 6600
2040 5205
2040 7687
2040 9017
6600 7186
6600 18179
6600 10927
6600 16399
5205 14283
5205 9914
5205 9533
5205 5259
7687 18548
7687 16905
7687 19639
2041 11811
2041 14427
2041 9728
2041 3917
2041 14287
14427 17116
9728 16451
9728 19719
2042 15086
2043 16996
2043 6817
16996 18178
6817 10419
6817 19051
6817 14000
6817 7265
6817 8283
7807 15632
7807 8165
7807 19722
6689 10150
6689 16852
6689 17667
11336 12461
11336 17007
16880 19895
11659 19476
11659 14765
11659 13695
11659 14654
17657 19242
2048 15522
2048 4006
2048 18292
15522 17062
4006 11306
4006 11889
4006 17744
2050 2758
2050 8524
2050 17324
2050 9579
2050 5891
2050 9862
2050 16772
2758 16123
8524 10856
8524 18798
8524 9398
8524 19243
8524 16347
9579 14580
2051 15278
2051 12180
2051 15064
2051 2864
2051 13537
12180 16712
15064 17272
2864 3338
2864 8267
2864 5392
2864 5052
2864 9313
2864 13287
2052 4586
2052 2654
2052 4111
2052 13851
2052 5684
4586 9400
4586 17503
13851 16858
5684 17827
5684 11563
5684 11166
5684 6321
2053 2860
2053 10462
2053 8284
2053 6160
2053 11384
2053 10732
2053 12560
2053 16621
2053 7019
2860 5363
2860 4359
6160 11025
6160 12886
6160 11796
6160 8687
6160 14820
6160 10576
6160 19541
12560 16221
12560 17656
16621 18477
7019 14361
7019 16061
5320 11929
5320 9756
5320 7124
2056 11674
2056 13350
11674 15658
11674 16951
13350 17332
14828 15000
14828 18337
14828 17672
2059 5838
2059 12226
2059 3719
3719 18063
3719 7169
3719 15777
3719 17989
3719 4303
2061 16039
2061 7722
16039 17188
7722 11253
7722 10046
8100 11185
2063 13202
2063 8312
2063 13787
2063 5583
2063 15899
2063 14304
13202 18365
13202 16140
13787 19242
13787 19743
5583 12472
5583 6472
14304 15380
2064 16176
16176 17306
16176 17615
16176 17519
2065 2550
2065 2179
2065 9774
2550 14257
2550 10862
2179 12687
2179 8824
2179 13011
2179 16244
2179 19237
2179 12316
2179 5779
2179 19870
2179 9605
2066 19042
2066 17737
2066 8492
2066 8228
2066 15852
2066 17647
2066 17541
2066 9913
8492 17398
8492 10327
8492 19976
8228 8469
15852 19705
15852 18048
15852 16473
15852 17366
17541 19735
9913 17150
7659 18257
7659 11636
7659 11580
7659 11189
2068 3776
2068 12950
3776 13066
3776 9526
3776 16658
3776 11901
12950 14216
2069 14615
2069 6015
2069 7734
2070 19741
2070 8353
2070 17320
8353 10504
8353 10547
17320 19024
17320 17864
17320 17394
2071 5833
2071 11109
2071 13036
2071 13854
2071 4204
2071 3299
11109 15850
11109 15036
11109 11402
13854 14680
13854 18375
3299 12896
3299 6600
3299 18494
3299 18964
3011 13888
3011 16908
3011 18154
3011 5602
3011 12323
3011 15865
12618 12762
2073 12397
2073 2196
2073 16970
2073 9324
2073 14657
2073 9817
2196 8194
2196 3175
16970 19336
9324 19695
9324 18749
9324 14117
9324 15513
9817 11721
9817 19571
9817 19204
10486 17714
2442 7891
2442 13727
2442 6907
2075 8628
2075 16381
16381 18481
16381 18836
2077 6862
2077 18442
2077 12571
2077 12682
6862 19665
6862 19100
6862 18788
18442 19125
18442 18697
12571 16962
12682 17621
2078 17497
2078 3260
2078 2234
3260 4650
3260 16715
3260 10652
3260 11930
2234 6602
7124 18452
2080 17902
2080 16787
2080 4390
4390 9613
4390 15817
4390 5380
4390 10399
4390 15994
18405 19580
14819 15937
2082 17096
2082 13250
2082 13973
13250 13363
13250 18682
13973 16529
2084 18583
2084 5374
2085 16047
2085 16223
2085 9884
16047 16848
16047 17177
9884 10346
9884 18337
2086 17829
2086 4828
2086 18926
18926 19476
2088 3226
2089 6351
2089 6263
6263 18422
6263 11497
2090 13085
13085 19039
2091 16751
2091 11075
16751 17176
2092 3458
2092 18954
2092 12056
12056 14599
12056 17613
12056 13816
4269 10683
4269 9136
4269 11050
4269 13032
4269 19734
4269 13448
12664 17674
12664 17513
14895 16875
14895 19226
12431 15436
12431 18602
2097 12600
2097 18773
2097 18451
12600 15012
12600 15092
18451 19906
2098 12825
2098 13501
2098 15271
13501 15469
15271 17710
2099 8924
2099 2191
2099 12098
2099 19814
8924 10668
8924 16159
8924 10079
8924 13297
2100 5918
2100 5659
2100 5455
2100 13673
5918 14918
5918 11985
5918 13229
5659 18434
5659 6832
5659 17920
2101 8432
2102 9029
2102 7599
2102 16297
7599 19312
7599 10608
7599 12626
7599 8110
2103 10016
2103 6783
2103 6538
2103 11839
2103 16098
2103 11458
10016 17439
10016 13084
6783 16278
11839 14908
11458 15067
11458 17328
11458 17720
11458 17010
11458 18300
2104 16799
6876 13550
2195 5749
2195 18840
2195 19564
2195 4076
2195 15902
6833 15532
6833 10932
6833 12454
2106 6749
2106 19831
2106 12964
2106 14155
2106 13137
6749 11104
14155 14572
14155 16862
14155 14660
14155 17373
13137 16416
2107 7537
2108 18765
2108 13293
2108 8207
13293 14217
2109 19272
2109 7557
2109 8723
2109 2320
8723 12428
8723 15106
8723 16965
8723 17203
2320 16158
2320 14016
2320 14182
2320 6934
2320 12787
2110 7257
2110 14339
2110 3155
2110 13029
2110 9676
7257 13790
14339 18820
3155 16901
3155 11874
9676 12576
9676 12250
9676 15244
9676 11609
2111 14640
2111 10632
10632 17397
11586 12408
3671 17878
12185 14229
10555 12705
2113 9556
2113 12976
2113 4256
2113 10953
9556 10399
4256 11506
4256 13933
2114 10614
2114 16974
2114 10970
2114 2777
2114 6153
2114 16477
10614 19709
10970 11693
16477 17062
5873 11113
5873 16968
2116 8773
2116 11250
2116 4425
11250 17008
11250 19369
4425 17350
4425 13081
4425 7607
10977 13231
14869 17574
2118 14683
2118 3714
2118 14812
2118 5486
2118 2248
2118 3266
2118 6250
2118 6471
2118 19495
3714 10239
3714 9786
3714 7507
14812 17350
2248 19181
2248 9703
3266 11342
3266 8125
3266 3777
3266 18568
3266 6015
2119 17197
2119 14520
2119 4945
2119 12486
2119 5400
2120 4497
2120 8950
4497 11484
4497 8913
4497 13285
2121 19562
2121 12031
12031 17762
12031 13721
2122 14527
2122 13425
2122 11380
14527 18396
14527 18543
14527 16458
13425 14322
13425 17681
11380 14431
2123 7635
2123 17942
2123 3796
2123 9489
2123 15757
2123 18629
2123 14064
2123 16545
7635 18433
7635 12869
3796 4543
3796 5075
3796 5853
3796 19743
9489 19645
9489 17723
9489 17944
15757 17386
14064 15399
2124 10616
2124 16739
2124 6959
2124 4848
2125 7557
2125 11361
11361 14448
2126 7657
2126 4547
2126 4135
2126 12188
7657 18135
4547 6259
4547 14339
4135 12317
4135 11234
4135 17491
4135 14338
4135 14593
12188 13152
2127 16592
2127 17882
2127 10210
2127 16339
10210 10580
10210 13409
10210 16067
17299 19003
3777 16631
2129 10683
2129 18428
2129 15882
2129 2428
2129 13513
10683 16564
10683 11709
15882 17033
2428 5939
2428 18212
2428 12949
2428 19576
2428 19631
2131 14135
2131 10299
2131 17908
2131 15258
10299 13885
17908 18473
15258 19109
2132 13983
2132 8572
2132 2289
8572 15116
2773 19148
2773 4426
2773 3891
2773 19044
18599 19084
16310 16438
12473 19661
12473 14971
9830 10531
2375 7176
5854 14724
5854 17946
7775 19068
7775 17037
7775 13228
2136 18195
2138 5661
2138 3932
2138 14652
2138 8111
2138 3055
2138 14230
2138 8096
5661 11857
14652 18206
14652 18450
8096 16457
8096 15984
8096 16617
8096 9705
8096 15109
8096 17972
2139 8787
2139 4808
2139 9129
8787 19535
4808 5971
4808 12269
4808 6821
4808 14724
9129 18563
9129 13294
9129 16483
2140 6690
2140 9956
2140 4352
9956 12406
4352 6300
4352 5623
4352 16093
4352 12334
4352 16745
2141 10521
2141 17137
2141 3458
2141 12194
2141 5335
2141 18219
2141 17081
2141 2933
10521 13924
10521 17782
17137 18849
17137 18959
2142 18275
2142 10968
2142 8687
2142 17045
10968 15820
10968 16398
10968 18025
8687 9181
2143 12345
2143 11236
2143 7697
2143 2680
7697 16296
7697 10980
2680 15875
4852 8410
4852 8337
4852 15871
4852 5775
2732 3400
2732 15881
2732 17592
2145 15178
2145 5564
2145 3680
2145 15526
2145 9450
2145 9033
2145 5061
2145 4367
2145 4437
15178 17912
15178 15538
5564 6357
5564 18712
15526 17679
4367 18079
4367 12918
4367 19290
4367 18976
4367 18916
4367 19407
4367 7612
4367 8753
2146 6475
2146 6909
6909 11767
6909 19642
2147 3042
2147 19269
2147 19161
2147 13029
3042 17415
3042 8921
2148 13126
2148 18032
2148 7098
7098 19086
7098 14461
7098 11741
7098 9642
8601 14543
8601 13069
8601 15931
6193 12703
6193 16643
4117 14097
4117 17112
4117 5882
14051 14328
2150 6738
2150 10342
2150 10012
6738 14547
6738 15372
6738 7338
10012 10251
10012 10776
10012 12215
2152 10013
2152 16024
2152 3836
10013 15326
10013 18285
10013 12873
16024 17855
2153 7167
2153 7638
2153 16533
2153 3199
7167 18775
7167 19283
7167 14148
7167 9585
7167 9418
7638 9907
7638 13283
7638 10684
16533 17681
3199 11090
3199 6205
3199 8482
2155 16762
2155 17833
16762 18268
16762 18720
2156 3087
2156 16174
2156 4528
2156 19924
3087 9727
3087 12403
3087 12300
16174 17736
16174 17164
2157 18222
2157 15284
15284 17232
15284 17092
9097 18613
9097 14207
9097 18642
9097 9821
11915 15606
2159 12067
2159 10912
2159 2736
2159 17426
10912 15067
10912 17740
10912 18455
2736 7041
2736 9490
6620 14269
4905 19935
4905 13529
4905 10762
16728 19413
16728 18396
11490 12114
11490 19368
11490 13033
4374 18578
4374 5463
4374 9702
2919 11669
2919 16180
2919 13570
2919 5315
2162 15120
2162 13232
2162 15225
2162 6414
13232 17213
6414 18529
4223 7735
4223 16658
4223 10775
4223 13960
6514 17921
6514 8650
2164 15188
2164 12843
2164 17423
2164 9249
2164 12721
2164 6430
2164 19795
15188 18926
17423 17518
9249 16072
12721 14768
12721 16848
6430 12872
6430 16393
10068 11512
17845 19629
3091 3652
3091 8785
3091 16880
3091 16666
3091 6430
3091 13145
3091 11695
5334 17817
5334 14458
5334 17521
5334 10263
5334 7866
5334 10248
17728 18101
12700 17735
12700 17144
11040 19848
11040 12188
11040 14112
2169 15704
2169 12128
2169 6610
2169 19065
2169 13493
12128 15862
13493 19523
13493 16491
2170 6761
2170 9394
2170 12699
2170 11906
2170 5298
6761 7728
6761 17567
9394 13185
9394 19009
9394 11403
9394 14084
9394 9667
9394 19255
9394 13133
9394 11018
12699 18960
11906 15329
11906 18305
5298 8467
5298 19013
5298 19715
2171 14517
2171 2677
2171 11336
2172 13644
2172 13912
13644 16922
13644 15392
13644 18067
13644 17871
13644 17688
13912 18292
10154 19502
10154 18749
10154 16360
13012 15942
13012 17868
13012 17043
2174 9214
2174 2451
2174 4783
2174 14404
2451 7392
2451 2567
2175 10245
2175 7885
10245 12307
10245 16896
2176 10936
2176 12510
2176 11659
2176 12127
2176 4466
12127 12291
4466 11118
4466 8264
4466 18476
4466 7630
13882 15686
12021 13428
12021 15428
8968 17890
8968 13324
4681 9618
4681 12803
4681 15461
4681 5044
4681 16602
4681 7980
8824 15722
8824 18470
8824 12913
8824 9169
12316 17479
5779 11857
5779 13171
5779 19590
9605 11300
13107 17559
6727 8689
6727 17226
2181 18537
2181 11619
2182 17842
2182 7367
2182 5880
2183 12789
2183 7116
2183 2512
2183 18348
2183 19779
2183 2259
2183 4440
2183 9543
18348 18428
2259 4570
4440 7781
4440 17584
4440 10212
2184 16792
2184 17190
2184 14182
2184 8949
8949 10418
2187 9932
2187 13793
9932 19014
9932 17569
9932 11916
2188 6795
2188 5833
6795 10729
6795 15666
6795 15163
2189 4037
2189 13322
2189 13671
2189 10253
2189 13631
13322 14736
10253 13695
13631 17978
4671 5838
4671 14409
10562 18694
10463 19452
2193 12450
2193 12030
2193 18712
12030 17645
2194 16730
2194 16378
2194 17413
2194 12354
16378 18177
17413 19179
12354 19117
12354 19787
12354 17889
5749 8607
4076 5417
8194 15959
8194 9710
3175 5371
3175 17362
14250 19335
14250 15493
3597 7190
8523 14828
15191 19828
2198 19967
2198 15713
2198 16687
2198 18481
18481 19614
3052 10861
3052 11319
2201 18510
2201 12825
2201 4882
2201 17574
18510 18863
3516 11534
3516 4303
3516 12318
3516 6290
5302 17166
5302 15730
5302 8824
5302 13158
5302 10248
5875 13514
5875 15541
5875 8086
5875 13674
5875 18823
2529 16005
2529 12188
2529 7202
3893 6158
3893 5220
2203 15438
2203 6073
2203 15883
2203 11004
2203 11121
6073 12165
6073 10205
15883 16113
11004 14444
2204 11598
2204 13431
11598 17576
3300 18349
3300 12291
3300 6943
3300 10672
3300 7168
11544 14025
2206 12719
2206 13664
2206 19175
12719 15755
12719 14250
13664 17556
13664 16085
13664 19560
13664 19632
2208 15717
2208 12763
2208 7392
15717 16415
15717 18635
15717 18873
7392 13099
7392 19954
7392 13925
7392 9902
2209 19053
2209 17185
2209 8946
2209 4527
4527 19494
4527 19356
2210 16037
2210 9519
2210 3350
2210 9297
16037 19588
9519 11949
9519 19127
9519 16743
3350 16197
3350 8881
3350 10623
3350 8804
3350 7140
3982 5182
3982 16487
3982 14786
13305 14401
2212 14509
2212 5912
2212 3988
3312 8721
3312 19152
2214 15171
2214 13595
2214 6795
15171 16913
2215 17383
2215 5546
2215 2423
2215 4669
17383 17450
2423 13890
2423 10002
4669 7881
4669 18670
16017 17512
2217 6119
2217 13772
2217 5214
2217 2411
6119 13785
6119 9764
6119 14811
5214 6043
5214 12311
2218 16938
2218 8895
2218 17280
2219 12057
2219 3492
2219 5325
12057 12136
12057 15936
12057 19380
2221 12753
2222 5999
2222 12215
2222 6822
5999 9053
5999 13744
5999 8277
5999 15061
5999 17760
5999 12678
5999 15820
6822 17556
3618 8956
11891 17810
5963 15329
5963 14866
5963 10907
5963 8172
5963 19024
2224 4032
2224 16082
2224 10271
2224 3378
10271 17645
10271 13757
10271 12631
3378 6954
3378 18877
2225 2828
2225 5273
2225 17457
2225 3470
2828 6370
2828 5404
2828 9768
2828 18145
5273 19926
5273 13274
5273 7078
5273 11524
3470 5520
3470 16572
3470 10544
10766 19361
10766 17045
2227 7280
2227 19620
7280 8439
2229 16671
2229 15134
2229 9705
2229 14025
2230 11526
2230 19423
11526 17117
11526 19475
10885 18105
10885 12553
2232 11137
2232 18703
2232 13245
2232 2494
2232 12803
2232 3945
2232 9000
11137 16640
13245 16472
2494 16957
2494 5671
2494 13338
2494 16003
3945 18306
3945 8758
3945 6864
3945 6351
9000 14060
2233 8141
2233 14276
14276 18921
6602 8702
6602 10146
6602 8514
6315 12695
6315 7095
2237 19686
2237 9897
2238 4441
2238 4540
2238 18791
4441 11981
4441 5205
4441 18458
4540 4792
4540 6378
4540 5245
2239 10617
2239 15221
2239 4644
2240 4083
2240 2901
2240 7791
2240 3877
2240 16171
4083 6072
3877 10417
10532 10554
10532 17077
10532 14348
10532 17579
8855 17494
8855 15542
8855 14346
8855 17395
8855 12513
4786 6680
4786 12743
4786 14499
4786 9026
4786 11695
2242 5886
2242 13449
5886 19749
13449 16699
2243 5893
2243 3928
2243 3005
2243 5577
3928 7348
3928 16145
3928 15156
3928 4828
3005 5106
3005 10859
5577 12799
5577 15967
5577 8157
5577 15441
2709 19569
3963 18800
3963 5216
8040 12692
3168 9648
3168 15573
3168 17869
3168 6318
3168 14240
2245 7729
2245 2662
7729 10405
7729 8667
2246 16515
2246 6996
2246 7706
2246 12985
2246 14930
2246 15651
2246 5936
6996 13837
6996 7882
6996 11052
6996 15554
6996 10131
6996 7856
7706 11900
7706 18870
15533 16372
4128 6933
4128 18884
4128 14789
4128 13272
2250 9709
9709 18764
9709 16403
2252 2686
2252 17706
2252 17436
2252 18021
17436 18513
2253 14248
2253 2818
14248 18416
14248 19947
2254 6001
2254 10514
2254 6205
2254 3778
2254 10298
6001 17466
6001 13307
6001 15684
3778 13164
3778 11291
3778 14332
3778 9520
3778 15372
10298 19384
10298 18946
10298 18288
10298 16931
2255 6356
2255 18915
2256 18955
2256 5613
2256 3188
2256 15286
2256 16389
2256 15677
3188 9688
3188 7288
16389 16808
15677 19279
15609 19309
4570 12903
4570 6674
4570 11228
4201 13519
4201 8163
4201 19542
4201 12288
4201 4324
3621 8746
3621 6010
3621 8806
3621 15890
2262 5669
2262 3870
2262 5758
5669 11234
5669 5841
5669 13048
5669 9741
3870 17115
3870 12470
3870 14931
5758 18640
5758 18082
5758 7519
5758 7833
2263 3077
3077 4791
3077 19583
3077 13263
2264 8815
2264 16981
2264 16364
2264 7141
8815 11801
8815 11955
16981 19479
16364 17739
6023 14911
6023 10837
6023 11219
6023 7278
10380 12232
7655 8818
7655 11718
7655 10420
2267 6109
2267 16901
2267 8327
6109 19746
6109 12316
6109 12084
8327 19357
8327 12112
2268 4508
2268 12922
2268 13616
2269 9544
2269 10827
2269 5536
5536 13049
5536 10200
5536 10986
2270 9275
2270 12953
2270 9030
2270 12122
9030 17616
9030 17408
2271 4106
2271 19797
2271 13399
2271 18699
2271 8478
2271 14544
2271 12824
4106 9409
4106 19899
4106 17559
4106 8667
4106 9885
13399 17640
8478 18092
12824 16210
12824 18136
2272 17200
2272 14912
14912 18870
14912 19752
2273 2710
2273 8206
8206 19279
2274 17179
2274 6738
2274 3878
2274 4512
17179 19246
3878 4271
3878 7559
3878 16352
4512 12805
11468 14793
7524 16435
7524 15221
2279 12262
2279 13137
2279 4977
2279 7625
2279 7857
2279 18990
2279 10837
6489 16046
6489 10484
6489 19753
6489 15983
8923 16823
8923 15408
2277 13965
2277 11550
2277 10869
2277 17816
13965 14883
17816 19809
2278 16729
2278 6195
2278 5645
2278 7163
2278 16709
2278 10429
5645 6499
7163 15324
7163 17587
7163 12101
10429 11477
12262 14324
4977 7395
4977 12044
7625 9090
2280 15041
2280 5081
2281 19458
2281 17523
2281 11281
17523 19459
17523 17880
11281 11382
11281 14223
12893 15859
12893 18378
8668 18855
8668 9947
8668 10722
8668 19417
7794 12262
5724 13021
5724 8278
5724 6849
8548 12647
2286 14092
2286 13362
2286 6750
2286 3753
2286 5539
2286 8317
2286 7223
2286 5947
13362 15565
13362 16161
13362 16308
6750 14472
6750 15080
5539 11233
5539 7986
5539 10422
5539 8911
5947 7582
5947 6705
5947 16094
5947 10224
5947 6122
2287 17506
2287 5200
2287 2511
2287 6030
2511 10834
2511 7107
6030 18213
6030 16325
6030 19427
2288 4320
2288 16118
2288 13973
2290 4182
2290 4296
2290 10222
2290 18555
4182 15313
4182 10464
4182 11566
4182 14977
4182 7564
10222 11923
10222 13871
10222 16335
15727 19015
15727 18236
18901 19983
11910 15034
11910 16454
11910 13588
4344 16483
4344 8794
4344 7792
4344 19442
9925 11125
9925 14414
9925 11174
9925 12630
12146 19485
12146 12571
16204 18115
8762 11127
4645 9210
3940 13583
3940 9081
3940 16446
3940 6460
3940 9721
3940 14147
18226 19892
3744 17102
3744 6590
3744 12162
3744 10856
2296 10452
2296 16783
2296 11890
10452 18824
10452 11553
10452 16271
10452 13163
10452 16641
10452 19769
16783 18277
2297 6628
2297 3515
2297 9304
2297 7569
2297 4511
6628 13790
6628 14883
6628 19724
6628 18524
3515 10561
3515 14721
3515 4022
3515 5333
3515 7411
7569 19091
4439 18477
4439 10695
4439 13669
4439 17645
10590 16523
10590 13619
10590 17991
10590 11364
10590 17116
10590 11327
8778 17323
2299 5352
2299 18631
2299 7931
2299 2663
2299 14431
5352 9731
5352 13232
5352 10813
7931 14004
7931 11892
7931 12233
7931 11212
7931 16661
7931 14215
14431 17227
11032 15193
2568 4984
4952 18687
2301 5905
2301 5206
2301 12228
2301 19452
2301 10917
2301 19000
5905 8265
5905 19557
5905 6199
5206 6410
10917 14880
4242 6863
4242 4817
8785 11293
2303 16801
2303 16437
2303 9827
2303 14884
2303 19298
2303 6714
16801 18322
9827 17371
9827 17030
9827 10723
9827 14283
9827 19505
14884 17427
2304 6461
2304 14552
2304 16950
6461 9700
14534 16936
14534 18094
14534 18396
14197 17482
12340 12371
12340 12449
2308 3632
2308 11116
2308 13778
11116 17075
11116 13473
11116 11577
11116 17629
17297 18182
8618 14316
8618 8945
8618 17660
2311 6160
2311 9322
17303 18695
10422 18143
2313 3877
2313 8785
2313 13099
13099 19044
2314 15575
2314 13421
2314 7257
2314 7558
2314 4785
15575 16226
13421 14148
13421 13663
2315 16275
2315 7174
16275 17853
7174 7231
7174 12612
7174 8565
7174 18964
2316 5175
5175 13727
5175 12817
3886 9600
9620 19033
9620 13080
9620 14772
9620 17951
3800 17112
6287 6887
6287 9955
7696 18978
7696 11202
7696 13715
7696 8811
7696 12329
14729 17503
10101 14288
2322 2928
2322 10730
2322 6676
2322 8349
2322 6997
2322 12574
2322 19815
2928 19591
2928 16107
2928 14286
2928 11936
10730 19825
10730 19343
6676 16193
6676 14747
6676 10764
6676 12756
6997 15737
6997 19617
6997 9228
12574 13543
2323 6018
2323 2666
2323 5849
2666 4721
2666 5224
2666 13578
2666 3448
2666 11290
2666 17954
2666 5847
2666 19431
2666 3135
5849 19985
5849 16331
2324 5515
2324 13866
2324 19000
2324 13292
13292 17451
11047 11144
11047 11107
11047 18246
11047 15285
6354 9428
6354 12817
6354 17720
6354 16751
6354 19913
6354 15539
6354 16381
6354 17343
6354 12317
2327 3413
2327 12349
2327 13285
2327 6620
12349 19020
13285 13680
2328 11559
2329 2839
2330 9055
2330 15833
2330 7645
2331 5602
2331 9781
2331 15523
2331 5228
2331 17199
2331 19445
9781 13110
15523 18324
17199 17919
2332 9122
2332 6704
2332 2908
2332 13807
2332 15909
2332 17179
6704 10505
11424 14633
6169 7475
6169 17827
6169 10085
6169 6841
6169 17747
6169 11544
6169 6818
2335 4487
2335 17126
2335 12775
2335 7019
2335 14307
2335 13423
14307 14612
13423 17099
13423 15684
11784 12210
11784 14620
2337 8287
2337 19660
8287 16051
19660 19797
2339 18060
2340 16223
2341 16116
2341 7693
2341 10865
2341 3809
7693 9800
7693 12684
7693 8467
7693 11961
10865 14737
10865 14768
3809 9221
3809 13161
2342 3652
3652 6774
3652 7303
9651 17592
7403 19217
2345 12210
2345 17681
2345 4730
2345 15208
4730 17967
4730 18610
15689 19703
15689 18012
12390 16905
12390 19724
12390 19172
8012 9705
8012 12805
8012 18939
8012 15718
6439 10653
2347 19527
2347 3385
2347 4257
2347 9906
2347 15200
10785 12485
10785 11999
10785 19230
6856 12169
6856 16087
6856 14758
2350 8670
2352 16657
2352 12571
2352 12997
12997 17346
12997 16768
9602 18185
9602 14105
2354 9991
2354 3093
9991 15938
9991 18739
9991 15208
3093 17483
3093 3438
5623 19792
5623 17738
5623 7061
15009 16328
2357 7467
7467 17746
2358 8636
2358 6952
2358 5652
8636 9735
5652 5706
2359 19329
2359 9407
2359 14161
2359 3981
2359 7303
2359 16514
19329 19486
9407 11038
14161 19674
3981 14934
3981 12879
3981 14964
3981 4992
7303 19506
7303 18897
2360 18416
2360 18107
2360 10590
2360 3795
18416 18834
18416 19938
3795 9039
3795 12579
3795 4164
3795 13515
6173 11515
6173 9379
2362 3868
2362 10402
2362 17884
2362 9247
9247 18763
9247 10851
9247 10421
9247 10002
9247 13656
6782 9724
2365 11922
2365 17796
2365 8435
2365 13686
2365 4896
2365 19771
2365 14717
2365 12562
17796 17845
13686 15526
13686 18599
4896 7694
4896 5217
4896 6117
4896 12898
14717 14864
12562 12764
12562 16977
12562 17355
12562 12572
12562 18926
12562 16281
2366 6804
2366 19744
2366 14090
2366 9817
2366 11010
6804 8896
6804 11937
6804 14658
2367 19782
2367 6785
2367 17366
2367 2734
2367 16252
2367 9864
2367 15676
16252 19019
16252 19236
16252 16311
9864 15164
9864 12651
9864 19472
9864 9890
15676 17677
15676 18593
15676 17622
2368 16114
2368 17777
2368 3119
2368 4642
2368 2785
2368 3203
4642 7335
4642 4711
4642 6994
4642 7859
4642 5496
4642 17076
4642 6382
2785 19921
2785 18695
2785 18983
2785 14108
3203 14789
3203 14220
3203 6281
3203 17776
3203 10281
15166 18182
15166 18827
13547 16913
13547 18529
13547 16643
7839 19121
7839 12805
7839 9400
10529 10915
10529 15534
2371 6114
2371 15740
2371 6494
2371 19703
15740 19492
15740 19381
6494 13443
6494 14074
6494 7977
6494 9221
2372 5157
2372 19041
2372 8294
2372 3936
19041 19109
3936 7711
3936 15872
3936 10506
3936 12529
4339 4406
4339 11003
4339 11901
4339 7494
4339 16736
4339 10524
4339 16249
2713 14810
2713 15432
2713 6710
2713 17529
2374 19906
2374 11299
7176 9957
7176 19201
7176 15504
7176 12539
7176 9834
7176 17070
7758 9147
6524 15090
6524 10472
6524 9702
2377 8205
2377 7176
2377 9621
2377 19588
8205 15308
8205 8889
8205 14827
9621 15236
9621 13529
2378 15131
2378 17929
2378 8360
2378 8231
8231 18352
8231 18285
8231 11899
2379 5231
2379 4846
5231 13594
4846 17153
4846 15611
2380 13523
2380 18035
2380 16269
13523 16679
3889 15346
3889 13379
3889 11801
8767 19740
8767 18892
8767 14456
8767 14536
2382 12569
2382 13611
2382 2878
2382 11682
2382 17346
13611 16940
13611 16927
11682 13971
17346 17560
8174 19297
2384 14071
2386 10914
2386 13096
2386 9990
2386 17890
10914 17469
9990 19965
9990 16456
9990 13566
9990 14397
6159 18600
6159 17911
6159 11205
15901 17712
15311 19804
9430 18114
2390 17725
2390 6063
2390 11072
17725 18322
6063 11703
6063 10566
2391 14900
2391 5345
2391 19979
2391 4987
2391 14421
2391 10047
14900 17727
14900 19350
10047 13567
10047 10317
10047 11403
2392 14035
4104 14902
4104 5186
4104 5743
4104 18221
4104 10894
4104 18473
8776 18734
8776 15471
8776 19899
11333 12003
2395 3488
2395 17717
2395 4659
2395 15208
2395 11600
4659 6272
4659 15287
4659 16951
11600 14193
11600 13168
2397 5396
2397 9650
2397 16546
2397 10337
9650 16044
16546 18448
10337 13971
5967 6284
5967 7242
5967 6106
5967 17638
5967 19835
5967 6183
2913 19797
2913 4096
2913 16428
12366 17170
12366 18116
14677 19147
8354 19982
8354 9485
8354 16130
8354 15766
8354 19573
7846 19210
2401 11844
2402 17985
2402 3974
2402 3805
2402 4915
3974 15877
3974 14700
3974 5185
3805 8922
3805 15360
3805 13708
3805 18853
3805 7336
3805 17747
4915 17341
2403 19420
2403 3380
2403 8262
2403 9253
3380 19183
8262 18623
8262 18963
8262 9468
9253 9841
9253 15692
9253 11984
2404 11297
2404 9605
2404 13472
2404 5308
2404 8391
2404 7673
11297 14720
11297 13010
11297 19904
11297 18641
8391 13226
2405 10602
2405 19172
2405 2977
10602 11598
10602 15791
10602 19318
10602 12420
2977 18599
2977 10153
2977 13270
2977 11213
2407 12376
2407 2921
3517 17597
3517 16612
3517 11359
12994 16526
12994 16533
2409 3383
2409 7920
2409 18275
2409 16353
3383 13014
3383 15184
3383 17179
7920 10140
7920 19285
7920 10261
11223 16044
16860 18272
16860 17914
16860 17410
16911 19493
16911 19757
4536 5911
4536 11610
4536 10706
6805 14141
9427 18054
8978 18426
8978 16105
8978 19372
8978 12789
8978 16244
2413 17374
2413 11791
2413 14511
3439 9937
3439 14033
3439 8099
3439 4781
2415 9948
8596 14587
2417 11119
2417 2982
2417 17160
2418 14730
2418 16986
2418 13680
2418 17744
2418 4544
16986 19012
13680 16591
13680 15920
3066 3281
3066 18628
3066 14729
3066 3900
5397 16238
3548 7335
3548 7496
3548 11953
14743 15630
13511 14987
13511 14212
13511 18484
2421 3227
2421 19335
2421 7921
2421 7022
2421 16847
2421 8240
7022 15790
7022 13363
8240 10498
8240 17547
4907 5199
4907 10872
4907 15304
13890 19396
10002 11765
2424 5579
2424 10654
2424 7648
2424 10450
2424 16036
2424 8310
5579 15378
5579 17809
10654 15684
10654 15338
7648 11410
7648 15299
16036 19854
8310 12565
8310 19555
8310 12127
2606 10622
2606 16443
6176 18031
10158 14922
10158 13160
2426 5611
2426 12612
2426 18595
2426 15511
2426 12032
2426 7170
5611 15123
5611 14934
5611 15706
2427 9095
2427 7319
2427 18656
2427 4199
9095 9819
9095 15437
7319 8497
7319 12807
7319 15409
4199 8603
4199 4638
5939 16773
5939 12421
5939 18111
2429 11672
2429 9635
2429 17724
11672 15713
2430 2725
2430 19020
2430 14752
2430 13479
2430 18409
2430 16211
19020 19080
14752 14832
2431 8729
2431 5099
2431 9931
8729 18677
5099 8621
2432 11389
2432 10250
10250 10432
10250 16789
2433 18628
2433 14280
2433 5419
2433 10893
2433 8323
2433 14948
2433 18498
10893 11515
6200 17366
2436 15878
2436 13740
2436 19183
15878 19009
19183 19921
2438 4121
2438 13724
2438 7498
2438 7654
7498 12195
7498 17248
7654 14683
2439 19496
2439 5740
2439 7902
7902 9791
7902 19158
7902 11524
7902 18427
7902 17917
2440 19759
2440 8697
6851 12226
6851 8960
6851 14970
6739 13221
6739 12498
7891 19134
2443 5475
2443 3494
2443 11753
2443 6650
2443 11941
11753 19681
6650 9377
6650 9885
6650 9390
6650 15082
2444 10048
10048 14864
10048 12982
10048 10847
8727 9962
8727 18432
8727 15146
15732 17389
2446 11426
2446 18699
11426 12225
2447 16614
2447 5137
2447 13741
16614 16692
16614 19500
2448 11498
2448 11493
11498 13845
11498 12944
11498 16993
11498 15897
11498 13474
11498 12482
11493 18822
11493 17971
2449 13098
2449 12660
2449 15384
13098 14346
13098 18442
13098 19452
13098 17600
13098 13196
12660 17787
12660 19239
12660 17954
15384 17251
15384 17047
2567 4183
2567 19779
2567 7184
8757 13681
2453 14746
2453 11536
2453 6684
2453 15663
2453 16859
15663 16977
15663 18793
2454 4683
2454 11949
2454 8193
2454 14470
2454 17423
2454 14893
11949 15521
11949 16987
11949 13143
14893 17094
2455 4501
2455 9679
2455 14950
2455 14218
2455 18528
4501 6945
4501 8077
4501 18738
4501 7194
4501 11418
4501 7705
9679 19276
9679 17218
9679 11235
9679 10137
9679 14443
9679 19774
14950 17628
14218 14857
2456 6063
2456 19362
2457 17452
2457 9448
2457 17599
2457 11738
2457 3587
3587 5192
3587 6156
3587 10789
3587 14465
3587 17212
2458 18335
2458 4044
2458 11775
2458 15603
2458 13557
4044 16698
4044 9361
4044 14367
4044 11436
4044 19638
15632 17630
15632 16389
15632 19554
4266 15173
3089 13630
3089 14023
4025 10077
4025 18765
4025 10249
4025 12396
2461 19960
2461 10060
10060 15908
10060 18718
10060 10336
2462 8516
2462 5894
2462 19612
2462 2963
2462 16740
8516 18588
8516 19006
16740 17187
2463 8496
2463 13449
8496 19349
2465 14704
2465 2747
2465 10558
2465 2658
10558 11093
2466 15959
2466 18151
2466 10246
2466 4867
2466 9801
2466 5273
18151 18460
10246 12659
10246 19177
4867 13005
4867 15341
2467 6452
2467 14675
6452 6470
14675 15922
14675 17783
11984 18169
11984 19488
11984 17673
11984 14858
2471 16075
2471 3762
2471 13599
2471 19296
2471 18910
2471 13555
2471 13069
3762 13225
3762 5968
3762 5033
13555 16752
13555 15090
13069 19987
2472 18108
2475 8410
2475 15232
2475 6172
2475 9264
2475 9244
2475 14001
2475 16841
2475 8649
8410 15267
9264 9444
9244 14786
9244 12651
9244 14143
14001 18600
8649 16780
8649 12110
8649 16857
8649 12087
8649 16758
7784 12074
7784 8569
7784 8209
2477 12974
13030 14566
13030 14815
13030 14247
13030 15677
2480 7335
2480 17925
2480 6518
2480 9931
2480 3485
2480 5875
2480 18137
7335 14693
7335 15788
7335 12566
3485 4088
3485 15182
8088 14738
8088 17656
8088 16852
2482 4456
2482 10704
2482 10844
4456 19591
10704 12126
10704 16201
8461 16839
8461 8750
9857 12452
6682 13263
6682 14814
6682 11816
6682 11294
6682 17961
15399 16993
7906 14131
13153 15722
2488 5436
2488 18138
18138 19297
2489 19434
2489 6587
2489 6337
2489 10288
2489 12677
2489 17701
2489 3239
6337 7044
6337 7484
6337 9938
12677 14113
3239 10295
3239 8184
3239 8940
3239 16821
3239 6585
3239 9119
3239 8655
18777 18794
2491 16326
2491 11218
2491 15113
2491 11199
2491 3626
11218 17251
11218 12902
11199 16287
11199 19129
11199 11658
2492 4768
2492 2979
2492 10386
2492 12536
2492 11704
2492 9540
4768 10703
4768 9358
10386 19441
10386 16224
12536 17199
9540 11703
9540 11191
2493 17067
2493 9416
2493 6640
2493 7384
6640 19254
16957 19620
5671 19448
5671 8506
16003 17396
4993 12354
2964 6498
2964 8661
2964 6707
2496 8101
8101 10017
8101 12698
8101 10476
8101 8465
8101 14652
2497 2560
2497 6083
2560 12156
6083 15365
6083 12327
6083 17535
2498 18955
2498 18556
2498 12449
2498 7936
2499 5940
2499 13520
2499 14098
2499 15547
2499 18210
2499 10181
2499 11525
2499 8209
2499 17330
5940 19268
13520 14918
13520 13659
13520 15895
14098 18169
8209 19421
8209 16303
17330 18721
2500 3096
2500 4281
4281 14696
4281 9869
2501 17439
2501 8746
2501 13767
8746 13284
8746 18170
13767 19467
2502 4006
2502 16390
2502 7388
7388 15704
7388 17363
7388 8883
2503 16261
2504 16931
2504 4976
2504 9415
2504 17889
4976 16978
4976 9120
4976 14233
4976 19911
4976 13907
9415 9531
12507 13548
12507 15847
2506 10314
2506 12538
2506 3931
2506 8622
2506 19496
8622 8828
8622 12408
2507 10810
2507 7702
7702 8135
7702 16921
4227 5548
4227 7344
4227 16599
4227 12218
4227 4243
4227 5007
4227 14342
4227 15540
10834 11855
10834 11385
10834 19345
10834 13212
7107 13224
7107 8586
6162 15823
6162 14617
6162 12509
13518 16290
2514 17093
2514 8681
17093 18107
2515 10039
2515 19881
2515 4885
2515 4972
2515 15358
10039 10647
10039 19977
10039 11818
2516 3310
2516 15186
2516 4380
2516 6330
3310 12118
3310 9434
3310 7032
3310 12219
4380 6526
4380 14818
4380 9050
6330 18545
2518 10128
2518 5226
2518 6378
10128 17483
10128 13732
10128 11155
10128 16546
5226 19654
5226 14161
6378 6941
6378 17122
6378 16941
6378 15330
6378 18686
6378 8468
6378 16879
2519 19312
2519 14700
2519 19058
2519 7739
2519 19483
7739 14496
7739 18776
7739 10458
7739 7852
7739 15790
7739 8139
13118 16525
2521 9319
2521 4182
2521 2617
2521 5139
2522 14489
2522 14151
2522 10287
2522 15019
2522 13598
2522 5529
14489 17465
14151 18037
10287 18588
10287 18699
13598 16935
5529 12952
5529 12688
5529 14490
5529 9317
11343 13783
11343 11431
15950 17897
2524 19504
2524 7787
2524 10983
2524 10663
2524 10946
7787 18441
7787 16657
10663 14971
2525 16164
2525 5951
5951 15242
5951 11477
5951 12545
9787 12331
9787 13843
9787 18801
9787 18917
17253 19574
2527 8900
8900 17865
7299 12501
7299 18594
8675 11077
8675 15871
7202 15904
7202 7706
5173 9714
5173 5657
5173 12231
8407 19018
8407 19079
7197 9053
5543 12453
5543 19346
5543 13404
17507 18029
2533 17939
2533 17935
2533 5488
2533 12211
12211 12926
8686 17392
8686 12960
12161 17491
16695 18665
2536 8850
2536 10384
8850 16513
8850 17055
8850 11520
10384 11210
10384 16871
10384 18585
2537 14624
2537 13739
2537 10578
13739 16796
10578 10731
10578 18354
10578 19349
10578 11945
10578 19917
2538 5087
2538 19145
2538 13226
2538 18195
2538 13760
5087 10578
5087 5442
5087 5567
19145 19827
3438 14919
3438 18285
3438 8726
3438 13388
2541 17471
17471 19208
17841 19501
8537 9299
8537 12693
8537 11544
8537 11550
2543 12415
12415 14790
12415 18926
12415 16972
2544 7881
2544 18354
2544 15256
2544 17445
7881 10598
17445 19951
17858 19051
12941 19740
12941 19430
12941 14870
2546 6612
2547 9139
2547 12882
2547 7064
2547 11862
2547 10073
9139 15780
9139 17924
12882 14473
12882 17347
12882 15396
12882 17816
11862 17303
11862 13161
16561 17403
14378 14989
14257 19201
10862 18181
10862 11912
10862 11259
4515 17094
4515 12065
4515 17592
2552 8154
8154 10668
12705 14020
7918 8839
7918 15273
7918 17522
2554 6670
2554 12024
2554 18318
2554 16805
2554 11882
2554 11275
2554 4042
12024 16329
12024 13609
16805 17476
16805 19161
11275 15789
4042 18660
4042 16045
4042 8781
4042 5901
2555 5053
2555 15833
2555 14897
5053 12429
5053 14599
5053 19732
2556 15711
2556 2912
2556 12239
2556 6226
2556 8845
2556 18305
15711 16448
2912 3129
2912 8239
2912 13597
2912 11106
2912 19032
12239 19650
12239 15652
12239 15068
6226 8635
6226 17323
6226 6994
6226 18503
8845 9749
5406 12382
5406 7136
5406 7090
13828 18428
13828 17197
7969 10057
7969 17139
7969 9971
8947 17807
2558 10163
2558 12488
2558 18464
2558 3552
2558 14409
10163 19966
10163 15966
10163 14707
10163 13011
18464 19382
3552 4445
3552 12381
3552 17378
14409 19445
14687 18671
3245 4426
3245 5458
3245 5088
12156 19203
12156 17102
2561 4695
2561 8690
2561 19173
2561 7358
2561 13701
4695 13732
4695 11958
4695 11605
7358 12780
7358 18651
7358 9691
13701 19144
13701 19490
2562 11063
2563 3806
2563 8206
2563 6100
2563 11947
6100 12340
6100 10539
6100 7357
2564 7613
2564 7480
2564 18134
2564 10281
2564 7550
2564 5374
2564 12961
7613 11663
7550 19233
7550 16600
7550 13131
8119 12888
13928 19411
2566 15087
2566 12604
12604 18343
12604 16435
12604 17203
12604 15652
4183 4611
4183 8752
2569 12685
2569 13498
2569 9187
2569 15975
12685 19581
12685 15603
12685 14970
13498 15572
13498 17291
13498 14366
9187 9442
8256 19554
8256 17247
8256 17085
8256 10970
8256 8655
10155 19830
10155 19587
10155 12436
10155 11394
18013 19995
18013 19908
15122 19147
2571 16872
2571 10753
2571 4639
2571 10272
10753 14729
10753 10771
10753 18069
4639 7231
4639 10128
4639 18181
4639 17929
4639 5183
2572 4149
2572 16011
2572 13530
4149 6418
4149 15523
4149 6161
13530 14772
2573 3979
2684 5059
2684 5873
2684 13398
2684 4939
2684 14160
2684 15298
2684 17368
11194 12575
11194 18167
6485 16095
6485 12985
6485 6835
6485 15344
6485 16822
2575 6549
2575 14122
2575 3631
2575 8338
2575 9617
2575 3892
2575 2819
2575 4420
6549 8497
6549 16372
14122 19842
14122 19478
3631 14615
3631 7939
3631 12833
3631 6901
8338 19686
8338 11631
8338 15841
8338 8382
8338 18412
9617 19131
9617 12577
9617 14985
3892 7721
3892 16917
3892 15785
2819 4427
2819 11108
2819 16731
2819 7583
4420 15573
13943 14192
14331 14752
14331 14451
14331 14647
14331 15007
5415 11589
5415 9329
5415 12471
5415 10704
5415 8550
2577 9872
2577 7710
2577 5096
9872 11764
9872 9909
9872 10227
7710 19286
7710 15693
7710 11216
7710 14697
7710 15328
5096 8971
5096 18384
5096 8056
5096 7032
5096 10902
2578 5182
2578 10410
2578 15868
2578 19281
2578 14375
5182 18203
5182 10748
5182 12466
5182 5236
5182 13635
10410 17183
19281 19316
19281 19372
14375 18208
2579 7997
2580 3843
2580 18825
2580 3190
2580 13765
3843 8152
3843 18516
3843 15932
3843 11361
3843 15962
3190 14450
3190 10763
3190 17862
3190 9398
3190 15885
3190 4252
9845 17721
2582 18437
2582 16165
2582 5911
2582 12771
18437 19921
16165 17837
16165 16698
5911 9870
5911 12215
5911 5981
2583 4521
2583 15894
2583 15200
2583 19882
2583 5638
2583 8208
2583 14024
4521 16300
4521 7096
4521 16536
5638 10590
5638 19047
8208 16214
8208 14086
2584 3236
2584 4900
2584 15441
2584 14794
2584 17500
3236 17286
15441 19961
14794 16406
2585 2823
2585 9753
2585 16027
2585 13663
2585 16802
2823 18256
2823 11725
13663 15028
2586 10686
10686 15632
10686 11339
10485 14369
10485 18676
10485 17783
10485 17009
2588 14380
2588 14094
14380 19920
2589 11341
2589 10633
2589 17212
2589 14066
11341 18375
10633 11448
10633 13046
2590 3599
3599 16235
2591 17103
2591 8722
2591 15356
2591 13509
2591 13584
17103 17904
8722 11664
15356 17297
15356 18685
2592 6542
2592 6146
2592 18340
2592 9488
2592 4856
2592 3362
2592 9469
9488 10323
9488 16658
9488 17193
9488 12135
4856 8736
4856 12474
4856 11153
9469 17425
9469 17849
2625 2682
2625 12686
2625 15622
2625 13205
2625 19124
8934 15707
2595 19798
2595 8614
2595 10190
2595 17339
2595 9166
2595 3919
2595 16521
8614 14567
8614 12869
9166 15272
9166 10176
9166 13123
9166 16717
2596 11413
2596 19145
2596 9469
11413 12885
4180 9518
4180 16783
4180 6818
4180 11955
2598 2838
2598 13710
2598 5739
2838 6058
2838 12358
13710 17458
13710 18911
13710 17847
13710 15132
5739 15669
5739 14821
5739 8050
2599 5213
2599 15029
2599 13773
2599 8553
5213 12597
5213 6413
8553 17742
2601 11702
2601 3192
2601 8294
3192 6011
2602 17847
2602 12356
2603 3145
2603 14813
2603 6210
2603 14881
3145 11629
3145 10479
6210 8217
6210 17890
14881 18443
14881 15989
14881 17718
16456 17878
16456 19930
11020 14982
11020 19398
2605 18761
2605 4835
4835 9031
4835 12974
4835 9384
2607 13384
13384 16250
13384 19648
2608 11809
2608 14793
2608 5968
2608 15304
2608 15600
2608 18223
2664 14722
2664 5549
2664 4192
8607 11095
8607 18129
4049 13575
4049 19020
4049 8468
4049 8075
2762 16061
2762 11902
2762 5439
2762 16116
2762 5588
2762 5861
2762 7007
5618 10964
5618 12041
5618 19776
5618 10107
15516 17327
15516 19627
15516 18654
2611 5589
2611 16658
2611 13699
2611 13234
2611 19466
5589 12296
5589 15905
16658 17131
13699 16976
2612 18936
2612 18674
2612 6951
2612 8742
18936 19103
18674 19198
18674 19978
6951 7670
6951 11693
6951 9711
6951 19044
6951 13983
8742 17616
8742 12793
8742 19447
8742 16164
2613 17080
2613 2952
2613 3790
2613 12648
2952 12834
2952 9113
2952 4903
2952 12296
2952 19024
12648 15578
2614 18350
2614 16501
2614 9045
2614 4731
16501 18693
9045 16036
9045 14025
9045 19172
9045 19442
9045 11749
4731 5981
4731 19660
4731 11711
4731 8240
4731 19520
14726 17466
8341 14777
8341 16485
8341 12325
8341 13644
14539 19502
10967 11920
10967 15491
8471 9045
14132 15338
8917 10393
2618 16344
16344 19269
16344 19239
2619 17836
2619 6779
6779 17452
6779 9893
6779 18918
6779 9475
2620 2676
2620 6073
2620 16104
2676 18040
2676 18314
18803 19920
2622 5362
2622 4057
2622 5515
5362 7453
5362 10465
5362 17750
5362 16527
4057 6946
4057 15945
4057 10759
4057 7494
2623 8179
8179 14415
8179 11033
8179 12852
10188 18884
10188 14518
10188 15578
3371 14825
14834 15734
2682 8391
2682 5496
2682 17625
2682 12167
2626 15756
2626 18389
2626 19170
2626 10401
15756 16292
2627 4205
2627 16403
2627 7890
4205 6423
4205 7782
2628 9162
2628 8198
2628 9612
2628 5223
2628 15607
9162 11401
9162 10949
9612 12310
9612 14146
9612 19783
5223 9277
5223 8422
5223 12982
2629 19374
2629 16163
2629 7963
16163 16507
16163 18916
16163 19511
2630 17722
2630 14562
2630 10063
2630 10045
2630 10230
2630 11444
14562 16830
10063 12986
10045 12836
10045 10532
10045 16326
3519 6325
3519 19536
2632 13572
2632 15206
15206 16546
5256 5558
5256 19286
5256 19951
5256 15809
16937 18771
2635 18827
2635 8661
2636 10670
2636 8597
2636 17394
10670 11901
10670 15664
8597 19608
8597 15552
2637 16833
2637 12539
2637 10566
16833 17824
10566 19399
10566 12467
4100 16070
4100 7821
9812 15895
9812 12858
2640 6814
2640 12095
2640 6746
6814 7972
6814 7393
6814 16717
2641 17893
2641 17197
2641 4756
2641 14741
2641 5191
2641 2923
2641 17784
4756 15395
4756 19329
4756 19118
4756 6433
5191 8844
5191 7610
2642 2957
2642 15207
2642 10028
2642 10822
2642 12756
2642 3390
10028 18471
10028 13255
2643 14582
2644 9279
2644 3124
2644 8648
2644 16425
9279 17516
9279 17686
9279 11619
8648 13631
6362 10856
7302 16683
8919 16248
8919 10952
8919 16800
2646 9054
2646 17207
2646 5050
17207 19339
17207 18981
5050 17440
2648 18835
2648 5644
2648 5430
2648 15999
2648 16389
5644 19562
5644 6712
5430 16526
5430 19903
5430 12120
5430 11718
15999 16267
2649 6343
2649 5191
2649 12969
2649 6302
2649 7792
2649 16911
6343 18065
12969 19064
6302 15992
6302 16161
6302 19746
7792 10027
7792 13645
7792 18516
7792 17309
7792 16469
7792 18918
2650 7766
2650 17961
2650 8623
2650 18379
7766 15528
7766 11148
8623 18461
8623 17717
8623 10072
8623 8716
11262 18131
2652 16546
2652 19029
2652 9563
9563 15668
9563 17085
2653 12427
2653 13024
2653 10024
13024 19375
10024 14660
10024 13858
10024 14322
10024 10384
10024 10733
10024 10598
10024 14771
8795 13892
8795 14675
8795 10846
8795 15366
8795 10806
7681 12110
7681 16198
7681 8863
2655 18003
2655 14434
2655 19258
18003 19743
2656 3379
2656 14817
2656 4852
2656 17944
2656 15678
2656 6757
2656 15105
2656 14080
2656 7575
3379 10669
3379 15023
3379 7312
3379 18044
15678 18903
6757 8880
6757 14156
15105 15645
7575 16698
7575 8089
2657 12170
2657 16871
5511 5829
5511 14988
5511 7106
5511 10768
2659 18794
2659 18479
2659 4532
18479 19387
4532 18135
4532 19473
7669 19740
7669 8146
7669 19477
7669 9917
7669 11635
10652 16434
10652 11778
2661 4236
2661 15021
2661 18182
2661 12310
2661 15720
2661 18329
4236 17569
12310 16212
12310 15991
12310 15211
12310 14491
18329 19578
5203 5627
5203 17099
5203 9691
5203 19922
10180 14435
5549 5910
5549 8609
5549 9604
5549 8521
4192 19141
4192 9001
4192 5986
4721 18654
2667 2669
2667 16233
2667 11207
2667 18724
2667 11360
2669 8357
2669 7306
2669 16104
16233 16680
16233 17024
11207 12225
11360 16702
11360 17902
11360 15871
11360 12072
11360 18072
11360 18278
2668 17997
2668 17551
2670 18026
2670 6070
2670 5727
6070 13951
6070 10247
6070 15290
6070 7833
2671 18693
2671 10272
2672 18824
2672 17733
2672 15930
2672 18851
2672 9765
15930 18022
9765 17486
9765 12949
9765 19367
9765 19014
9765 11433
2673 4775
2673 14509
2673 16976
2673 6438
2673 10326
4775 9265
4775 16147
4775 14955
6438 11775
6438 16313
6438 8119
10326 15690
16904 18052
16904 18243
14843 18130
4957 9701
4957 16333
4957 16408
13052 17803
2675 10653
3920 5544
3920 19317
3920 16726
3920 10835
9566 9950
9566 12247
9566 10124
2837 4083
2837 18071
2837 19139
2837 3094
5956 15730
5956 6200
5956 12237
5956 9372
5956 15260
5956 17972
2678 12372
2678 17862
2678 18725
2678 12511
12372 15139
2679 9317
2679 10173
10173 17818
10173 19360
2681 10621
2681 7207
2681 5237
2681 12208
2681 16287
2681 13926
2681 8792
2681 16898
2681 9196
7207 16951
12208 12336
13926 18499
13926 16630
13926 16602
16898 19071
5496 16571
9719 10280
5059 9886
13398 19378
14160 18546
14160 17645
15298 15979
15298 18748
15298 17144
2685 7485
2685 10927
7485 14629
10927 18080
9093 10668
9093 13375
9093 17691
9093 9522
9093 10999
4738 6534
4738 19323
4738 8710
4738 18928
4738 15784
4738 7400
15065 17710
15065 15625
11056 17384
11056 17720
11056 13965
11056 13715
11056 18336
2688 3122
2690 5573
2690 5915
2690 3157
5573 12745
3157 3360
3157 18945
3157 16872
3157 6948
3157 17067
3157 6223
13987 19797
13987 17739
2692 19462
2692 5196
2692 9177
2692 4214
2692 9966
5196 8388
5196 15733
5196 15801
5196 17374
9177 17478
9177 18423
9177 17429
9177 10001
4214 4910
4214 10614
4214 14423
4214 10041
4214 5190
4214 9609
2693 15514
2693 14667
2693 10520
2693 6623
15514 17443
14667 17987
14667 17808
10520 15375
10520 19160
2695 3206
2695 15725
2695 10112
2695 4143
3206 12362
3206 17044
3206 12950
4143 13515
4143 12023
2697 5006
5006 6128
5006 11857
5006 17233
2698 8967
2698 3961
2698 15119
2698 18479
8967 14694
8967 15215
3961 16948
3961 11304
3961 11940
3961 17288
3961 16887
3961 15837
15119 19803
2699 12535
2699 10778
2699 16896
2699 9096
2700 13357
2700 7017
7017 13524
7017 17415
7017 14030
7017 9059
7017 15050
2701 6458
2701 5892
2701 14010
2701 17560
2701 3950
2701 5662
2701 17847
2701 3151
6458 17460
6458 16981
6458 14321
6458 9907
6458 14221
5892 13114
5892 18575
5892 18870
14010 15077
14010 18530
17560 18165
5662 9008
5662 15300
9759 19126
9759 14202
9759 12646
9759 12927
15848 16454
15848 17377
9339 17691
9339 16251
2703 12170
2703 11789
2703 4705
2703 19200
11789 18129
11789 17553
4705 5957
4705 10346
4705 17246
4705 15862
2704 16831
16831 16911
2706 10238
2706 16667
2935 8273
2935 9896
2935 7021
2935 19338
5586 19051
5586 17822
4302 17231
4302 5313
4302 15024
19569 19732
5501 16028
5501 10844
12064 12256
12064 14334
12064 12836
2711 13331
2711 9335
14882 15805
11187 16001
11187 19027
11187 19556
14810 16103
17529 17861
2714 12425
2714 5451
2714 4179
2714 3401
9228 14737
9228 19531
9228 10924
3127 10332
3127 19776
3127 4789
3127 16556
2717 17253
2717 6979
2717 15721
6979 16098
15721 16934
15721 17324
2718 8841
2718 7406
2718 16379
3462 16462
3462 5353
3462 13221
9467 16369
18515 18766
7574 11614
7574 18300
12033 13038
12033 16368
15245 16730
15245 17649
18149 19794
11442 18652
15363 17383
15363 19279
2727 3787
3787 8591
3787 4381
3787 5811
2728 14267
14267 16373
14267 19565
2729 4518
2729 13079
4518 8067
4518 13503
13079 19178
2730 8753
2730 19231
2731 12296
2731 16861
2731 7995
2731 11699
2731 18287
2731 15224
12296 14552
7995 16256
7995 11921
11699 19575
2733 19545
2733 14387
2733 18802
2733 16886
2822 3330
2822 8617
2822 19727
2822 3512
2822 19574
16685 17438
16685 17314
2737 11874
2737 3269
2737 5533
11874 15619
3269 10844
3269 17586
3269 12242
5533 10162
5533 17532
2738 9768
2738 7219
2738 8443
2738 8813
7219 15848
7219 11997
8443 13551
8443 14276
2739 15737
2739 18689
2739 7714
2739 13693
13693 14875
2740 8055
2740 8053
8053 8870
8053 18556
2742 16243
2743 3069
2743 9502
2743 11685
2743 8465
9502 14391
11685 12043
8465 18774
14807 15141
14807 15448
17306 18955
2746 15561
2746 5870
2746 3756
2746 7322
2746 19085
2746 14209
3756 6046
3756 13988
7322 18712
19085 19475
2748 18922
2748 19145
2749 6768
2749 11430
2749 13646
6768 8202
6768 10110
13646 15397
13646 14544
13646 18092
2750 8512
2750 14387
2750 16132
2750 12933
2750 8065
2750 15396
2750 8623
8065 9416
8065 19632
6755 11385
6755 13273
8961 13086
2753 7606
7606 15290
2755 14892
2755 10961
2755 13653
2755 11987
10961 13434
11987 19527
11987 15483
2756 18900
2756 12582
2756 17162
2756 13017
2756 14803
12582 17307
13017 17287
14803 17147
4902 17974
4606 5114
4606 10616
4606 14254
4606 6455
2759 16883
2759 15197
2759 13984
2759 16540
2759 14666
15197 17814
13984 17355
13984 17583
2760 19537
2760 5230
2760 10229
2760 6662
19537 19692
10229 15774
10229 11384
10229 11684
6662 12868
6662 14247
9403 16242
9403 9755
9403 17384
9403 15622
11902 18085
5439 14126
5439 18396
5439 8766
5588 13753
5588 16475
5588 12689
5588 18009
5588 15067
5588 7837
7007 9670
7007 7256
7007 18903
2763 14553
2763 11490
2763 17984
2763 8039
2763 9956
14553 16729
8039 14636
2764 17401
2764 8143
2764 8473
17401 19111
8473 11657
8473 17524
2765 18574
2765 4753
2765 14234
18574 19064
18574 19283
4753 18229
4753 5972
4753 14027
4753 9938
4753 6233
2766 12540
4015 16410
4015 5401
4015 10449
4015 14137
5279 6159
5279 6508
5279 7260
5279 6118
2769 6601
2769 7938
2769 4724
2769 15383
2769 14470
2769 5834
7938 8827
7938 13236
7938 17335
7938 11796
15383 16962
2770 13900
2770 2985
2770 4884
2770 13055
2770 5948
2985 9838
2985 13291
5948 10677
5948 14263
5948 19116
10627 15557
10627 15841
4496 10794
4496 8282
9887 17120
9887 11105
3891 8237
3891 6814
3891 18985
2774 18677
2774 9670
2775 5531
2775 7853
2775 9562
2775 5566
2775 7086
7853 14661
5566 16075
7086 17814
7086 19855
7086 12958
7086 18053
2776 18489
2776 5765
2776 3426
2776 10740
2776 13260
2776 5115
5765 18346
10740 16572
16942 17787
8508 12255
8508 18693
8508 14459
3923 11829
3923 14710
3923 12583
3923 15189
3923 10298
3923 5793
3923 12332
3923 17650
2778 10599
2778 11846
2778 16092
2778 15305
2778 15866
2778 9847
2778 17181
10599 18390
10599 17289
10599 10918
10599 17627
11846 19625
11846 16314
16092 18761
9847 16003
17181 19305
2779 14703
2779 13781
2779 9154
2779 5887
9154 15147
9154 16845
5887 14616
5887 19556
5887 16127
3951 6399
3951 14469
3951 8097
3951 12966
3951 10723
3951 6412
3951 8609
3951 8180
11857 16556
11857 16849
2782 4526
2782 3285
2782 9138
2782 16324
4526 6711
4526 6691
9138 11981
18695 19177
14108 15776
2786 14080
2786 16692
2786 16548
2786 7675
2787 14962
14962 18525
2788 8258
2788 19188
2788 15310
2788 10009
8258 16693
8258 19352
8258 16851
8258 11795
10009 15090
10009 15066
2789 12845
2789 19279
2789 16515
2789 12781
12845 14280
12845 18534
19279 19532
12781 15610
12781 19490
12781 19752
3377 3984
3377 16433
3377 16710
3377 7866
7402 18349
7402 13202
2792 13874
2792 10703
2792 10942
2792 10682
2792 9195
2792 6864
10682 13964
10682 10886
10682 11790
6864 16419
6864 15901
6864 12017
2794 9508
2794 11335
18145 18804
18145 18187
15102 15696
2796 13177
2796 9660
2797 4752
2797 10407
2797 5653
2797 16501
2797 3335
2797 6551
4752 17381
4752 13054
4752 18275
5653 13968
5653 16878
5653 13021
3335 12291
3335 18664
6551 14198
6551 11234
6551 7429
6551 10921
6551 18401
6551 6924
5233 11306
5233 13636
5233 12207
5233 12109
10611 19548
2799 16873
2799 13233
2799 19005
16873 18140
13233 18740
2800 9938
9547 14092
9547 12396
9547 17248
2802 19928
2803 18489
2803 14911
2803 11951
2803 17243
14911 18012
14911 19625
14911 18092
14911 19373
11951 17525
11951 17538
3395 13743
3395 16014
3395 12170
12570 16526
15035 17222
16467 18036
14491 18081
14491 18543
16798 19085
13215 17247
2807 13064
2807 18394
2807 17792
2807 3026
2807 19305
2807 14229
3026 14959
3026 14995
3026 10529
3479 19760
3479 16896
3479 6712
2809 11030
2809 18589
2811 4541
2811 17290
2811 9479
2811 12144
2811 14927
4541 4960
4541 10392
12144 12578
12144 12698
14927 19058
2812 9447
2812 3795
2812 9773
2812 13030
9447 14016
9447 10323
9773 17103
9773 18845
2813 3097
2813 11510
2813 13856
2813 11137
2813 6161
3097 18929
3097 16905
11510 13387
13856 14024
2814 6798
2814 5261
5261 5936
5261 11136
5261 12692
5261 10723
15109 16512
2816 19410
2816 11723
2816 16104
2816 17716
2816 13647
2816 6542
11723 12537
8073 11602
8183 8554
8183 12057
8183 19716
14144 15853
6027 7227
6027 11241
6027 13839
6027 18699
6027 13508
13061 16457
17258 19374
18715 18884
4165 14858
4165 7206
11884 15719
11884 15479
4427 19286
4427 6305
11108 19648
7583 13012
7583 18336
7583 8557
7583 17023
7583 18244
2820 9714
2821 9255
9255 19917
9255 16640
9255 18869
3330 10036
8617 19848
8617 10899
3512 11533
3512 6243
18256 19992
18256 19136
2824 19873
2824 17380
2824 10513
2824 12547
2824 13318
2824 17760
17380 19967
12547 15087
12547 16056
12547 12889
13318 18441
11209 15207
11209 14444
12108 14420
12108 17266
12108 16261
12108 15804
2826 4635
2826 19989
2827 19995
2827 16594
2827 6288
2827 4443
6288 13571
4443 10711
4443 12103
5404 14129
5404 7698
8996 14946
8996 13681
8996 9262
8996 13546
9135 16292
9135 16681
2830 17006
2830 16562
2830 8019
2830 19006
2832 10878
2832 10331
2832 15541
10878 11293
15541 18708
15541 18496
15541 19065
2833 18163
2833 7015
2833 6006
2833 9251
6006 7743
6006 16383
6006 19859
6006 8197
6006 18066
6006 8335
2834 10423
2834 7769
5101 17839
5101 17509
5101 8294
2836 9289
2836 11034
2836 16275
2836 7022
2836 6593
11034 18322
11034 17246
11034 19652
11034 12153
6593 19405
6593 13578
18071 18353
3094 12667
3094 9169
3094 18934
6058 19673
6058 7559
3015 12673
3015 4698
3015 17024
3015 18065
3015 12777
11224 18529
11224 15782
10421 11324
10421 19003
10421 13360
2840 3082
2840 10208
2840 4233
3082 19217
3082 6903
8749 16301
8749 12411
2843 18712
2843 18693
2843 8235
2843 16146
2843 6967
8235 15432
8235 14713
8235 16744
16146 18012
16146 16442
6967 13569
6967 15054
6967 10595
6967 10390
6527 18864
15539 19736
10448 18947
2845 17023
2846 14692
2846 17768
2846 17835
14692 19915
14692 18975
17768 18237
3123 5229
3123 10834
3123 14352
3123 9053
3123 16153
2938 14436
2938 19959
2938 10102
2938 3345
3563 16228
3563 16390
3563 16180
9653 14288
9653 19727
2848 12249
2850 7859
2850 14097
2850 8759
2850 16115
2850 11246
2850 6328
2850 18857
7859 7886
11246 13517
6328 7650
6328 8152
17932 19173
2853 16475
2853 11687
2853 13630
2853 3234
2853 16254
2853 5494
16475 18890
16475 16546
3234 13238
3234 17695
10782 13851
7243 15994
6261 7893
6261 9456
6261 19146
3990 19038
3990 14704
2856 15945
2856 16469
2856 15414
2856 3566
2856 7760
2856 6025
3566 19690
3566 7742
14908 15413
2858 13836
2858 18559
14443 18549
14443 15771
9663 17588
9663 19313
9663 14112
5363 5873
5363 13973
13543 18951
13543 19789
13543 18649
13543 15383
12945 16929
12945 15491
12945 17134
12624 18196
12624 18729
3338 10568
8267 10498
8267 13698
8267 14001
8267 13937
5392 6018
5392 11778
5392 7498
5052 15650
5052 12942
13287 14810
2865 8611
2865 7327
2865 7395
2865 14066
2865 14010
7327 16823
7327 10499
2866 15276
2866 16716
2866 6220
2866 10899
2866 4484
2866 12345
15276 15492
16716 18586
16716 18463
16716 19716
6220 16896
6220 15258
6220 14121
6220 16088
10899 19794
10899 16896
4484 7866
4484 14664
2867 11847
2867 12440
2867 19184
14417 14558
19552 19574
10284 14788
16329 18374
2869 3824
2869 6477
2869 19910
6477 6642
6477 19586
2870 8955
2870 13999
2870 17127
8955 16250
8955 9575
2872 17928
2872 17971
2872 9035
2872 14866
2872 4843
2872 15355
2872 2965
2872 5985
2872 16323
14866 19888
14866 18992
14866 16114
2965 6899
2965 13879
2965 13770
2965 3337
5985 14999
16323 18912
2874 6501
2874 10435
2874 9568
2875 19655
2875 6561
2875 10458
6561 12122
6561 11932
6561 13835
2876 12097
12097 14627
2877 3082
2877 11065
2877 9708
2877 2933
9708 12215
9708 19829
9708 11717
9708 13360
9708 9884
14894 17662
2879 5734
2879 16465
5734 13856
5734 17774
5734 5777
5734 10384
16465 18992
16465 18805
2880 5311
2880 18354
5311 16681
5311 16374
5311 5896
11465 14414
11465 18842
16607 19107
2883 3228
3228 18853
3228 19428
3228 10864
3228 19615
3228 15285
3228 12877
2884 14617
2884 14800
2884 14282
2884 14325
2884 11308
2884 9259
2884 2936
2884 10008
14617 18762
14282 16481
14282 18859
11308 19646
11308 14444
11308 19160
2936 8169
2885 7247
2885 10031
2885 3362
2885 5186
2885 5299
2885 8371
7247 7403
7247 17194
10031 17924
10031 15465
10031 18621
5186 8482
5186 18182
5186 13000
5186 8454
5186 9709
5299 16635
5299 19698
5299 15150
5299 19151
5299 14737
4601 17145
4601 11077
4601 16388
5874 10389
5874 16581
6383 13750
6383 8816
6383 13092
6383 17860
2888 5475
2888 18574
2888 15872
2888 7242
7242 18881
7242 12627
2890 2930
2930 15352
2930 19753
2930 5149
2930 6463
2930 5250
2891 11514
2891 16266
2891 11602
11602 14918
2893 17804
2893 6189
2893 10750
2893 11320
6189 9185
11320 11470
2894 4250
11889 13195
10159 17085
10159 11132
9654 18090
6346 16993
6346 17576
6346 7897
2896 14465
2896 12058
2896 12793
2896 17165
2896 8175
14465 16954
12793 17219
8175 10361
2897 17514
2897 6912
2897 8646
2897 11183
6912 11256
6912 16937
6912 13966
8646 16103
8646 16651
8646 9737
8646 9983
8646 15776
8646 19302
2898 11680
2898 12234
2898 9600
2898 10294
9600 16524
9600 19571
3498 10820
9425 9727
11785 16657
2900 4691
2900 12839
2900 8592
2900 12982
2900 4093
12839 13783
8592 17107
8592 11311
8592 17207
11162 15691
2902 13080
2902 8607
2903 11473
2903 17086
2903 11157
11473 12549
17086 19575
2904 17023
2904 3547
3547 16037
3547 6850
2905 4976
2906 16293
2906 3221
16293 18484
16293 17473
3221 18991
3221 5872
3221 5042
3221 13557
3221 12906
15324 15848
15324 16790
6039 9662
6039 12617
6039 8056
6039 16080
6039 12094
6039 7041
6039 8424
6039 18297
7039 17507
7039 10950
7039 13381
4013 19844
4013 10154
4013 11085
4013 13253
14039 17294
14039 17552
14039 17626
12722 15772
2910 3402
2910 15834
2910 18501
2910 11933
2910 11965
15834 17721
11933 17701
11933 16493
11965 15238
11965 19321
11965 14981
11965 13250
2911 13702
2911 13130
8239 12696
8239 10686
11106 17039
11106 13769
11106 19711
11106 13202
4096 6172
16428 18722
2914 7166
2914 13021
2914 15084
7166 19647
13021 14726
2915 16352
2915 12203
12203 13579
12203 14917
14228 15638
18961 19773
13875 15635
13875 19501
2917 13346
2917 18442
2917 19681
13346 16889
13346 17230
4240 15172
5257 12320
5257 7524
5257 9973
4444 13361
4444 17864
4444 12524
4444 17353
4444 17987
13570 17698
13570 14933
13570 19124
5315 17561
2920 6733
2920 17385
2920 18485
2920 5603
2920 10355
2920 19791
6733 14939
6733 7644
6733 14681
6733 9453
6733 15825
6733 19287
2922 15778
15778 16391
15778 17391
2924 19597
2924 14552
2924 6933
2924 3395
2924 9330
6933 15719
6933 13464
6933 9259
6933 17355
6933 19033
6333 7417
6333 12431
6333 12912
6333 15684
6333 17462
6333 10409
8314 19593
8314 18402
8314 11793
8314 15863
15716 18606
2926 6543
2926 18034
2926 7864
2926 4675
2926 5061
6543 19610
6543 17863
6543 15114
18034 18139
7864 11794
7864 12028
7864 18933
4675 9391
9376 18754
9376 10745
9376 17287
13831 19463
4825 19712
4825 16889
4825 16985
4825 19593
4825 13863
14286 16542
14286 15308
14286 17920
11936 16467
2929 12597
2929 10464
2929 10521
2929 5818
2929 19944
15352 18841
5149 14226
5149 9872
6463 17199
6463 19584
6463 10855
5250 17366
5263 15789
5263 13972
5263 10969
5263 14116
2932 10290
2932 13136
2932 10164
2932 7032
2932 3801
10290 16384
10290 17004
10164 14756
10164 11759
10164 16905
10164 13396
7032 11998
7032 14667
7032 19290
7032 13282
3801 14850
3801 4293
3801 4681
3801 16494
3883 11692
3883 3945
15714 18956
15714 19445
2934 10909
2934 4888
2934 13032
2934 14375
10909 12203
10909 11454
10909 12766
10909 13109
10909 13980
4888 7547
4888 10108
4888 6902
4888 11930
4888 17269
8273 16062
9896 13526
7021 10658
19338 19983
8169 19010
13185 16877
14436 17047
10102 11409
3345 10680
3345 17658
3345 19572
2939 4449
2939 14330
4449 17247
4449 16811
4449 6053
11241 17946
2941 3711
2941 7121
2941 7808
2941 14156
2941 9790
3711 7771
3711 15041
3711 11258
7808 18160
14156 19756
14156 17033
9790 18523
9790 14011
9790 12521
2942 6712
2942 18387
2942 17359
2942 4626
4626 18968
4626 11213
2944 7233
2944 9528
2944 11613
15641 18826
2946 7443
2946 6747
2946 3920
2946 12129
2946 16859
2946 18926
6747 16878
6747 16783
6747 17766
6747 19847
12129 17946
15426 15831
2948 18424
2948 6875
6875 10060
6875 7418
2949 4335
2949 10352
2949 11338
10352 15652
10352 17107
10352 13268
11338 19613
11338 15075
11338 18974
11338 16882
2950 10790
2950 16360
2950 16721
2950 12806
2950 10497
2950 6616
10497 19612
10497 18372
6616 10970
6616 19140
6616 9646
6616 8106
6616 18879
2951 8163
2951 12411
2951 10175
2951 14472
2951 14533
2951 3159
10175 11667
10175 15500
10175 17427
3159 14938
12834 19068
9113 11433
4903 7888
4903 13146
2953 15508
2953 18178
2953 14388
14388 15781
14388 18258
2954 9546
2954 18971
9546 19108
9546 9566
2955 18102
2955 3959
2955 19014
3959 13605
2956 8539
8539 14522
9012 14106
2958 15237
2958 9677
2958 16425
2958 12748
2958 13957
2958 6391
2958 9761
9677 19664
9677 14455
12748 15879
12748 15088
12748 13616
13957 15062
13957 16749
6391 15763
6391 11479
4027 19054
4027 12590
11665 13262
2960 8991
8991 9725
8991 14277
2961 5000
2961 5036
5000 16177
5000 15511
5000 13382
5000 9594
2962 10453
2962 5966
2962 9089
10453 18455
10453 15787
5966 16136
5966 16991
5966 10506
15570 18395
6707 17272
6707 14157
6707 11671
6707 13721
6707 10804
6707 18561
13879 15325
13879 18745
13770 14883
2966 5191
2966 18808
2966 19574
4401 11627
8307 15998
2968 15083
15083 16947
2969 9264
2969 19054
2969 18266
2969 11945
2969 19520
19054 19908
2970 15882
2970 5275
2970 3976
2970 19537
5275 9080
5275 6019
5275 6884
5275 18949
3976 6611
3976 12330
3976 17229
3976 15936
3976 5777
2971 4435
2971 14134
2971 3013
2971 14757
2971 5486
2971 6807
4435 10755
14134 18295
3013 6500
3013 14246
3013 7789
2972 16862
16862 18601
2973 19040
2973 5922
2973 18156
5922 6764
5922 14876
18698 19729
5387 19121
5387 7550
5387 14428
5387 7505
7394 18751
7394 15436
7394 16681
2978 6872
2978 15011
2978 13569
2978 4094
13569 16897
13569 16146
4094 9792
4094 14407
16384 17868
2981 4134
2981 13375
2981 11476
2981 7847
2981 11213
2981 8893
2981 18160
4134 18686
4134 5895
4134 15997
4134 11766
4134 18174
7847 8844
7847 16590
18160 19201
12852 18279
6320 14594
6320 18731
6320 14470
11520 18408
9842 15591
9842 17914
9842 17096
9842 16389
8944 10859
8944 17533
9838 16409
9838 12746
9838 17179
9838 13738
9838 12298
13291 17356
7626 10851
7626 18900
6885 7384
6885 16267
6885 15217
6885 13229
6885 13763
6885 18633
2988 17530
2988 8330
2988 10205
10205 15448
10205 18550
10205 17175
10205 18334
2989 9854
6221 13163
6221 10834
6221 9416
6221 6855
2991 4318
2991 10177
4318 19821
4318 10419
4318 18243
2992 18794
12391 15770
2994 10421
2994 6699
2994 9801
2994 13648
6699 18730
6699 8908
2995 3547
2995 9858
2995 4570
2995 12942
9858 15670
9858 17268
12942 18328
8051 15576
8051 14448
8051 15588
6446 18956
2997 15358
2997 4694
2997 17166
2997 4049
2998 12038
2998 19052
2998 14240
2998 5096
2998 15598
2998 14195
12038 14533
12038 19778
12038 13353
12038 18570
12038 15886
14240 19955
14240 18423
2999 6134
2999 13169
2999 3992
2999 3941
13169 17248
13169 19711
3941 14049
3941 17112
3941 16314
3000 19465
3000 11642
3000 12485
3000 7452
11642 17369
11642 19509
7452 8385
7452 17886
3001 13496
3001 16782
13496 15345
13496 15591
13496 16088
16782 17166
16782 19753
18051 19624
17512 19706
17512 19580
3003 16632
3003 13959
3004 8344
3004 16836
3004 7951
8344 10240
3006 12713
3006 8963
3006 14186
3007 7265
7265 18168
7265 17239
4865 14681
4865 12855
4865 11101
4865 5028
15855 17582
15855 18592
15855 18504
11089 14634
3010 12376
3010 16434
16434 18574
7212 14423
7212 7918
7212 14183
9105 14760
7828 16566
7828 17635
7928 10100
14246 19528
14246 19009
3014 10260
3014 5789
3014 11155
3014 18514
5789 17518
5789 8425
4698 10116
4698 14161
4698 17406
17024 18150
12777 17440
12777 16721
3016 16171
3016 15815
15815 16914
15815 16044
3018 19630
3018 17123
3018 16387
3018 4207
3019 15595
3019 8920
15595 16487
8920 13116
8920 14728
8920 17644
8920 18400
3020 19286
3020 15757
3020 4486
3020 5458
4486 11016
4486 15760
4486 17820
9378 19188
9378 10989
3023 7124
7549 9973
3025 12387
3025 5392
3025 5160
14959 16049
14959 15303
14959 18473
14995 19976
14995 19439
3028 3966
3028 7165
3028 10174
3028 12101
3028 3565
3028 12762
3966 13752
10174 14618
10174 10890
3565 4725
3565 6286
3565 13280
3565 16210
3029 10159
3029 8181
3029 19917
3030 4531
3030 4247
3030 15315
4531 19967
4247 5888
3031 4894
3031 14320
4894 9020
14320 14775
3032 14602
3032 17850
3032 8715
3032 15758
14602 15861
14602 15440
14602 19011
3035 10139
3035 11300
3035 14246
3035 5876
11300 13973
11300 15985
11300 15694
5876 18286
18097 18985
18097 18266
18634 19416
3038 9135
3038 7275
3038 17405
3038 12337
3038 8548
7275 11412
7275 18937
7275 18363
12337 17574
12337 12525
3039 7544
3039 17625
3039 10475
3039 17660
10475 18748
17660 19237
3040 16121
7046 14113
7046 18765
7046 11573
7046 8533
4286 6213
4286 5663
8921 16291
8921 11349
8921 10377
18274 18689
15107 15900
3044 6454
3044 8205
6454 19874
6454 7093
6454 13139
6454 10967
6454 17518
6454 7436
6454 19875
3045 10857
3045 19493
7393 12411
7393 11239
3048 8741
3048 17539
3048 11657
3048 4580
3048 15350
11657 13087
11657 18679
11657 13665
11657 17692
4580 11078
4580 19309
4580 8145
3049 5798
3049 15434
3049 17523
3049 14186
3049 4436
3050 3829
3829 5234
3829 16449
3829 14371
3829 4198
15618 16630
15618 17999
10861 16062
3053 12105
3053 15736
3054 4687
3054 12319
3054 6528
4687 15248
4687 5527
4687 18782
11225 14194
11225 19846
11225 19559
11225 17501
12342 12455
12342 15939
15045 15425
16670 18244
3059 12613
3059 6065
3059 19007
12613 15020
12613 19568
6065 6955
6065 13675
8062 17194
8062 9070
8062 14406
3061 6972
3061 15514
3061 6911
3061 19473
3061 4262
3061 9651
6972 13462
6911 12152
6911 16540
19473 19818
4262 11420
4262 12339
3063 17602
3063 13043
13043 16254
6630 6731
6630 10923
6630 16614
14087 18218
6985 14859
6985 19373
6985 10551
6985 7726
3065 10557
3065 14708
3065 8307
10557 15029
14708 14955
3281 19195
3281 7932
3281 17208
3900 9205
3900 13849
3900 18954
3900 5095
3067 17007
3067 19771
3067 16552
3067 14022
3067 11944
16552 17504
14022 19984
11113 17494
11113 15746
11113 15311
12979 14054
12979 15077
12979 14592
12979 14777
12979 17269
13091 15538
3071 13825
3071 5385
13825 19374
5385 6839
3072 8001
15642 17478
15642 16859
15642 16947
15642 17298
11585 17201
3075 7082
3075 16132
7082 18891
7082 10990
4791 7040
4791 16809
4791 9508
4791 12829
4791 9602
13263 13977
13263 17706
13095 16543
13095 16220
11660 12774
6381 13925
3079 4092
3079 18242
3079 17011
3079 8781
3079 17481
3080 18911
3080 9219
3080 4559
3080 11179
3080 15476
9219 14212
9219 13486
4559 5613
4559 10204
3081 11871
11184 13757
3084 3695
3084 11923
3084 5542
3084 12131
11923 15322
11923 17262
5542 7675
5542 19686
5542 12779
12131 14769
12131 18985
17130 19768
7070 10585
7070 17211
9665 17764
9665 18793
6671 17153
6671 9557
10549 12409
3086 15154
9727 17167
9727 11150
9727 18266
3088 6054
3088 7009
3088 5094
6054 14565
6054 6763
6054 18210
7009 17580
7009 16025
7009 18847
7009 17975
14023 15046
3090 19464
3090 13677
3090 8562
8562 11755
8562 11429
8562 19753
16666 19274
16666 18673
13145 18452
13145 14093
3092 5865
5865 14287
5865 16422
5865 15632
18934 19313
3095 3698
3698 4695
3698 16514
3698 9228
3698 6501
3698 14837
18929 19943
18929 19929
9323 11213
9323 13467
9323 16005
11599 13967
3100 5239
3100 15346
3101 8645
3101 10108
8645 10321
8645 18626
8645 15981
8645 18882
10108 11737
10108 18981
17450 19228
3696 18728
3696 14154
3696 6243
3103 9908
3103 12884
3103 9337
9908 18760
12884 15182
12884 17376
9337 17906
3104 12208
3104 7932
3104 16445
7932 17365
7932 9362
7932 10745
7932 7990
7932 11055
16445 17718
3105 11768
3105 18538
3105 5657
3105 14612
3105 19743
11768 17034
18538 19611
5657 5684
5657 13470
5657 18985
5657 12434
5657 12643
14612 18806
14396 17451
5869 17201
5869 17031
5869 6630
14701 17828
3416 19177
3416 5207
3416 14762
3416 8633
3416 8326
13554 18359
3108 11309
3108 17613
3108 19533
3108 12032
3110 17119
3110 10868
3110 4238
3110 9257
10868 10870
10868 18290
10868 15509
10868 19234
10868 16023
4238 4919
4238 17072
4238 6975
4238 4874
3935 18716
3935 8943
3935 14322
3935 12862
3935 4890
3112 9349
3112 19744
9349 10914
9349 16067
3113 18012
3113 4813
3113 16666
3113 13350
3115 4533
3115 13962
3115 4733
3115 9054
3115 7058
3115 13342
3115 3345
4533 7810
4533 17489
4533 11768
13962 17086
13342 15161
13342 19486
13342 15577
13342 17111
4538 6293
4538 18321
4538 14996
3117 19925
11833 12659
11833 16619
11833 14304
14745 18680
6437 9084
6437 15893
12670 16677
12670 18023
4413 9334
4413 16230
4413 7408
4476 9323
4476 15693
4476 11559
4476 5500
18805 19950
11152 15569
11152 14724
11152 18832
10377 15189
10377 15731
4058 19759
4058 15011
4058 10989
4058 19355
4058 18804
4058 19378
9053 15898
9053 10208
9053 12516
9053 17821
4568 13541
3125 6512
3125 15494
3125 16619
3125 3960
3125 19517
6512 6635
6512 14986
6512 10181
3960 9452
3960 17987
17637 19861
5835 7979
10332 11243
10332 19413
4789 17916
16556 19583
3128 10651
3128 19054
3128 11587
3128 18863
9052 17915
9052 9630
9052 14514
9052 15469
8567 17481
8567 12628
7860 8532
7860 10205
7860 12332
7860 8713
4388 8434
4388 13700
4388 6325
4388 6608
4388 12889
6133 14491
6133 17411
6133 7980
6133 11619
6133 13680
6133 15685
6133 8413
3131 15289
3131 6969
6969 19888
6969 8527
6969 19036
3132 6851
3132 16507
3133 6830
3133 13757
3133 13591
3133 15953
6830 13006
6830 15219
13757 17286
15953 16736
3134 15461
9975 17281
9975 12562
4643 16176
5694 12687
5694 7640
5694 9952
5694 11482
5382 11367
5382 12847
3138 18839
3138 3721
3139 17221
18548 18799
10795 15502
10795 13083
10795 13620
10795 14114
3141 10717
3141 9006
3141 14481
3141 6976
14481 19495
14481 19944
19391 19405
13195 16900
13195 14699
13195 19162
4434 10856
4434 17594
4434 16094
4434 6286
11007 17042
3143 13438
3143 6034
3143 8144
3143 5502
3143 12293
3143 11523
3143 12182
6034 17182
6034 8853
8144 10366
8144 14235
8144 12710
8144 13188
8144 17950
12293 19039
12293 19434
12182 13753
12182 13164
12182 16094
3144 9345
3144 14448
3144 11949
9345 13054
9345 19713
3147 15347
3147 4950
3147 18883
3147 14195
13955 19604
7328 9435
7328 17125
7328 11681
7328 13946
7328 18225
7328 13293
7328 19421
10226 11283
10226 18707
11557 14337
9673 13566
7448 12514
9375 16917
9375 13715
9375 17040
9375 17703
11793 12235
11793 14807
8372 9244
8372 18591
8372 18165
8372 18056
8372 17641
8372 13893
8372 16525
3153 4671
3153 5277
3153 13619
3153 5936
5277 13065
3156 15790
6948 8994
6223 14743
6223 13530
6223 19317
6223 7931
3158 7190
3158 8638
3158 16205
3158 16532
3158 4447
3158 15978
7190 8585
7190 10937
7190 7218
8638 19435
8638 17693
16205 17972
4447 8050
4447 11421
4447 11328
4447 14881
4447 8561
14938 15375
14938 17479
14938 15002
14938 18085
3160 16115
3160 19652
3160 4105
3160 16094
4105 18435
4105 5970
3161 19878
3161 19140
3161 9558
9558 12902
9558 15104
3163 14822
3163 11235
11235 16671
11235 16064
11235 16449
3164 18357
3164 8920
3164 17077
3164 15299
3164 10717
3164 19898
17077 18942
15299 15748
10570 18421
10570 11444
10570 14320
10570 12233
9648 14914
6318 14140
3169 10709
3169 17408
3584 14542
3584 9994
3584 11650
3584 6913
3986 14692
3986 11400
3986 18384
3986 13600
3986 4749
9198 16345
9198 9852
3610 17752
3610 12886
3610 6518
3172 4646
3172 4983
3172 14186
3172 5852
3173 3380
3173 11175
3173 9510
11175 18184
11175 16932
9510 14250
9510 12875
9510 16855
9510 14534
3174 9212
3174 17237
3174 6002
3174 18771
9212 13370
9212 14737
9212 10019
5371 9535
5371 17079
5371 14158
3176 9341
3176 8170
9341 18613
3177 18101
3177 5058
3177 13580
3177 5901
3177 12662
3177 14530
18101 18258
5058 14371
5058 16358
13580 17143
13580 19734
5901 15314
5901 6395
3179 14944
3179 10414
3179 4807
3179 12120
3179 18879
3179 11599
10414 10685
10414 19003
4807 19213
4807 5129
4807 8514
3180 17162
3181 6804
3181 14353
3181 18890
14353 15348
14353 16687
3182 4066
3182 8820
3182 16550
3182 19721
3182 17147
3182 4936
3182 8152
8820 13411
8820 9297
4936 12865
4936 18407
8152 8623
8152 19212
3183 19131
3183 13114
3183 9168
3184 19481
3184 6925
3184 3925
6925 10058
6925 9436
6925 14229
6925 14658
3185 18214
3185 12955
12955 18410
12955 16660
12955 19913
12955 17933
3186 3867
3186 13054
3186 14534
3186 3302
3867 18126
3867 11011
3867 13052
3867 14039
3867 8997
3867 16443
3187 18546
9688 12770
9688 11089
9688 12133
9688 10058
4914 11874
4914 11864
4914 18686
4914 14771
4914 5759
5432 5837
5432 9112
5432 13379
3432 9971
3432 10862
6349 8661
6349 10876
6349 10732
6349 16110
6349 11730
4252 5761
4252 11801
4252 11084
4252 6741
4252 9621
3191 15260
3191 13300
15260 17254
15260 15486
6011 13259
3193 15915
3193 7061
3193 9032
15915 17077
7061 15337
3194 11386
11386 17603
3195 5496
3195 6304
3195 17092
3195 16404
3195 12960
6304 10583
6304 9258
16404 18847
9911 19560
9911 9921
13149 14917
3197 16533
3197 5896
3197 15378
3197 5408
5896 18150
5896 8978
5896 14385
15378 16190
5408 19541
5408 15068
14496 16948
14496 14552
14496 16842
14496 18607
14496 17131
14496 19537
9735 17236
9735 17159
9735 17899
9735 10747
11090 12459
11090 13430
8482 11610
8482 10502
8482 11838
3200 17295
17295 19546
3201 13386
13386 13666
3202 16193
3202 9871
3202 11490
3202 3784
3784 18046
3784 6291
14220 17957
6281 8135
6281 17167
6281 6457
6281 13166
3204 4002
3204 16897
3204 7740
3204 17406
3204 3831
3204 10359
16897 17369
16897 17811
7740 18258
10359 19937
10359 15152
3205 12127
3205 5197
3205 15439
5197 9364
5197 12768
5197 11302
15439 16489
12362 13158
12362 17233
3207 11917
3207 11289
3208 14473
3208 14247
14247 16859
13777 18937
3211 9730
3211 18340
3212 14609
3212 4640
3213 17200
3214 8446
3214 7126
3214 18309
3214 18190
8446 15599
8446 10567
8446 17909
3215 19871
3215 17903
3215 10097
10097 10557
3216 6545
3216 15877
3217 16888
3217 7205
3218 6778
3218 7014
6778 10900
6778 16278
6778 16526
6778 15255
7014 17748
3219 3723
3219 19717
3723 17391
3723 10329
3220 9043
3220 13553
5872 18960
5872 16065
5872 16596
5872 18284
5872 16383
12906 19353
12906 14154
12906 19504
14206 16505
14206 18221
14206 18455
3223 15957
3223 13954
3223 11918
3223 16436
3223 9454
15957 17282
13954 15159
3224 4004
3224 12029
3224 9013
4004 13158
4004 6631
4004 12618
4004 15010
4004 12658
12029 13842
3225 9511
3225 3493
3225 14207
9511 15964
9511 14770
9511 11220
3493 11309
14207 15415
8992 15252
9276 10359
9276 10549
9276 17034
13238 13704
13238 18185
13238 14851
3235 18098
3235 11580
3235 13184
3235 17041
3235 14544
3235 6536
13184 13718
17041 18812
6536 19316
17286 19117
3237 11055
3237 8696
3237 14092
11055 11399
11055 13429
8696 12803
8696 18476
3238 13530
3238 17810
9119 13995
3240 7864
3240 5203
3240 18737
3240 17434
8930 17907
10991 13032
10991 12423
10991 15546
6106 7624
6106 10501
6106 10845
6106 12904
7919 17064
7919 13081
7919 18569
7919 13575
7919 10483
7919 13584
3246 17718
3246 8696
7735 18930
7735 18440
7735 19481
4951 16670
4951 19417
4951 10537
16226 17792
6939 8715
7911 13448
7911 11911
7911 18262
7911 11135
12865 13368
3252 9899
3252 3406
3252 19164
3252 19184
3406 15731
3406 6948
3406 7606
3406 10864
3406 12214
19164 19909
3253 6593
3253 19616
3253 15193
3254 4119
3254 4823
3254 11942
3254 12410
4119 11308
4119 6139
11942 15592
12410 14638
3255 14512
14512 16110
14512 17112
14512 15311
14512 15204
14512 15717
12816 15175
12816 19711
12816 14446
12816 17650
14805 19497
3257 17698
3257 6832
3257 17489
3258 6792
3258 11195
3258 14988
6792 10757
11195 16455
11195 16615
11195 14639
11195 12264
11195 17625
9107 16850
9107 17352
11930 19284
11930 14579
3261 8378
8378 17090
3262 8590
3262 12309
3262 5105
3262 17599
5105 18661
5105 18518
5105 14746
3263 11752
3263 8007
3263 16902
3263 11977
11752 15884
11977 19908
3264 10207
3264 14077
3264 15972
3264 8773
3264 8556
14077 15240
14077 17180
8556 19830
8556 16144
8556 15591
3265 12920
3265 17110
3265 5599
17110 19809
5599 6328
5599 10824
5599 15681
8125 8264
3267 15597
3267 4595
17586 18658
17586 19563
3270 10686
3270 8580
3270 16537
3270 13786
13786 18496
13786 17366
12433 16712
12433 13482
12433 16658
9574 13967
9574 10591
9574 15372
17604 18686
3272 5546
3272 4851
3272 18832
4851 19415
4851 14581
4851 7695
3273 7708
3273 19112
3273 5682
3273 6463
5682 7040
5682 8871
5682 13600
5682 16701
5682 17017
5682 7523
5682 15062
5184 8931
5184 16983
5184 14249
5184 7993
5184 10031
13393 15651
13393 19974
13393 19828
13393 18695
13393 16762
13393 19051
3275 13160
13160 15941
13160 14028
3276 16417
3276 14158
3276 4842
3276 14614
4842 10105
14614 16508
7999 16335
3278 13615
3278 6135
6135 16946
6135 12209
6135 10638
7177 16612
3280 6856
3280 17967
3280 18687
17967 19430
18687 19363
18687 19807
3282 9291
3282 11728
3282 14793
9291 17020
9291 11106
9291 13285
9291 13887
11728 14149
13492 16610
13492 17457
13492 18394
8980 13216
3284 10388
3284 14053
3284 8189
3284 12304
14053 16282
14053 15533
8189 18865
8189 8545
6819 19175
6819 18684
6819 11347
11417 14771
11417 18282
3286 17482
3286 11808
3286 12441
3286 18673
3286 19323
11808 14137
11808 15781
11808 13892
12441 17771
3287 6802
6802 17042
6802 10737
6802 7398
6802 19639
3288 6494
3288 12366
3288 15270
3289 4047
3289 15385
3289 4877
4047 9093
4047 18648
4047 7544
15385 19127
3290 5698
3290 14248
3290 15804
5698 14295
5698 11980
15804 16626
3291 13386
3291 14969
14969 15357
14969 16551
3292 8925
3292 15086
3292 9993
3292 14070
14070 17503
3294 5405
3294 6771
3294 8438
6771 15492
6771 19732
6771 7083
8438 15856
3295 6887
3295 14835
3295 6318
3295 16982
3295 17602
3295 8843
3295 6779
3295 16842
6887 19720
6887 8798
6887 19355
6887 17939
6887 7259
6887 12334
14835 15773
16982 18058
8843 11494
8843 18606
16842 18036
3296 7348
3296 14487
3296 12558
7348 12524
7348 19803
14487 15585
12558 14321
3297 9026
3297 13946
3297 10652
9026 16141
9026 19032
9026 18555
9026 10532
3298 16452
3298 19746
3298 13112
3298 8049
16452 19435
16452 18620
12896 14555
12896 19346
12896 15354
12291 12827
12291 13622
6943 10603
6943 9034
6943 19408
10672 16495
7168 18020
7168 17119
7168 13445
7168 9432
4253 4734
4253 15899
4253 10899
4253 7866
19480 19706
3304 4158
3304 18503
4158 9563
4158 7697
3305 18118
3305 11793
3305 6726
6726 7507
3306 19861
3306 11774
3306 8922
11774 17682
8922 17300
3307 14974
3307 12215
3307 11764
3307 5664
3307 12081
14974 17652
14974 16440
12081 17159
12081 18460
12081 13605
3308 9454
3308 10439
3308 7017
3308 15460
3309 11257
3309 4899
3309 19406
3309 3368
11257 19034
11257 12398
3368 19543
9434 15469
9434 12036
9434 10663
9434 18058
12219 16706
12219 15435
12219 15118
12219 16714
3311 12156
3311 14473
3869 17067
3869 8702
3869 5375
13490 19968
13490 14239
13490 16931
3315 5932
3315 18166
3315 14742
3315 7621
3315 19123
5932 9299
5932 18807
5932 7956
5932 18038
5932 9998
5932 7896
5932 7864
18166 19522
14742 18956
14742 16998
19123 19165
5801 15780
5801 14346
15148 18366
15148 15780
15148 18912
3317 13029
3317 10448
12042 14016
12042 19553
12042 16384
12042 12903
12042 17262
12042 16989
3319 8635
3319 8458
3319 11022
8458 17521
8458 9234
11022 18289
11022 19772
11022 13495
11022 19465
12647 16230
3321 13875
3321 5468
3321 14355
3321 14101
3321 13415
5468 13882
5468 15569
5468 17117
14355 17054
13415 18148
13415 18603
13415 19625
7160 8781
3323 13095
3323 3353
3353 17813
3353 4550
3324 6267
3324 11259
3324 15219
3324 11841
11259 17474
11259 14099
3326 12209
3326 5152
12209 14734
12209 19233
5152 12779
3560 10296
3328 6987
3329 17144
10036 11602
10036 11176
3331 15532
3331 10616
15532 18506
15532 19850
15532 16781
3332 18714
3332 14607
3332 16648
3332 9367
3332 8364
3332 15716
3332 19674
14607 17013
16648 16873
9367 10128
9367 19224
19674 19902
3333 7484
3333 12696
3333 13916
3333 10216
3333 4006
3333 9332
3333 18182
3333 7849
3333 14285
3333 11232
7484 18025
7484 10428
7484 16367
9332 18813
7849 10046
7849 19257
7849 8097
14285 19715
14285 14453
11232 17451
11232 17176
11232 13859
3334 9923
3334 9125
3334 4119
3334 7276
3334 7053
9125 14755
9125 13601
7276 8848
7276 16866
7276 18355
7053 8834
7053 12363
3336 19082
3336 6325
19082 19505
19082 19581
6325 14016
6325 14523
17072 17155
6316 10816
6316 10889
9471 13494
7600 8709
10541 17607
16756 17158
16756 19897
14781 17150
7604 15920
3709 18069
3709 16331
9413 16879
9413 17265
9413 9454
10680 16684
10680 13602
10680 15485
10680 13603
3346 9403
3346 5650
3346 7451
3346 16222
3346 19054
5650 9925
5650 12844
5650 8210
9520 18482
9520 14509
8804 19345
8804 18368
8804 15842
3351 11558
3351 8804
3351 7225
3351 14721
7225 9174
7225 11283
7225 8164
14721 16450
14721 14926
3352 13185
3352 8531
3352 5166
3352 12090
8531 10558
8531 10654
8531 15253
8531 16980
12090 15941
12090 12607
12090 14187
3354 14839
3354 16897
3354 4136
3354 6416
4136 6396
4136 11531
3355 5751
3355 3588
3356 16130
3356 4862
3356 7395
3356 11466
3356 10537
14635 17257
14635 17019
14635 15601
14952 15451
3358 12634
3358 11926
3358 8948
3358 14246
9531 10901
9531 14329
3410 8806
9589 16907
9589 16984
9589 11766
9589 16647
5064 17591
5064 8352
5064 19191
5064 19642
5064 16345
8544 9737
8544 14826
15504 18031
4517 10154
4517 8804
4517 4992
4517 17070
4517 5758
3364 5881
3364 5804
3364 6862
5881 16143
5881 8067
5804 14294
5804 9784
5804 14604
3365 8275
3365 6931
3365 15228
6931 14604
6931 9192
6931 13793
6931 11199
6606 13615
6606 6670
5422 14336
5422 11669
5422 12213
3367 6947
3367 13062
3367 7532
6947 13075
7532 8652
5658 7899
5658 8720
3370 15011
3370 11382
3370 9552
11382 16546
11382 14179
11382 17636
9552 18020
9552 14789
3372 13989
3372 5186
3372 5029
3372 14958
14958 16329
3373 5241
3373 13406
3373 10201
3373 14456
3373 11551
3373 19233
3373 18537
5241 10044
5241 6380
5241 16835
5241 14486
5241 14416
13406 18821
13406 17608
13406 16518
10201 15654
10201 10624
14456 19000
11551 12590
19233 19513
19233 19251
3374 4280
3374 15007
3374 7185
4280 7242
4280 7365
4280 4607
15007 15174
15007 19662
15007 17456
7185 18294
7185 15383
7185 8058
7185 11019
7185 16302
12593 19601
7979 12598
7979 10503
7979 9003
7979 12468
4790 17480
4790 17768
4790 15819
4790 19017
4790 14679
8603 12035
8603 12656
8603 12479
16433 19453
7866 12542
7866 12555
7866 12149
7866 12466
6954 14089
6954 19786
10669 19398
10669 18345
10669 17268
7312 16046
3381 9678
3381 10576
3381 11924
3381 5549
3381 13943
9678 19567
10576 15937
10576 19133
15184 17636
3384 7058
3384 13214
3384 17806
3384 19790
9372 18628
9372 15836
3386 18263
3386 9425
3386 7695
3386 13173
3386 12945
3387 14049
3387 4649
3387 9513
14049 17507
3388 14983
14983 15521
3389 15701
3389 10875
3389 18361
3389 5954
3389 12411
3392 7240
3392 14984
3392 3994
7240 18055
7240 7268
7240 8096
7240 16847
7240 14531
3994 9298
3994 8968
3994 11582
15129 19953
3938 19546
3938 10269
3938 17016
3938 8534
3938 13936
14699 18298
13743 13858
13743 13760
16014 18279
11037 18870
6185 9386
6185 16452
6185 13946
6185 17815
6185 14358
3503 14117
3503 15025
3503 3614
17206 17591
17206 18549
12526 12674
12526 15575
9037 12410
9037 10255
9037 14752
9037 11423
3403 18206
3403 13901
3403 15020
3403 16433
13901 14455
13901 17669
5534 12716
5534 9907
4138 6002
4138 11664
4138 17864
4138 9631
4138 12306
4138 17563
4138 13706
16267 17565
16267 17717
3405 8083
8083 9732
10922 16605
6473 7421
6473 9749
19004 19798
19004 19097
3408 11990
3408 13354
3408 19899
11990 16533
13354 13994
3409 10944
3409 19689
3409 5269
3409 6221
8806 14169
3411 12550
3411 12452
3411 16027
3412 19395
3412 14873
3412 13365
3412 12478
3415 12234
3415 4351
3415 12710
3415 14634
12710 13170
12710 16804
8633 13868
8633 10674
8326 16017
8326 14461
3417 10034
3417 8725
3417 10879
10034 17600
18493 19367
3419 8145
3419 12766
3419 13502
3419 12542
8145 15421
8145 10534
8145 10012
8145 19811
8145 15091
12766 17907
12766 15371
12766 16883
13502 19350
13502 13649
12542 13476
12542 15502
3420 6170
3420 15907
3420 10480
3420 12330
3420 4135
15907 16386
10480 13987
10480 12211
10480 17854
10480 14935
12330 17031
12330 14663
3424 6709
3424 19186
6709 17915
6709 13655
6709 14819
3425 9922
3425 10817
3425 3709
3425 4315
9922 15919
9922 13475
9922 19353
9922 18033
10817 18332
10817 17491
10817 17559
10817 14497
10817 16626
4315 12862
4315 14435
4315 14675
4315 15251
10800 16749
10800 19952
3427 19572
3427 5318
3428 14496
3428 7941
3428 18840
3428 11059
3428 14514
11059 17933
14514 19466
3429 13464
3429 6925
3429 14729
3429 10931
3429 9985
18064 19601
18064 19995
3431 10097
3431 11041
3431 19433
18092 18475
9388 11163
9388 17030
3435 12944
3435 10542
3435 13194
10542 13106
13194 18887
3436 19178
3436 17772
3436 13387
3436 19663
6633 13608
6633 7125
6633 18357
6633 15508
6633 8554
14919 15480
9937 12992
9937 11817
8099 15208
4781 12090
4781 12822
4781 18387
4781 14079
4781 11007
4781 15040
4781 12123
3440 10898
3440 14347
3440 16887
3440 13202
14347 18785
14347 16960
16887 17635
3441 5742
5742 12324
3442 10096
3442 9923
3442 19170
3443 6589
3443 16970
6589 19479
6589 10454
6589 6955
4600 13706
4600 13651
4600 4699
4600 18323
4600 18532
9554 18153
9554 15358
9554 11449
9554 15345
9554 10363
9623 13879
3996 8988
3863 4643
3863 9800
3863 7951
3447 10974
3447 16060
3447 7098
10974 15569
10974 15963
13404 13785
3450 16804
3451 15363
3451 5621
3452 13772
3452 16414
3452 10435
3452 5987
16414 18641
5987 6901
5987 11188
3453 6547
3453 14508
3453 9949
3453 6593
14508 15006
14508 18253
9949 19849
9949 11437
3454 18821
3454 10815
3454 14912
15114 18479
15114 19669
15114 17982
3456 19010
3456 19253
3456 11705
3456 16000
19010 19594
11705 17812
11705 17985
11705 13336
11705 18990
10811 17341
10811 14999
3537 6839
3537 16731
3537 5911
3537 13256
3537 17099
3667 12970
3667 9935
3667 17760
3667 10875
3667 13235
3667 15298
10053 19085
10053 14292
10053 11453
10053 18027
10053 14691
10053 13469
10053 11448
3589 4569
3589 6671
3589 5726
5506 13468
5506 9106
5506 12778
5506 10388
5506 6081
3460 7269
3460 5957
3460 8786
3460 16586
7269 15044
7269 12281
5957 19310
5957 10928
5957 11257
5957 9733
5957 10168
5957 16873
5957 9106
5957 16654
8786 15381
3461 13077
5353 13690
5353 10107
5353 15824
5353 12587
3463 8914
3463 14182
3463 14800
3463 13957
3463 6658
8914 15923
8914 12073
6658 8197
3465 13313
3465 17262
3465 19221
13313 16319
3466 11128
3466 5495
3466 19015
3467 6791
3467 6612
3467 13546
6791 14414
6791 7403
6791 16879
13546 13642
8245 17443
3469 11476
3469 4596
4596 16768
4596 9402
4596 6301
4596 10759
4596 4711
5520 17390
5520 5707
5520 13947
5520 7002
5520 12269
5520 17112
5520 17609
10544 12208
10544 10856
10544 11876
10544 19085
3471 11745
3471 17498
3471 15344
3471 19914
3471 15570
3471 15410
3471 16441
3471 5619
3471 3872
3471 10591
15344 15354
15344 19903
15344 18926
15410 18943
16441 18342
10591 18024
10591 18764
4224 17591
4224 15266
4224 4633
4224 11800
3473 8315
3473 8088
3474 6475
3474 3746
3474 6140
6140 13855
3475 14277
3475 7456
3476 18205
3476 8426
3476 8148
3476 6048
3477 15418
3477 4692
3477 17199
3477 19713
4692 6953
4692 10253
4692 10478
4692 15452
4692 13448
3478 16389
3480 7551
3480 17288
3480 12666
7551 17355
7551 11146
12666 12741
12666 17475
3481 18487
3482 7921
3482 17567
3482 6014
3482 18749
6014 13713
6021 11839
6021 7227
3484 7339
3484 18594
3484 19106
4088 13295
4088 18345
4088 14342
15182 18622
9355 11621
9355 17250
3487 6805
3487 17339
3487 15933
3487 18315
6990 16652
6990 9039
11873 19258
11873 16741
13119 17572
13119 15404
3490 7775
3491 17059
3491 11559
3491 17292
3491 8271
3491 7924
17292 19972
7924 15366
7924 12419
6196 14351
6196 19357
6196 8566
7495 11195
7495 17016
7495 16001
3495 6689
3495 5196
3495 4282
3496 7602
3496 13234
3496 6193
3496 9068
9068 15638
9068 13357
9068 12713
9068 13995
3497 9100
3497 6533
3497 7759
9100 19378
9100 12078
10820 11997
10820 19069
10820 11586
3499 15327
3499 10041
3499 16507
3500 18619
3500 6419
3500 11612
3500 19002
3500 7784
3500 5818
3500 12788
6419 12141
12788 13127
14013 16541
15078 17593
15078 18903
15078 16501
12049 17303
3504 13206
3504 18411
3504 11204
3504 16455
3504 11377
13206 15227
13206 13384
13206 16076
18411 19154
11377 18511
11377 13910
3505 14688
3505 16354
3505 19381
3505 16329
14688 18769
3506 15762
3506 13863
3506 5261
7579 18157
7579 14597
7579 14081
14513 16709
14513 18192
14513 18001
3508 14638
3508 6952
14638 15667
14638 19577
3509 13128
3509 16138
13128 18574
13128 18672
13128 18498
3510 16549
3510 16296
3510 4443
3510 14794
3510 19244
16296 18072
3511 8745
3511 16140
3511 9080
3511 5894
3511 10404
10404 12556
10404 17913
11533 19055
6243 12691
6243 16012
3513 5198
3513 10904
3513 8021
3513 11652
5198 13200
5198 15518
5198 11012
11652 19569
11652 14960
11652 15338
3514 12741
3514 18536
3514 12948
12948 14269
4022 15094
4022 17502
5333 19434
5333 13551
5333 8833
5333 7876
5333 17736
5333 13839
7411 14953
7411 11943
7411 16725
7411 12554
11534 19421
11534 11668
4303 6380
4303 9045
12318 19637
12318 19993
12318 16031
6290 16769
6290 16952
6290 17177
17597 18375
11359 11680
3518 4460
3518 13152
4460 16698
4460 14137
4460 9202
4460 18902
13152 19026
13152 15468
13152 13872
19536 19559
5009 11556
5009 19764
5009 5954
5009 6196
13368 18795
17624 19452
17624 19977
11708 13895
11708 17110
3521 11193
3521 13227
3521 5624
11193 14650
11193 17644
11193 19484
11193 17149
11193 14454
11193 18641
5624 12025
3522 11733
3522 5171
11733 13932
10684 18354
3525 12410
3525 6424
3525 16034
3525 5387
6424 12035
6424 13567
16034 19902
16034 17260
10090 14956
3527 11099
3527 7795
3527 7307
3527 18174
3527 12782
11099 15904
11099 15949
11099 15038
7795 14101
7307 19439
7307 11847
7307 18612
7307 15156
3529 4340
3529 4145
3529 6338
4340 12681
4340 19750
4340 7681
4340 14052
4340 13705
4145 7421
4145 14688
4145 11744
4145 15369
4145 5475
4145 13390
4145 18621
4145 9142
7445 15521
7445 16484
7445 15043
7445 15381
7445 7877
14714 19439
14714 19877
13416 14724
3534 6103
3534 17732
5594 8697
5594 13503
5594 7681
7409 8520
7409 18414
7409 8665
5715 12709
7226 17951
7226 8981
7226 12022
3536 17895
3536 15310
3536 10558
3536 18269
3536 11361
6839 7247
6839 10407
17099 19794
17099 17805
4354 16777
4354 17565
4354 5762
10813 15238
10813 19407
10813 12469
10813 11407
10813 12263
3540 10900
3540 18134
3540 18770
3540 16651
3540 18352
18770 19473
18770 19839
16651 19185
16651 19643
3541 11301
3541 15176
3541 7517
3541 6483
7517 12537
7517 16734
7517 8132
3542 16146
3542 9551
3542 18347
9551 14889
3543 13866
3543 7701
3543 14546
3543 18050
3543 19182
3543 18722
7701 13204
7701 10621
7701 10282
7701 18607
14546 16798
3544 12885
3544 6344
6344 16172
6344 15387
6344 17486
6344 10640
6344 17853
3545 8969
3546 9261
9261 13864
7496 13474
7496 8837
7496 10444
7496 10119
11953 14343
11953 12629
3549 9330
3549 5182
3551 5361
3551 5486
3551 10661
3551 7782
3551 10969
10661 14813
10661 11998
4445 9426
4445 6435
4445 5077
4445 16382
4445 6171
4445 13398
5297 14892
5297 19925
5297 15057
5297 15080
4124 15368
4124 15803
4124 6176
16351 18923
16351 17195
3555 9092
3555 9485
9092 10208
9092 9125
9485 10146
13788 17882
13788 15317
3808 11631
3808 15203
3808 18219
3808 11145
3808 4082
14505 15657
3557 16843
3557 7298
3557 12995
3557 18751
16843 17679
7298 8406
7298 9991
12995 18370
18751 18977
3558 4424
3558 7330
4424 14728
4424 16784
7330 15488
7330 9739
3559 6350
6350 10071
6350 15254
6350 16067
6350 7156
16486 17580
9741 17137
9741 10327
3564 11597
3564 17246
17246 17339
17246 19743
4725 12886
4725 12832
4725 15184
11959 12222
10280 13662
13218 16237
13218 18843
13218 18127
11447 19701
13182 16465
3571 19252
3571 19665
3572 7000
3572 10662
3572 6362
3572 12506
3572 16821
3572 16591
3572 8913
3572 4236
7000 11281
7000 19778
7000 8548
7000 8363
7000 18971
10662 18545
10662 19904
12506 14748
16591 17391
8913 18242
3573 6531
3573 8436
8436 19101
8436 9498
8436 15695
3574 11298
3574 17980
3574 5167
11298 13180
11298 12365
11298 19508
10910 11111
10910 13403
10910 15656
10910 17449
5144 7972
4672 12807
4672 9862
3577 16190
3577 6629
3577 5529
3577 18980
16190 17169
4346 10892
4346 19277
4346 12357
3579 14898
3579 6826
3579 19555
3579 7520
7520 9706
7520 10494
3580 9046
3580 17111
3580 17583
9046 18645
9046 16580
17583 18747
10111 16556
10111 13437
10111 16611
7827 13300
7827 10676
7827 16443
3583 18232
9994 11986
9994 19455
11650 17409
11650 17644
11650 13878
6913 19405
6913 7709
6913 19926
6913 13411
6913 13550
6913 16112
7832 9582
7832 15387
9496 12696
9496 10080
9496 18013
12628 15193
12628 16909
12628 15943
7408 9495
8526 14674
8526 12933
8526 9584
10789 11162
10789 12066
10789 19169
5178 9698
5178 6114
3590 8148
3590 6166
3590 18080
3590 18376
6166 14076
6166 7817
6166 17374
18080 19984
3591 13251
3591 13727
3591 14450
3591 6662
3592 6427
3592 15354
3592 11091
3592 9251
3592 9704
11091 12721
11091 14005
11091 18292
11091 19161
9704 16419
9704 12542
9704 16591
9704 16089
9704 11523
3594 13361
3594 12726
3594 10041
12726 17903
12726 13519
4499 5815
4499 10689
12216 17949
12216 13027
12216 13696
16235 18537
3601 12526
3601 6467
3601 7495
6467 11259
9459 9814
9459 15757
9459 13977
9459 10222
9459 10911
4940 16030
4940 15035
4940 15715
4940 7942
3603 6472
6472 11465
6472 9408
6472 19444
3604 10688
3604 9673
3604 6677
6677 17242
6677 10068
3605 12980
3605 19230
3605 12233
3608 10557
3608 13627
3608 16021
13627 14426
16021 18850
16021 16168
3609 4879
12886 18158
3611 10595
10595 14890
10595 12355
10595 10737
3612 16070
3612 13934
3612 6679
3612 19775
13934 19761
13934 17814
13934 19802
6679 8152
5762 17459
5762 6979
5762 11005
5762 7690
5762 7240
10852 19236
10852 11505
3747 17982
3747 11030
3747 10136
3747 19001
15196 19888
3615 10186
3615 11002
3615 17852
3615 10633
3616 17861
3616 16161
3616 8230
3616 18568
3616 13105
3616 12913
3616 5005
17861 19237
13105 18592
13105 17686
13105 14029
5005 8193
5005 6103
5005 5392
5005 14802
3617 13069
3617 16889
3617 14620
3617 17990
17125 17740
17125 19129
18747 18882
6010 17628
6010 15083
6010 7037
3622 12548
3622 15555
3622 14418
3622 6699
12548 15447
12548 18497
12548 18592
15555 19254
3623 10495
3623 17205
3623 6121
3623 12127
10495 11561
10495 18252
10495 13247
10495 19774
17205 19006
3624 5836
3624 8402
3624 10145
5836 7211
5836 13800
8402 16176
3625 15969
3625 17478
3625 7686
3625 12276
7686 15466
7686 16134
12276 14801
3628 7525
3628 4792
3628 16633
3628 15828
3628 16776
4792 12730
4792 12243
4792 14520
3629 16395
3629 15816
3629 6044
3629 5105
15816 19575
6044 13002
6044 16438
6044 6302
3630 16295
3630 7963
3630 17536
3630 16798
3630 9486
3630 15304
17536 17807
9486 17277
9486 18024
7939 12724
7939 19653
7939 17332
7939 18135
3633 9316
3633 13804
3633 9092
3633 9640
3633 14783
13804 15926
9640 18568
14783 17852
10776 16819
3635 4295
3635 10325
3635 19314
10325 10485
3636 15613
3636 8354
3636 6430
3636 8011
15613 17910
15613 17256
8011 16313
3637 8766
3637 6386
3637 16506
3637 19186
8766 17796
16506 19213
3968 17070
3968 12487
3639 19015
3639 9963
3639 14750
3639 6127
3639 7496
9963 11021
14750 16518
3640 18266
3640 19036
3640 9659
3640 18291
3640 5968
12013 18313
12013 13761
12013 14478
12013 19689
3642 12019
3643 3730
3643 10965
3730 6668
3730 6362
3730 18897
3730 16472
3730 5973
10049 11752
10049 18901
3733 14796
3733 6119
3733 11530
3733 13696
3733 19175
3733 19152
3733 4080
3733 7379
12322 15462
12322 16280
12322 17738
11746 14207
11746 14198
11332 15072
3649 7222
3649 11345
3649 7136
3649 7025
3649 4120
7222 9297
7222 8658
7025 10345
7025 11639
7025 12182
4120 10871
4120 10548
4120 12555
4120 4778
4120 16081
4120 13023
10289 11414
10289 19382
10289 11371
8014 17889
3654 12579
3654 18912
3654 10687
12579 12781
3656 6133
3656 13419
13419 17726
13419 16674
3657 6901
3657 12696
10644 17244
10644 16608
3659 16717
3659 14425
3659 9775
3659 3865
3659 18895
16717 18531
3865 17955
3865 9289
3865 10072
3865 11821
3660 5171
3660 17080
3660 9216
3661 10115
3661 13782
3661 19213
10115 12294
10115 15109
10115 10320
10115 10727
13782 14237
13782 19758
3662 15389
3663 13784
3663 4366
3663 7948
3663 12119
3663 5361
3663 14576
7948 17960
7948 10964
7948 11798
12119 15012
12119 15023
12119 19977
14576 16579
3664 11533
3664 8741
3665 7610
3665 15772
7610 13024
7610 11366
12970 13918
9935 15966
9935 15820
12113 12119
12113 12463
12113 15561
3669 19037
3669 12730
3669 19188
3669 14962
3670 19991
3670 7980
3670 16544
3670 19322
3670 9658
3670 15063
7980 13811
7980 16262
7980 18096
16544 19660
9658 10925
9658 14797
9658 14755
15063 15701
15063 16594
3673 11656
3673 8396
3673 13089
11656 15797
13089 17242
11521 12490
11521 19840
3675 14191
3675 4370
3675 18616
7841 13183
7841 10826
7841 10528
7841 15307
3678 13211
3678 14133
3678 11445
3678 4230
3678 8302
3678 8366
14133 16346
11445 13727
11445 17376
11445 12012
3679 13531
3679 4635
3679 14806
3679 17241
13531 18675
14806 14899
14806 15067
14806 18588
14806 19450
11567 12149
11567 17581
16653 16862
8445 13416
8445 18467
8445 18675
8867 9165
8867 14330
8867 11226
8867 11540
3683 12116
3684 9430
3684 5254
5254 15806
5254 16963
8518 11886
8518 14259
3688 16066
3688 8516
3688 14764
3689 11929
3689 13063
3689 11729
11929 12477
11929 17408
10200 10301
10200 17838
10200 14049
7682 18234
7682 17048
7682 19630
3691 17264
17264 19384
3693 18127
3693 5934
3693 7179
3693 5722
3693 8837
3693 11386
7179 13145
7179 17719
7179 18459
3694 11072
3694 9055
11479 19647
11479 14315
7435 13232
7435 17568
7435 11808
3697 14447
3697 12268
12268 17331
3699 18619
3699 8013
3699 7495
8013 10954
8013 13061
3700 17511
3700 17317
3700 10282
3700 8779
17317 18863
10282 16209
10282 10658
10282 19992
8779 18692
5824 14385
8249 8272
8249 15757
5131 10141
5131 15534
3704 5940
3704 11055
11560 14176
11560 18401
11640 16901
11640 19077
3706 14817
3706 13773
3706 6045
3706 11554
6045 14906
3707 11138
3707 8329
3707 13268
3707 12333
3707 16358
11138 13206
11138 17845
16358 18308
3708 4966
16331 19250
16331 16678
3710 19857
3710 18724
3710 5201
5201 11520
5201 13261
5201 9607
5201 11217
5201 19486
7771 17669
7771 7921
7771 12224
7771 11951
11258 16069
11258 18873
10889 13239
10889 17919
6410 18226
6410 18895
6410 11767
6410 6643
10666 18099
10666 10840
8109 13327
8109 13511
8109 11027
8985 9009
8985 18058
8985 9942
3716 12318
3717 10664
3717 19383
3717 10912
3717 9577
3718 4577
15777 17472
3720 19624
3720 19021
12654 14630
3722 18908
3722 8894
3722 13450
3722 12004
8894 19077
8894 15168
8894 18823
8894 18134
8894 13066
8894 14091
8894 17960
8894 14473
3724 10573
10573 13069
10573 12562
10573 10971
10573 13848
3725 4231
3725 12242
3725 7656
4231 9345
4231 10420
4231 16907
3726 6100
3726 8972
3726 7590
3726 17908
3726 15845
7590 15528
7590 9197
7590 11708
3727 5115
3727 8429
5483 11721
5483 15661
5483 12496
11132 18574
11132 12803
4613 11041
4613 11015
4613 11487
4613 17002
3729 4120
3729 17797
3729 14687
6668 7988
6668 15834
5973 8718
5973 11543
5973 18189
3731 11420
3731 7758
3732 9686
3732 9891
3732 12683
9686 17982
9686 18566
9686 10865
12683 14794
12683 19834
14796 15507
13696 17062
4080 13847
4080 8835
4080 19788
4080 8548
9401 18307
3735 12403
3735 4281
15100 18775
15100 15242
11894 19300
11894 18327
15990 19636
3738 13890
3738 15579
3739 15074
3739 18359
3739 9328
3739 12706
15074 19275
9328 19528
3741 4806
3741 8614
3741 7978
3741 5200
3741 12571
4806 15401
3742 13185
3742 14505
11048 18178
11048 14308
11048 16785
11048 18081
13286 13897
9828 13170
9828 12967
10856 16211
10856 16635
10856 16246
10856 18773
3745 4040
3745 19222
4794 14466
4794 14720
4794 6117
4794 15549
4794 14340
4794 8975
17982 18736
17982 18934
10136 17517
3748 7529
9118 17270
9118 12080
9118 15402
9118 17275
3750 18631
3751 19328
3751 10747
3751 13648
3751 16391
3752 9501
9501 17310
9501 9753
9501 15623
9501 11294
6648 17694
6648 7574
6648 15091
3754 9983
9983 10319
9983 19634
3755 14840
3755 14871
3755 16612
3755 6530
13988 15427
13988 19523
3758 4539
3758 8717
4539 16326
4539 6586
4539 6959
8717 9838
8717 11761
8717 13125
8717 13191
4101 18921
4101 10956
4101 13323
4101 15821
4101 9251
4101 6368
14879 16403
3760 16555
3760 19430
3760 7716
16555 17279
16555 18838
16555 18067
7716 11217
5033 15508
3763 4731
3763 9811
3763 17197
7833 9301
7833 11108
7833 13285
7833 14702
4567 9772
4567 5756
4567 4801
5460 17510
5460 12717
5460 7084
3765 7820
3765 9385
7820 13783
7820 18505
7820 8532
5078 16258
5078 12196
5078 11475
17282 19251
13198 13515
13198 14705
3768 9883
3768 8485
8485 19523
8485 17500
8485 13359
3770 17359
3771 4132
3771 13604
3771 10869
4132 17088
13604 19173
3772 16777
3772 6239
3772 19854
3772 8611
6239 7065
6239 11596
6239 14925
6239 10397
3773 9266
3773 12800
3773 13240
3773 19107
3773 9874
3773 14251
9266 14141
9266 16370
12800 12920
12800 18350
13240 14474
14251 15152
3774 8533
3774 15239
8533 13089
8533 8890
12037 14678
12037 12841
13066 13715
13066 17254
9526 13246
9526 19102
11901 13385
11901 14020
11291 15462
15372 16632
15372 15902
15372 19723
3779 10268
3779 10047
3781 13369
3781 10159
9643 13290
9643 11030
8854 12343
8854 16401
8854 11750
3783 17912
3783 12346
3783 9360
3783 4912
3783 10774
3783 17196
3783 17316
12346 19040
12346 15262
9360 9709
9360 16620
9360 12871
9360 11490
9360 17578
9360 12458
4912 5955
4912 12105
4912 10723
4912 11881
6291 8108
6291 17636
3785 19865
3785 15766
3785 7387
3785 16592
3786 4808
3786 9721
3786 10976
3786 14110
3786 11515
4381 6973
4381 15850
4381 17467
4381 15099
3788 16482
3788 6952
3788 6784
3788 13371
3788 16781
3789 18332
3789 7524
13028 19106
13028 16532
13028 14056
7429 19716
3792 19401
3792 4575
4575 6798
3793 19576
3793 18400
3793 15136
3793 19669
3793 15041
9039 14889
4164 6622
4164 4415
4164 15956
4164 19724
13515 13680
4543 10092
4543 7832
4543 17479
4543 5127
5853 12419
5853 7457
3797 5849
3797 5640
3798 5082
3798 9580
3798 10009
3798 4905
3798 11515
5082 10550
3799 18571
3799 18331
4293 10063
4293 7807
4293 16100
4293 19000
16494 17520
16494 18747
3802 14304
3802 8269
3802 13475
8269 19110
8269 17558
8269 18954
8269 10971
3803 17980
3803 6592
3804 17356
3804 17757
15360 15622
13708 19801
13708 17988
13708 19086
7336 9545
7336 8625
7336 14156
10356 14848
13632 19230
13632 16293
4628 14010
4628 17954
4628 10031
4628 13649
4628 4872
11631 18504
9221 9999
13161 17260
8522 15559
8522 13661
8522 10863
9576 19658
9576 17352
9576 14792
14592 14913
9701 13791
14029 19310
14029 19203
3815 15967
3815 6671
3815 6212
3815 8151
6212 10312
6212 19380
6212 11937
3816 8330
3816 11443
3816 6670
3816 7772
7772 11744
9879 11631
9879 17575
9879 18808
13651 15011
13651 16145
13651 14817
15479 15916
3818 9855
3819 18135
3819 14420
3819 15617
3819 19941
3819 5434
14420 16342
5434 13450
5434 8658
5434 14011
5434 12436
5434 17171
6085 13719
6085 13259
3822 4125
3822 3855
3822 19034
3822 14461
4125 6690
4125 14306
4125 15556
19034 19501
19034 19253
14461 17484
14461 16444
3823 8969
3823 8372
3823 15436
15436 17329
12280 13606
12280 13285
15469 17083
15469 19265
15469 19722
3825 7897
3825 19505
3825 17979
7897 18901
7897 16145
7897 10176
3826 9628
3826 10479
3826 4300
4300 9462
4300 4487
4300 8068
3827 12656
3827 4196
3827 4268
3827 13920
3827 6854
12656 15181
12656 13873
13920 19275
6854 8242
6854 15678
6854 9292
6854 19416
3828 11155
3828 10108
3828 9449
3828 16273
5234 18383
5234 19597
5234 17892
14371 18814
16536 17750
13360 16616
3832 6608
3832 9777
3832 8656
3832 16559
6608 13543
6608 16250
3833 18993
3833 5621
3833 17150
3833 19277
3833 13720
3833 17493
3833 18171
3833 5437
17150 17647
13720 17049
13720 14574
13720 16760
13720 13951
3835 5531
3835 16307
3835 15907
6155 16802
6155 17074
3837 5414
3837 6857
3837 14117
3838 19065
3838 18696
3838 13317
3838 5520
3838 18445
13317 14608
3840 17378
3840 15763
3840 6644
3840 15456
3840 10656
3840 17196
3840 14084
3840 19131
3840 7766
3840 7471
3840 4118
15456 17640
7471 15831
7471 15056
7471 12110
7471 14406
5705 18398
10985 17468
10985 16762
10985 16338
14105 17272
14105 17386
15932 19667
15962 17472
15962 19818
11909 12510
3845 13527
3845 16597
3845 16328
3845 8148
3845 11623
3845 12698
13527 18965
13527 19983
16328 17281
3846 17378
3846 6862
5672 14603
8557 14569
8557 17023
11788 12087
11788 19073
3849 9066
3849 5640
3850 9255
3850 8795
3850 17692
3850 9583
17692 19355
9583 17413
3851 4669
3851 18843
4931 8166
4931 13307
7783 16828
7783 19425
7783 8181
7783 19321
3854 14163
3854 4511
3854 4637
3854 7987
3854 6486
4463 18987
4463 7244
4913 17458
4913 13488
4913 19388
4913 16739
16224 18032
3856 17325
3857 13097
3857 11591
3857 15242
11591 19688
11591 16874
11591 16483
15242 18159
15242 16110
3859 6462
3859 19039
3859 10831
6462 17303
6462 7211
10831 12689
10831 16939
3860 12193
3860 7410
3860 7947
3860 18695
18624 18793
8137 15068
8137 18545
8137 11094
8137 10836
14736 19518
3862 15849
3862 18064
3862 19373
3862 10659
19373 19533
10659 14169
9800 14914
9800 15510
9800 15029
17955 18410
10072 10558
18126 19659
13650 19742
13650 15601
17115 19871
12470 15895
17055 18294
3874 19100
3874 10461
3874 14165
3874 14759
14165 15225
3875 7423
3875 10966
3875 10354
3875 9005
7423 7464
7423 16972
7423 8069
9005 15090
9005 13124
9005 10537
9005 9987
3876 4542
3876 6534
3876 6631
4542 19275
4542 9607
6534 16044
10417 11362
10417 14972
7559 13907
7559 16756
14063 16955
14063 17780
14063 18973
14063 15615
8960 12726
3880 16850
3880 19284
4529 5351
4529 11363
4529 15566
6492 19316
6492 19839
6492 14744
6492 12701
6492 10050
11692 12184
11692 16993
3884 18326
3884 14340
3884 17949
3884 14909
3885 17392
17021 17128
5850 15424
5850 11191
4881 19697
15145 15680
15145 18428
15145 19957
3888 4455
3888 18256
3888 7917
11801 16238
11801 15786
11801 19238
12863 17620
8237 16394
8237 14262
8237 16829
7721 13060
6158 6333
6158 12554
6158 12007
6158 11726
3894 7401
3894 11585
3894 10600
3894 15626
7401 11721
7401 14840
7401 9503
7401 11006
15626 15880
15626 16128
3895 14120
14120 18714
14120 15414
3896 17238
3896 11584
3896 15661
11584 13791
3897 8630
8630 11607
3898 7754
3898 11594
3898 7478
3898 18493
3898 8953
3898 13739
3899 16570
3899 11459
3899 16512
3899 6781
11459 17727
16512 18344
16512 18717
5095 10639
5095 12025
5095 5518
5095 7264
3901 16686
3901 5361
3901 13518
3902 15240
3902 19192
3902 17340
3902 14286
3902 14220
13435 13629
13435 15875
13435 18902
13435 18740
3904 4461
3904 10381
3904 11181
4461 16074
4461 8030
4461 13465
4461 10096
4461 15208
4461 8138
10381 19923
10381 17997
3905 13542
3905 15456
3905 17804
3906 19047
3906 9295
3907 10591
3908 11359
3908 17962
3909 19067
3909 19417
3909 11523
3909 12203
3909 12322
3910 13256
13802 16944
9288 9520
9288 15616
9288 19904
4805 13720
4805 12740
3913 15912
3913 17883
3913 12653
3913 14393
14393 19016
3914 12868
3914 4455
3914 18324
3914 14394
3914 12891
3915 11693
3915 16754
3915 7189
3915 9700
11693 19299
11693 14344
11693 15821
11693 14141
7189 17400
7189 17995
7189 10294
3916 13472
3916 17054
3916 11539
3916 7173
3916 19491
3916 18865
3916 6682
11539 13953
7173 13757
7173 16946
5863 8164
5863 6541
5863 16309
5484 7736
5484 17559
5484 11897
5484 14458
18545 19874
18545 18617
3918 12449
3918 11094
3918 5693
3918 15636
5693 15012
5693 19492
5693 8259
15636 16040
10835 14278
10835 12151
3921 11410
3921 14312
3921 19673
3921 7905
14312 15694
14312 19775
14312 16740
19673 19940
3922 6787
3922 15787
3922 18888
3922 10939
6787 19821
6787 19307
6787 14825
6787 11301
6787 16706
5793 13740
12332 19883
8912 12163
6296 8328
6296 7001
3926 18265
3926 19159
3927 12118
16145 19734
16145 19138
3929 5168
3930 17535
3930 16989
3930 18041
17535 18433
18041 19872
12588 14988
12588 19836
12588 19132
12588 15089
12588 13164
9373 10121
9373 9907
9373 10425
12002 18140
12002 14404
12002 17584
12002 15282
12002 18635
12002 12687
12416 18145
12416 12480
11807 12921
11807 18402
14585 16183
14585 14731
14585 15400
14585 19586
3933 7764
4890 18248
4890 17487
10506 11064
3937 11999
3937 14213
3937 17321
3937 5745
3937 4521
5745 18267
5745 6917
5745 15969
5745 19579
5745 17695
19546 19781
10269 12303
10269 17518
10269 18433
8534 9574
8534 9392
8534 12442
3939 6515
3939 4001
3939 9999
3939 9306
6515 8137
4001 4701
4001 14452
4001 6770
4001 7148
13583 16585
13583 15870
13583 13908
9081 12973
9081 15957
6460 16020
6460 12384
3942 10357
3942 5035
3942 15966
3942 15716
5035 16581
3943 5763
3943 12677
3943 17461
3943 18533
3943 8566
3943 11195
5763 9433
5763 11045
5763 19861
5763 6836
5763 7354
8566 14477
3944 19943
3944 19814
3944 11510
3944 18864
18306 19079
18306 19734
18306 19999
6846 15992
6846 19962
6846 7189
6846 7474
14017 19834
3947 4771
3947 15589
3947 12147
4771 14200
4771 12065
4771 17482
4771 13476
3948 19952
3948 9067
9067 18527
9067 12656
14811 18536
14811 14949
8449 18701
8449 13208
6399 7575
6399 10245
6399 9687
14469 14921
14469 15792
14469 18332
8097 9099
8609 8995
8609 10722
8180 10550
8180 14324
16630 19111
3953 15057
3953 4330
4330 12463
4330 12466
3954 11006
3954 5942
3954 7664
11006 12114
5942 6851
5942 16792
5942 18980
5942 17857
5942 14664
5942 6263
5942 16373
5942 7410
5942 13944
5942 9215
5942 10089
5942 6209
7664 17520
7664 16974
3956 13584
3956 18611
3956 18736
3958 9877
3958 10299
3958 9662
3958 17237
3958 18850
9877 16921
9877 12833
9877 14295
9662 14330
9662 11933
9662 17653
9662 12448
9662 19617
13605 14770
13605 18753
9452 18992
11940 14200
11940 12894
15837 18735
15837 19213
3962 5031
3962 10080
3962 12138
5031 10916
5031 7379
10080 11694
12138 15160
12138 15329
3964 6072
3964 11066
3964 16952
3964 10902
11066 15288
10902 11004
10902 19341
8775 18890
8775 12392
8775 8799
15560 17087
15560 16332
13366 17746
12487 18577
17815 19104
17815 19486
3970 11615
3970 19598
3970 10086
11615 18234
11615 18751
10086 13076
10086 15808
10086 15292
3971 17742
3971 6089
3971 5832
6786 16052
6786 12533
6902 8287
6902 14675
6902 14461
5185 7584
12514 19633
12514 14063
9928 10786
9928 10541
6611 10717
6611 9438
6611 14322
6611 13381
3977 7173
3977 17557
3977 6564
17557 18837
3978 6210
3978 16964
5548 16388
5548 14803
5548 18034
5548 14961
7337 11678
7337 12205
7337 13583
7337 16596
13814 14699
15247 18148
14934 18733
14934 18883
14934 17055
12879 16099
12879 19638
16487 16640
3983 9438
3983 9538
9438 16516
9538 19606
9538 18143
3985 13628
3985 4768
3985 19570
3985 5554
19570 19632
5554 9868
5554 6786
5554 8783
5554 12893
3987 18768
3987 10949
10949 17516
3989 13221
3989 8557
3989 17707
14040 16551
9499 15675
9499 16367
19399 19656
15253 17721
12139 14912
11093 19181
11093 17683
11093 14078
11093 15748
9298 17032
9298 12898
11582 18259
11582 14300
11582 17794
3995 12179
3995 6305
3995 7251
3995 17033
3995 7203
3995 8196
3995 13926
6305 17034
6305 13968
6305 8525
6305 12903
6305 11018
7251 15012
8988 10441
8988 10934
12497 16890
8783 14413
8783 14392
8783 14559
3998 5341
3998 12332
3998 19819
3998 10474
3998 14601
3998 11952
5341 5463
5341 10545
5341 15313
10474 16342
11475 18116
8130 14455
8130 10271
8130 18719
8130 8722
8130 13175
4464 6351
4464 15697
4464 5424
4464 7535
4701 12078
7148 8069
7148 8833
10412 18110
15963 18312
4003 5722
4003 4083
4003 5740
4003 13949
13949 17553
13158 17751
13158 17478
15010 16931
12658 16138
4005 5021
4005 18055
4005 14985
5021 17788
5021 15932
11306 11849
9939 14727
9939 10017
9939 19541
9939 12829
4008 4134
4008 13460
4008 16032
4008 19569
4008 6369
4008 11442
4009 14135
4009 19180
4010 8588
8588 10692
8588 17791
8588 19187
4011 10774
4011 19351
4011 10152
4011 11016
4011 19188
10152 14527
10152 13014
4012 18876
4012 13601
4012 8951
4012 11923
4012 19007
13601 15794
13601 18385
8951 9842
4014 18712
5401 17435
5401 10141
5401 6167
4016 7124
11865 16618
11522 15036
11522 16690
4018 11541
4018 14288
4018 11486
11541 13760
11541 14808
11541 13813
11486 19158
11486 19287
4020 8558
4020 19949
8558 16417
8558 9989
8558 10362
4021 8981
4021 8054
4021 18560
4021 14866
8054 14837
8054 11840
8054 10775
15094 15501
15094 16242
15094 15350
10818 14277
10818 13490
8634 19061
8634 14771
4024 9394
4024 11313
4024 5077
4024 6404
11313 15381
6404 18205
6404 9050
6404 16405
6404 11521
10249 19447
12396 14025
12396 18632
12396 15456
4026 16552
12590 16949
4028 9106
4028 4189
9106 19724
9106 12950
4189 19004
4189 19094
4189 12823
4189 9448
4189 13653
4029 17507
4029 17473
4029 12587
4029 16108
4029 10638
4029 9388
12587 17727
10638 17667
14698 16069
14698 19453
4031 17184
4031 11734
4031 16082
4031 11832
11734 16338
11734 18249
11734 14534
11734 19114
11734 19609
11734 12045
11734 15733
11832 14884
11832 19962
15551 15680
15551 19939
4033 13665
4033 7240
4033 17834
17834 19547
6008 10316
6008 6689
4039 12749
4039 6080
6080 9030
6080 11445
5429 12150
5429 14245
5429 8229
5429 8380
5429 12290
4043 19878
4043 17769
4043 5882
4043 13147
17769 19389
5882 11943
5882 15100
5882 19058
9361 13417
11436 17001
4046 7288
4046 5373
5373 8760
5373 8919
5373 18746
4048 7181
4048 9554
4048 19951
4048 14130
14130 15936
8468 19411
4050 11601
4050 15518
4050 15762
4050 19219
11601 14968
11601 13355
4051 8527
4051 7083
8527 13087
7083 8920
7083 16729
4052 15064
4052 14217
4052 10015
4052 10870
4052 16145
4052 7814
4052 7718
4052 19771
4052 18615
4052 7168
10870 15009
7814 16918
7814 13313
7814 17710
7814 15901
7814 9088
7814 18410
7718 17795
7375 12031
7375 9862
4893 9433
4893 11857
4893 11267
4893 5796
4055 17707
4055 6839
4055 14744
14744 19421
4056 17560
4056 4568
4056 6787
10759 11003
10759 15629
10759 15044
7494 12622
4059 12959
4059 18748
12959 13372
4061 11672
4062 12114
4062 8793
4063 4110
4063 13303
4063 4317
4110 11349
4110 5317
4110 15723
4110 18102
4110 13024
13303 15790
4317 16066
4317 4567
4317 10887
4317 15411
4317 4660
4317 19975
4064 17266
4065 6090
4065 13450
10639 10747
4067 10447
10447 15863
10447 15495
4069 17459
4069 9227
4069 16637
4069 5976
5976 8724
4070 12331
4071 19233
4072 18777
4072 11826
4072 6870
4072 11729
11826 15796
4073 6391
4073 11913
11913 15912
11913 13180
4077 15789
4077 14293
4077 16067
16067 18009
4078 18302
4078 12784
4078 15210
12784 18632
12784 14700
12784 12952
4079 16015
8835 9472
8835 16187
8835 16718
8835 10172
11496 16770
11496 16258
5866 9870
5866 10153
4084 13812
4084 8034
4084 5277
4084 18047
4084 9308
4084 7083
18047 19548
18047 19339
9308 10647
9308 11434
9308 11074
9308 14667
4085 13651
4085 9035
4086 9848
4086 13492
4086 7303
4086 8323
4086 17347
9848 19693
9848 18358
4087 15058
4087 13558
4087 12052
12052 17565
12052 16747
13295 19783
13295 14173
13295 19824
14342 19957
12369 13982
12369 14077
7048 7475
7048 13304
7048 10246
7048 12299
7048 12032
7048 10065
7048 18738
12642 13158
4091 18016
4091 18970
4091 19534
4095 7878
4095 15719
7878 16572
7878 12038
7878 17015
7878 16253
4097 11355
4097 9001
4097 6619
4097 15626
4097 18531
4097 14082
4097 12151
6619 10853
4099 19921
4099 18454
4099 17739
4099 4407
4099 7923
4099 18668
4099 13072
4099 15930
17739 18540
4407 7754
4407 10786
4407 8915
4407 5098
4407 7143
4407 13070
4407 6759
7923 10926
7923 9986
7923 8249
7923 17266
7821 11631
7821 18372
10956 12013
15821 16037
4102 18017
18017 19719
9208 15903
14902 16542
14902 18452
14902 15008
18221 19766
9409 17822
9409 18141
9409 12723
17559 19797
8667 17880
8667 19402
8667 18818
8667 15351
9885 18747
9885 11824
4107 9312
4107 6151
4107 14752
9312 19149
9312 11843
4108 12313
4108 19782
4108 9920
4108 14765
4108 14749
4108 13423
12313 12458
12313 18753
9920 11122
9920 14874
14765 15541
4109 10795
4109 11134
4109 13681
4109 13825
11134 11821
11134 11585
11349 16464
11349 17007
11349 17854
7075 17011
15406 19548
15406 19126
10498 12477
10498 16263
10498 15074
14826 19165
4115 14035
4115 12342
4115 17673
4115 13064
5190 10691
5190 19618
6139 17118
6139 17595
6139 6164
6139 18257
10871 11226
10871 18347
10548 12955
10548 15867
10548 13127
10548 17719
4778 16418
16081 19338
16081 17297
4122 11063
4122 12614
15368 15383
15803 17390
15803 16720
14306 18837
15556 17000
14236 14653
14236 15725
12637 17220
12637 12775
12637 13918
12197 15940
19160 19893
4130 19085
4130 16934
4130 16435
4131 11063
10527 13030
10527 13321
10527 10735
10527 18499
10527 19611
10527 11869
11766 11885
12317 16625
12317 13587
11234 16882
14593 19316
6396 14327
6396 11810
6396 18821
6396 10797
4137 18330
4137 18112
4137 15790
9631 11789
13706 15403
4139 4901
4139 16690
4139 19322
4139 4766
16690 16905
4140 17391
4140 15045
4140 4914
4140 16009
4141 4682
4141 5069
4141 11058
4141 8859
4682 11812
4682 8542
4682 7740
4682 8833
4682 14395
8859 12226
4142 9548
4142 9322
4142 6401
4142 7450
7450 18387
7450 15553
7450 14730
12023 19500
12023 12950
12023 16575
12023 16288
12023 14341
4144 13006
15369 15889
13390 16383
9142 9365
4146 4166
4146 9482
4146 13492
4146 17262
4146 16659
4146 5744
4146 12542
4146 15432
9482 15130
9482 13712
9482 19133
9482 13080
5744 16917
5744 11584
4147 18808
4147 10816
4147 10155
4147 4485
4148 19044
4148 14957
4148 9957
4148 7224
4148 5593
5593 10901
5593 19250
6418 18920
6418 14421
6418 9870
6418 17440
4150 17591
4150 5177
4150 10561
4150 6527
17591 17600
5177 12842
4151 10420
4151 4708
4151 5029
4151 12169
4151 6904
4708 8725
4708 15130
4708 8531
4708 16792
12169 17062
6904 14962
6904 11942
4152 8451
4152 8843
4152 15792
8451 18159
8451 11296
4153 7421
4153 6999
4153 15697
4153 8166
6999 12798
6999 17485
8166 14090
8166 19551
8166 16354
8166 18195
8166 9837
16131 16389
4155 19051
4155 18391
4155 14700
4156 4659
12568 15966
12148 17545
4159 4691
4159 11082
4159 4783
11082 16676
4160 14934
4160 4582
4160 16483
4582 18362
4582 12452
4582 13046
4161 12681
4161 9497
4162 15121
4162 15177
4162 17041
4162 13465
15177 15749
15177 19448
4163 13218
4163 9012
4163 7676
7676 17147
7676 12160
6622 16452
4415 16986
4415 11047
4415 13648
15956 18280
4762 5884
4762 17230
4762 5931
4167 6742
4167 15107
4167 17366
4167 7507
4167 18880
4167 9688
4167 5210
4168 6928
4168 9060
9060 11986
9060 9422
4169 14260
4169 8353
4170 5696
4170 12216
4170 6950
4170 18079
6950 19701
6950 12739
6950 8852
6950 16513
13434 13822
13434 16401
5079 7412
5079 17449
12328 18279
4174 14638
4174 13353
4174 8153
4174 11323
4174 8606
13353 19868
8153 15127
11323 18270
11323 16664
8606 16948
4175 19348
4175 17045
4175 12278
4175 16853
16853 17732
4176 8805
4177 14030
4177 14190
14030 16228
14030 16303
6818 15273
4181 9408
4181 14467
9408 15065
9408 12402
9408 11432
11566 18837
7564 14324
4611 17342
4611 4804
4611 17000
4611 8164
4611 13642
8752 17733
8752 17882
8752 12922
14809 18419
14809 18893
14007 15049
5146 13681
5146 10828
5146 18054
5146 11261
5146 8747
6827 13235
6827 16482
6827 13935
6827 12546
6827 17110
6827 18638
4187 10121
4187 17868
4187 4608
4187 8762
17015 18602
9285 16021
9285 15594
9285 10831
8343 9750
5412 8609
5412 15038
5412 8031
5986 11471
5986 11994
5986 8099
5986 15242
5986 17399
6007 7100
12702 19637
12702 18372
12702 15749
12702 15085
11876 18780
11876 15442
4195 19819
4195 10098
4195 5549
4195 5959
4195 15754
4195 15641
16993 18702
13805 18795
13805 18142
13805 14508
10920 12201
8342 9465
8342 10100
8342 10689
8342 14856
8342 18546
8342 10208
16440 17989
4638 15581
4638 5981
4638 5202
4638 18980
4638 5080
4638 17263
4200 7692
4200 17582
4200 13601
4324 10885
4324 8510
4324 9671
4324 10551
4324 7825
4324 13297
4324 14568
4202 7904
4202 7480
4202 7394
4202 4286
4202 10936
8987 11943
8987 17186
6421 9819
4210 6685
4210 16464
4210 6885
4210 18466
6685 11064
6685 14921
6685 11569
6685 9604
6685 11314
6685 14825
6685 8005
6685 18163
18466 19058
17495 17787
17495 18251
6199 15000
6199 17443
6199 11363
6199 9763
16812 16845
4213 6213
4213 13478
4213 9615
4213 8568
4213 9061
6213 7225
6213 16970
6213 15319
13478 18311
9061 19366
4910 18176
4910 10498
4910 13771
4910 16286
4910 16588
4910 9603
4216 19837
4216 8486
4216 16750
4216 10736
4216 15484
10736 19155
15484 15961
7068 15298
7068 14212
7068 7912
11052 12665
4218 19466
4218 12723
4218 15782
4218 17086
4218 14559
14559 19162
14559 19046
4219 6195
4219 14350
4219 6935
4219 15649
4219 19848
14350 16665
14350 17386
14350 16164
6935 9517
6935 12722
6935 16132
6935 7866
10055 18319
10055 14737
9868 10272
9868 19399
9868 19850
10775 13949
4633 6765
4633 9043
11800 19903
4225 6539
4225 13417
4226 15931
4226 5803
4226 6819
4226 6236
15931 17473
7344 8471
7344 19058
7344 18818
7344 8583
7344 11542
4243 6282
4243 15468
4243 17116
5007 7222
5007 16339
5007 9105
5007 10906
4228 10303
4228 15246
4228 11722
4228 13688
10303 18314
10303 11717
10303 10637
11722 19438
11722 12780
11722 17558
4232 14061
4232 14432
4232 7996
14061 14788
14061 16313
14061 14437
14432 15368
7996 12100
7996 11762
9474 11922
9474 18805
9474 17173
5253 12293
5253 10099
5253 14192
5253 7328
4234 7622
4234 4983
4234 17193
7622 16173
7622 18867
7622 13561
15181 19628
15181 17805
4919 18201
4919 19731
6975 8441
6975 8159
6975 16619
15172 18895
15172 18762
4241 7354
4241 16041
7354 15022
7354 10413
7354 9621
6863 10467
6863 10720
6863 12083
6863 9598
6863 12362
6282 18594
6282 6970
6282 11921
4244 11956
4244 6637
4244 8930
11956 13630
11956 18534
11956 18742
6637 17043
6637 16189
6637 14853
4246 10626
4246 9230
4246 17936
10626 15193
5888 19150
5888 13876
4248 18103
4249 19694
4249 11378
4249 7970
4249 16728
4249 12476
12476 13290
4251 8573
4251 6985
4251 18842
4251 8379
4251 5780
8379 16941
8379 12883
5780 12386
5780 18153
5780 10585
5780 6698
5780 15225
5761 6885
5761 14812
4734 13036
4734 9407
4734 4901
4734 17365
4254 5570
5570 11426
5570 18496
4255 6165
4255 15821
4255 17843
6165 11888
4258 7513
4258 5725
4258 6573
7513 12797
7513 8232
7513 17653
7513 10151
6573 16644
4260 11083
4260 6791
4260 12493
4260 19849
4260 11302
4260 12699
4260 6080
11302 17176
11302 16730
11302 15119
12818 13763
12818 19732
12818 14273
12339 19756
4263 9404
4263 12405
9404 16437
9404 14228
9404 11653
9404 18932
9404 16965
9404 16119
4264 10029
4265 12299
4265 15393
4265 11851
15173 19857
15173 15764
4267 17227
4267 10353
4267 16449
10353 10429
10353 13884
10353 17939
10353 14303
9136 10107
9136 11209
8058 19850
8058 14507
9611 11043
4272 5916
4272 18467
4272 15079
4272 16117
5916 7709
5916 7975
4274 12704
4274 18789
4274 10920
4274 4432
4432 11733
4275 15721
4275 4737
4737 10890
4737 13823
4737 4938
4737 7710
4276 11756
4276 15114
4276 8834
4276 6575
4276 9332
11756 17583
8834 17614
8834 12201
8834 13571
6575 8758
4277 5193
4277 6070
4277 15265
4277 12947
4277 10057
15265 18002
15265 15403
10057 18415
4278 5202
4278 17373
5202 16196
5202 5565
5202 15319
17373 18318
14453 14942
9869 18875
9869 16728
9869 19452
9869 17516
4283 13621
11772 15841
11772 15384
4285 16976
4285 19674
4287 11920
11920 14083
4288 11352
4288 6903
4288 7354
4288 19326
12092 14627
12092 15505
12092 18646
4290 14919
4290 6652
4290 10564
4290 13138
4290 4453
4290 15050
4290 12939
6652 14108
6652 15418
10564 19323
10564 17392
4453 12877
4453 7120
4291 10647
4291 4612
4291 5154
4291 5936
10647 11377
10647 17605
10647 16469
10647 14918
4612 6920
4612 12570
4612 11402
4612 6750
5154 16941
5154 12485
5154 19734
5154 6431
4292 6269
4292 13026
4292 7210
4292 17110
6269 13953
6269 12067
13026 16761
13026 15028
7210 14657
7210 14156
4294 18999
4294 16801
13474 18747
13474 15683
13579 17889
18125 18595
18125 19607
4297 15148
4298 19354
4298 6782
4298 12601
4298 11886
4298 16229
12601 15032
11886 19757
4299 12202
4299 5659
4299 15207
4299 8638
4299 19787
9462 11115
12967 16579
13868 18351
15024 19164
6380 9538
6380 11432
6380 16797
6380 17000
6380 17188
6380 18216
4306 18679
4307 19196
4307 9034
16463 19272
7489 10149
7489 17499
7489 10949
7489 8494
4309 7672
4309 4547
4309 7223
7672 13257
7672 7704
7043 14385
9283 10936
9283 11258
9283 15791
9283 12703
11740 19702
13981 18279
7006 14330
7006 12867
7006 16427
6332 7899
6332 11015
6504 8610
4312 10090
4312 6061
6061 14260
6061 12280
4313 8545
4313 10017
4313 10451
4313 11041
4313 8586
8545 19223
8545 19345
8545 9652
10017 14381
10017 13753
10017 19792
10017 19336
10017 13408
10017 13021
10017 14503
10451 14367
10451 12160
10451 14601
14435 17473
14435 18687
14716 15777
15411 17066
15411 19807
4660 9114
4660 9389
4660 6518
4660 15449
4660 11462
10419 13374
10419 19401
4319 9406
9406 17988
9406 15201
4322 15777
13297 18105
4326 14407
4327 5492
4327 14844
4327 18727
4327 18919
5492 16208
5492 8650
4328 10519
4328 10863
4328 17831
10863 14013
10863 17618
12463 18539
12463 15973
12466 18225
4332 18496
4333 11218
4333 12309
15353 17163
15353 16892
4336 10063
4336 11639
4336 9471
4336 16592
4336 17810
4336 13659
4337 9019
4337 4807
4337 8835
9019 15159
4338 14816
4338 17127
4338 5271
4338 4823
4338 6097
5271 12237
6097 12919
6097 13017
6097 17264
4406 16088
4406 5329
11003 13706
11003 13953
11003 16037
11003 12740
16249 17977
16249 16437
4341 18951
4341 15765
8794 16696
4345 10327
4345 18242
4345 9052
4345 19999
4345 12019
4345 11829
12357 15446
8936 15247
8936 18298
5285 8590
5285 9660
5285 9378
5285 9624
16786 19182
4349 16120
4349 16773
16773 19277
16773 16837
4350 16892
4350 12628
4350 19572
4350 10382
4350 8895
10382 15638
6604 7572
6300 18144
6300 19033
6300 16130
6300 8615
16745 19325
4353 14257
4353 7464
4353 15531
4353 19612
4353 19834
12077 19936
15625 19936
4356 15047
4356 5923
4356 8587
4356 16646
4356 16451
15047 15131
5923 13199
5923 6881
8587 17193
8587 19778
8587 10181
16646 18343
16646 18246
4357 16818
4357 7157
4357 17481
4357 15328
4357 19354
4360 19185
4360 15808
4360 9046
4360 10452
13593 15305
13593 18491
13593 17304
4362 17390
4362 6661
4362 13357
4362 11554
4363 9522
4363 16992
4363 12757
4363 4982
9522 13136
9522 18514
16992 18816
12757 14894
4982 9652
4365 5967
4365 6782
4831 14419
4831 11989
7612 17163
7612 14177
7612 17551
7612 19762
7612 9909
4368 17881
4368 10120
4368 5288
4368 10013
4368 19775
4368 4698
4368 8365
10120 11319
10120 12346
4369 15152
4369 15307
4369 7269
4369 11020
4371 6612
4371 5137
4371 10899
4371 10527
4373 8304
4373 13425
8304 17264
5463 8161
9702 13575
9702 18124
4375 8646
4376 5702
4376 14090
4377 11441
4377 15724
4377 15124
11441 14107
11441 17552
15724 19203
15124 15174
5757 14891
5757 15380
4379 14824
4379 5657
4379 17180
6526 16122
6526 8499
6973 12531
6973 18745
6973 7214
6973 16765
4494 9810
4494 11944
4494 9544
4494 12388
4494 6790
4384 5241
4384 15708
4384 10767
4384 9868
10767 13583
4385 16056
4385 19966
4385 11680
4385 11966
4385 5184
16056 19029
11966 18695
11966 17771
4655 16601
4655 8936
4655 12615
4655 12777
4655 10304
4655 11150
4655 6828
10100 15699
8434 13367
8434 9648
8434 10632
12889 19027
12889 16768
12889 15227
12889 16996
4389 19298
4389 19250
4389 4417
4389 17359
15817 16790
5380 16206
5380 5687
10399 15028
10399 14363
15994 19871
15994 16920
4392 16772
4392 16275
4392 15174
4393 12554
4393 15267
4393 7878
15267 16884
4394 19888
4394 7236
4394 8912
8897 16876
8897 9108
8897 17225
4798 16799
4798 9011
4798 15888
4798 17909
5753 17880
5753 18561
5753 9654
5753 13130
5753 16999
5753 5845
4397 14853
4397 16710
4397 14556
14853 17916
4398 17238
4398 14907
4398 4983
4399 5739
4399 8387
4399 6625
8387 18608
8387 11060
6625 17816
6625 12820
6625 17294
4400 15964
4400 18989
4400 6571
18989 19698
11627 14303
11627 15629
11627 14685
4402 14947
4404 14204
4404 13225
4404 7743
14204 18073
4405 13428
4405 9845
4405 16122
16122 19118
5329 10038
5329 8349
5329 10155
5329 13531
5329 12672
5329 11225
8915 13093
8915 10615
8915 11444
8915 10092
7143 14532
4409 15734
4409 12662
4409 18554
4409 9089
4409 14972
15734 17147
4410 6816
4410 14907
4410 15171
4410 6798
4411 17019
4411 12241
4411 14318
4411 18903
4411 13645
17019 19163
17019 17388
12241 13889
12241 12998
12241 16363
13645 18963
13645 15580
4414 10233
10233 13894
10233 17303
10233 15347
10233 18668
6762 7933
15229 15781
15229 17887
9464 9644
9464 18106
9464 15176
18867 19310
14219 15646
14219 19801
14219 16322
11029 19911
11029 18014
11029 14605
4419 12329
4419 4645
12329 19553
10671 11900
10671 10876
7194 17720
7194 15527
7194 14344
7194 7432
15133 17173
15133 17183
5016 6786
5016 7943
5016 17342
5016 14942
5016 8560
5016 19402
4422 14805
4422 9420
4422 9861
9420 18218
9861 13829
4423 7405
4423 5265
7953 18542
14113 15280
4428 9191
7482 10316
7482 15773
7482 18650
7482 7975
7482 16273
7552 19509
7552 9691
7552 19574
7552 15548
4430 5031
4430 12557
4430 8144
4430 17258
4431 6716
4431 6386
4431 14043
17594 19477
17594 18363
17594 18554
10755 13818
10755 13304
5606 12938
5606 8861
5606 12652
12844 19889
10695 19731
17645 18976
7781 8323
7781 11711
7781 11381
7781 10239
18458 18793
16279 17941
10711 16790
12524 18550
12524 17089
9426 12893
6435 15611
6171 12753
8050 10539
8050 18306
11421 16396
4448 18599
4450 14592
4450 18682
4450 6496
4450 13679
4450 5191
4450 11041
4450 8697
4452 10895
4452 11592
4452 18735
4452 6302
10895 16454
10895 16460
15167 15541
4459 11881
4459 19408
4459 17545
4459 7212
4459 12860
4459 17282
4459 15931
4459 7682
8138 15899
8138 12448
4462 8349
4462 19462
4462 13125
4462 4953
4462 13388
18987 19840
4465 19457
4465 17592
4465 15609
11118 18299
11118 13808
8264 12150
8264 14509
8264 9059
8264 13234
17832 19994
4468 10758
4468 11585
4468 12875
4468 12796
10758 19374
10758 19234
10758 10950
10758 12514
10758 12833
10758 14692
12796 19928
12796 16649
4470 19458
4470 11260
4470 12168
11260 17265
11260 16171
4471 8047
4471 14826
8047 10740
8047 14132
8047 13403
18415 19725
6364 10831
6364 18814
6364 14522
6364 19559
15693 19979
5500 13817
5500 16177
5500 6214
5500 11941
4477 15881
4477 19137
4479 11349
4479 18743
4479 17018
4480 12662
4481 7347
4481 9980
4481 5063
4481 5319
4481 11403
7347 12080
7347 14083
7347 15072
7347 18677
5063 9912
5063 6013
5063 13621
5063 13775
5063 8382
17035 17349
17035 19210
17035 17822
14664 16524
15760 17083
4489 10038
4489 17891
4489 15635
4489 16862
4489 4680
4489 19711
4490 7135
7135 17283
4491 16818
7436 15507
7436 19366
4493 14741
4493 7701
8965 16105
8965 9680
8965 15093
8965 15486
8965 12146
4498 14500
4498 12625
4498 14181
14500 15852
14500 19481
10689 12516
10689 15865
10689 15753
10689 11358
4500 19895
4500 16032
4500 8509
4500 10570
8509 17003
6945 17444
6945 18280
6945 13144
6945 18688
8077 11697
18738 18768
7705 15890
7705 13378
4502 15553
4503 16578
4503 14739
4503 17650
4503 18889
4503 5104
14739 19209
7910 9989
7910 9801
7910 12989
5691 5887
5691 10063
4505 11482
4505 4766
4505 10777
11482 13410
11482 17050
11482 18729
4507 12259
4507 12000
4507 12042
12259 17842
12000 14240
12000 15663
4513 11733
4513 10418
4513 18944
4513 11200
10418 14628
10418 17561
10418 16670
10418 14355
10418 19599
4514 9316
4514 4517
4514 10739
4514 10621
4514 17343
12065 12875
12065 18873
8067 15098
8067 16610
8067 15181
8067 17325
9487 12339
9487 19878
9487 18921
9487 11980
9599 18835
9599 19994
4520 19849
4520 13820
7096 11443
7096 14394
7096 10983
4522 6919
4522 15614
4522 18618
4522 11071
4522 11032
6919 17734
6919 18104
6919 11726
4523 19861
4523 13160
4523 14377
4523 13636
4523 13382
4523 7627
4523 7099
14377 15975
14377 19171
14377 15232
7099 8147
17994 19143
18356 18794
18356 18463
5426 10485
5426 11584
5426 14132
4525 14976
4525 16953
4525 19785
6691 12670
6691 9900
7506 9316
7506 8486
8024 10443
8024 19274
8024 8265
4530 7928
4530 8942
4530 14321
14321 19133
14321 17233
14321 19304
4534 6927
4534 17447
4534 10483
4534 5608
4534 19299
6927 17199
6927 14627
6927 16470
5608 15993
5608 18801
4609 8857
4609 4904
4609 18722
10706 16464
4537 5990
4537 17063
4537 15072
4537 7302
4537 17333
4537 7624
4537 8134
4537 19256
17063 19602
15072 17347
7624 13186
7624 8570
8134 13293
8134 10330
19256 19947
5245 15107
5245 11720
4960 9976
4960 6324
4960 7882
4960 7878
9607 15491
10092 12202
10092 17478
10092 18771
10092 15956
10092 14564
5127 17762
5127 19249
5127 7713
5127 10313
5127 5536
15004 16763
6259 11471
6259 19009
6259 13447
6259 15370
6259 11951
6259 10776
6259 14121
6259 13877
6259 8239
4548 17826
4548 11195
15656 16456
15656 19959
4552 8992
4553 11427
4553 6687
6687 13061
4554 4725
4554 17076
4554 15280
4554 14124
15280 16910
15280 19605
4555 10905
4555 18835
4555 13438
4555 13568
4555 5841
4556 5019
4556 13980
4556 10930
4556 7647
5019 15452
5019 5330
10930 11123
7647 10201
7647 13118
7647 8664
7647 16606
4557 8897
4557 6744
4557 18228
6744 17617
6744 10869
6744 17946
6744 7609
4558 12023
4558 18757
4558 11381
4558 16558
4558 18034
4558 18266
16558 19916
15458 16982
15458 17580
4561 7329
4561 4667
4667 8022
4667 16238
4667 10550
4562 18033
4562 16154
4562 11423
4562 12450
16154 19887
11423 11821
11423 15676
9173 15076
9173 17789
7512 9623
7512 13015
9772 13598
13541 16664
13541 14426
12903 13873
12903 18710
6674 9427
6674 13842
11228 12985
4572 16851
4572 7930
4572 10489
4572 19288
4572 13260
7930 13631
15370 19808
15370 16711
4804 18954
4804 12096
4804 15890
4804 4849
6254 10893
6254 18474
6254 18020
7260 10688
7260 15145
10563 11371
4578 7893
4578 8643
4578 11559
4578 12711
4578 12363
8643 18440
8643 18824
8643 11205
12711 13997
12711 12990
12711 14769
12363 15019
9239 10998
9239 10540
18362 19623
8565 11612
8565 12229
8565 19046
10995 11414
13451 17608
13451 18787
4584 13393
4584 8461
4584 18675
4585 16772
4585 10906
10906 12878
9400 12928
9400 9966
9400 15163
17104 19545
12678 19550
4590 12319
4590 11730
10502 15469
10502 18980
15068 17111
9965 15684
9965 19696
9965 18812
9965 19272
9965 18229
6142 7728
4594 9403
4594 14179
4594 15847
15847 18350
15847 17213
16768 19759
9402 12232
9402 14721
9402 13693
9402 17816
6301 15009
6301 13875
4711 10785
4711 18528
4711 19813
4597 9488
4597 7921
4597 17048
4597 14973
14973 18709
14973 17181
6646 16309
6646 8859
6224 8702
6224 8859
12104 18171
12104 19869
6970 18663
6970 18453
6970 14035
18323 18591
11077 17550
4602 13448
4602 14690
14690 16585
4604 18031
4604 14172
4604 8656
4604 16302
4604 7705
4604 12585
14172 18089
5114 9196
5114 11131
5114 12343
6455 7921
6455 15992
6455 18160
10261 19171
10261 10593
5462 8037
5462 9021
4904 16887
4904 17909
4904 10137
4610 16413
13642 14211
11402 15531
4614 7620
4614 12498
4614 19494
4614 16970
4614 5442
5442 15282
5442 18630
5040 10035
5040 18446
5040 14194
5040 6831
5040 5988
4616 18512
4616 5130
4616 14486
4616 10139
4616 9716
4616 17466
9716 19494
17466 17732
4618 14765
4618 5758
8295 15323
8295 11743
8295 13264
4620 10228
4620 14455
4620 19230
4620 8041
14455 16384
14455 15784
8041 10434
10162 14479
10162 13700
4622 8131
4622 11366
4622 5012
4622 6851
4622 8239
11366 17574
11366 13717
4623 12467
4623 8078
4623 10999
4623 16444
12467 13699
16444 16473
16444 16636
4624 19188
4624 18304
4624 16608
4624 7587
18304 19365
7587 9783
7587 12156
4625 15839
15839 19701
4627 4819
4627 13142
4627 4712
4819 6161
4819 12644
4819 11016
4819 14613
13142 16258
13649 19945
13649 16363
13649 18837
4872 5178
4872 12871
7694 11221
7694 12123
7694 15366
7694 13315
7694 18218
4631 7399
6765 16095
4634 8455
4634 13529
13529 16887
13529 17769
13529 15413
13529 14913
9120 13579
9120 14631
5981 7333
7231 14264
7231 11431
7231 17613
7231 14986
5482 12081
5482 7544
5482 8587
5482 11108
5482 17949
15993 19948
6382 12941
6382 10843
9210 19380
9210 17942
9210 11072
9075 18326
7560 11918
7560 8232
8224 15149
11406 11933
11406 15765
11406 19078
15397 18200
4651 11545
4651 13340
4651 6934
4652 14917
4652 12801
4652 18684
14917 16601
14917 16012
4653 7298
4653 15613
10459 15301
10459 17223
10459 13755
10459 18539
10459 17074
14243 15548
14243 15231
4656 10333
4656 11863
4656 16623
4656 6437
10333 12665
10333 16411
11863 12771
11863 18097
11863 17636
11863 14078
5287 9301
5287 7300
5287 11982
5287 7981
5287 9204
18708 19782
4658 19747
4658 10275
4658 13723
6272 12239
6272 17049
6272 6379
6272 9165
6272 17171
6272 10118
15287 19035
16951 18425
9114 11457
9114 11624
15449 15676
11462 13077
11462 18466
11462 18111
11051 18591
9433 17390
9433 10055
9433 19460
7935 12410
4664 10384
4664 15505
4665 10488
10488 13815
10488 12766
4666 10825
4666 14140
8022 10820
8022 9213
8022 8841
8022 17826
16238 16459
4668 16695
4668 13464
18670 19333
18670 19279
12807 13484
12807 16488
4673 5889
5889 11308
4897 19308
4897 13987
4897 17350
4897 7763
4897 11349
4897 9647
4897 15324
4897 7549
9172 18719
9172 15171
9391 13573
9391 19267
9391 16293
9391 19832
17581 18244
11985 12075
18036 19434
5820 12753
5820 6741
5820 8185
4679 17989
4679 5990
4679 13585
4679 14534
5044 13399
5044 18436
5044 17690
5044 6899
11812 13461
11812 12805
4684 19670
4684 14428
4684 6385
4684 15454
4684 12175
4684 6319
6319 14095
6319 8350
6319 14573
6319 19490
6319 13970
4685 5639
4685 14502
4685 13888
14502 19464
5527 11065
5527 11751
5527 5798
4689 6048
4689 19927
4689 6868
4690 16424
4690 7654
4690 15615
4690 13574
4690 10512
4690 17965
15615 16156
15615 17305
10512 14824
10512 12179
10512 17657
10512 12048
6953 12324
6953 10494
6953 10484
6953 15417
4693 15800
4693 17053
4693 13731
13731 14228
11958 17527
11958 17178
11958 13492
4696 8965
4696 12984
4696 10051
4696 19782
10051 16155
4697 14835
10116 14044
10116 17921
10116 12106
8090 11131
8481 8620
8481 19072
8481 12083
12078 19295
12078 13521
4703 6399
4703 7999
4703 17209
4703 13381
13381 15074
13381 14598
13381 17347
4704 16860
4704 11072
4704 8269
4704 13929
10346 10696
10346 14446
10346 12879
4706 17572
4706 14380
4706 15137
4706 7252
7252 18025
7252 15653
5129 11914
5129 18206
5129 13044
5133 8395
4710 10151
4710 6783
4710 10369
4710 13454
4710 10663
4710 14126
6897 11052
6897 14923
6897 19549
12598 17588
12598 18108
17129 17665
4713 18140
5461 10567
5461 6150
5461 15491
5461 16427
5461 15692
8060 16135
17896 19797
16703 18464
4718 18147
4718 9590
9590 19622
9590 19205
15843 16136
15843 19041
9624 11256
7400 19699
7400 8064
7400 16769
7400 10136
4722 7199
7199 16401
7199 16463
4723 6497
4723 4831
4723 11233
6497 12665
6497 15983
6497 15645
11233 16151
11233 16153
11233 14308
11233 15644
6149 7141
6149 12499
6149 9725
6149 12133
5332 15124
5332 11892
5332 9353
12832 19652
12832 17357
12832 19539
4726 15679
4726 11517
4726 15684
4726 11939
17694 17830
4729 8055
4729 12795
4729 14029
12795 13600
12795 17392
12795 19093
12795 13836
11711 16133
11711 12612
5307 16525
5307 7966
5307 7156
5307 6520
5307 7646
4735 11459
4735 16888
4735 19530
4736 15832
4736 19396
4736 12197
15832 18281
10890 16014
10890 10982
10890 17907
10890 11004
4938 11467
4938 5669
4938 10444
4938 8136
4938 11452
4739 14016
6136 18878
6136 7677
4886 12582
4886 16743
4886 7711
4886 7478
4741 15174
4742 18545
4742 8658
4742 19943
4742 7596
4742 12010
7596 11284
7596 17473
7596 19676
7596 8901
4743 19570
4743 7196
4743 14550
7196 19792
14550 16165
4744 9057
4744 17860
4744 5891
9057 12386
9057 13812
9057 13038
4745 16929
4745 19127
19127 19436
15928 16049
4747 16045
4747 7900
4747 8433
7900 14175
7900 14934
7900 9432
7900 13668
8433 14401
8433 8898
4748 8010
4748 7102
4748 11644
4748 13660
8010 18875
8010 11228
8010 11856
13660 19286
5456 15214
5456 12518
5456 7265
5456 18853
4750 18274
4750 16665
4750 5842
4750 19029
4750 8683
16665 18454
16665 18819
5842 12719
5842 14196
5842 14151
5842 19605
5842 12987
5842 8541
5842 14320
8918 9250
8918 13742
6233 7151
6233 16557
6233 19466
4754 14531
4754 12632
4754 19291
4754 5540
4754 14384
8505 18665
19118 19268
6433 10295
11707 14914
10236 16257
10236 10656
4759 4946
4759 11425
4946 6324
4946 16772
4760 19699
4760 19596
4760 19580
4760 17511
5931 7175
5931 12943
5931 12787
4763 13894
4763 9098
4763 12938
4763 14330
12938 14122
12938 18225
4764 19030
4764 8416
4764 12026
4764 16754
4764 14790
14790 17358
4765 19865
4765 17365
4765 17935
4765 5113
5113 15796
4767 10108
4767 10774
4767 7603
9358 19151
4770 18118
4770 13185
4770 15917
4770 8761
4770 17848
15917 17184
8761 15546
13476 15310
13476 19753
13476 16862
4772 12459
4772 17624
4773 9013
4773 10892
4773 8534
4773 6096
4773 17941
4773 14349
17941 18123
14349 17863
14349 19978
4774 19545
4774 19057
4774 11990
9265 13457
9265 11266
16147 18780
14955 19323
14955 16206
14955 19622
4776 11725
4776 11570
4777 10583
16418 18081
7562 15735
7562 16569
7562 10151
15040 19552
15040 16601
15040 15388
12123 17610
5737 18623
5737 14008
5737 15495
9785 15292
5349 13277
5349 13504
5349 12685
9807 11816
9807 10263
4784 13727
4784 16969
4784 9819
4784 19393
4784 16367
4784 14054
5526 19754
5526 11738
5526 10902
6529 17351
6529 12254
6529 13197
6529 15497
6529 16240
15409 16766
15409 18698
4788 10489
4788 11420
4788 16912
17916 19736
19017 19512
19017 19115
14679 19755
7040 15881
7040 18445
7040 19200
7040 13632
16809 18001
16809 19241
16809 19396
12243 13983
12243 15449
9357 10318
9357 18526
9357 10109
9357 10496
9357 14342
9357 17673
9357 17063
13535 18684
4868 9978
4868 12661
4868 6802
4868 7381
6117 9013
6117 14208
6117 11782
6117 12272
8975 19760
8975 19390
12544 13937
4796 5328
4797 8681
4797 10624
4797 12515
4797 16400
4799 13263
4799 17266
4799 8991
4799 16236
16236 19449
5766 7614
5766 6489
5766 18684
4802 16626
4802 5973
4849 8765
4849 11628
12740 15317
15401 18167
5971 8934
5971 6588
5971 18114
12269 18567
12269 14599
4809 19524
4811 11269
4811 15905
4811 8153
4811 6867
6867 15036
6867 16395
4812 15872
4812 6531
4812 8062
4812 17138
5808 6222
5808 6082
5808 5818
13626 14866
13626 16989
4818 8539
4818 8699
4818 16702
4818 12814
12814 13784
12814 15044
14613 17880
4820 14750
4821 19717
4821 13684
4821 7052
4821 18854
13684 18301
4822 13404
4822 15204
15204 17151
17013 19109
17013 18542
16582 19061
16582 19224
4824 15035
4824 6679
4824 11733
4824 12282
4824 18292
4824 18246
12282 16524
12112 13417
12112 14216
12112 17100
8480 10867
8480 18228
8480 12850
4827 15809
4827 16863
7314 8055
7314 11242
7314 14622
7314 9198
4829 10168
4829 18866
6511 16080
6511 16528
6511 10402
6511 14395
14715 17266
11989 13696
11989 14709
11989 18023
4832 17318
4832 9913
4832 14455
4832 9934
4832 10085
10085 15033
10085 17620
4833 9993
4833 19232
4833 13587
4833 8180
4833 9877
13587 13688
13587 18694
7453 10287
7453 12573
10202 18259
9423 11168
9423 10013
9423 14799
9423 15752
4837 11350
4837 18789
4837 18072
4837 12813
4837 16745
11350 13264
11350 15797
12813 19937
12813 15213
4839 9597
4839 13194
4840 19213
4840 16159
4840 7206
4840 13527
4841 10840
4841 18812
4841 8287
4845 14443
4845 16824
4845 10434
4845 13697
4845 6210
10434 13075
17153 19850
15611 19055
10696 18603
10696 14637
10696 14498
9325 18283
9325 11213
15320 19564
15583 16357
11628 18769
11628 12201
16430 19299
16430 18468
4853 11546
4853 12109
4853 10078
11546 16704
11546 13226
12109 15445
4854 6494
4854 6403
4854 13798
6403 13079
6403 16025
6403 14242
6403 18029
13798 18369
13798 18581
13798 16590
13798 14324
13798 19610
4855 8054
4855 5209
4855 16639
5209 17985
5209 13649
4857 6328
4857 9879
4857 18366
4858 9683
4858 4932
4858 18529
9683 18939
9683 14033
9683 10260
9683 17788
4932 17173
4932 5102
4932 13942
4932 9210
4859 17523
4859 6740
4859 11738
4859 4981
4859 8330
4981 18877
4981 13078
4861 19163
4861 13226
4861 8916
19163 19871
4864 12970
4864 13504
11101 17098
13005 16033
15341 18053
7381 14145
7381 19154
7381 9951
7381 19733
7381 16375
4869 17247
4869 16573
4869 16916
4869 13202
4869 11385
16916 17796
4870 5311
4870 14756
4870 19815
4870 14848
4870 8286
14848 18524
8286 12689
4871 11430
4871 12996
4871 14806
7869 14870
7869 10119
7869 12934
7869 9989
4889 7083
4889 7602
4889 9950
4875 16248
4875 17188
4875 13104
4875 17439
4875 14224
13104 13495
4876 5670
4876 12765
4876 15892
12765 18109
12765 18898
12765 16582
16431 17459
16431 16476
10888 16943
10888 14544
10888 15967
10888 11586
10888 17928
4883 17542
4883 8818
4883 19538
8818 15843
7547 10106
7547 12332
7547 11912
9020 19307
9020 11114
9020 14892
9020 16904
6258 10242
6258 17379
6258 7283
5217 14046
12898 16215
12898 16440
7763 9541
7763 15091
9647 12949
9647 17444
4898 15979
11174 13065
11174 18429
11174 18873
11174 13889
9443 16430
9443 17686
7888 17442
7888 9352
10137 12535
4906 12964
4906 17893
4906 16884
5199 8650
5199 8215
5199 16744
5199 10696
10872 12243
10872 11743
10872 17012
10872 15673
10872 19747
10872 15982
10872 18752
4908 19247
4908 5744
4908 9321
4908 13169
4908 15158
9321 11197
9603 15931
9603 11935
5655 19221
5655 13403
5655 12286
5655 10702
5655 6710
5955 17672
5955 17664
5955 17383
13488 15617
13488 14560
13488 17648
11864 19870
11864 18150
11864 12231
17341 18124
17341 18152
17341 17682
4916 14684
4916 12964
4916 14059
4916 10865
4916 10945
10945 12266
10945 13391
4918 18813
4918 6502
4920 9108
4920 15568
4920 7645
4920 11019
4920 14627
4920 14599
9108 19260
9108 17821
9108 16699
15568 17005
14627 17677
14599 19790
4921 9192
4921 12652
9192 9998
9192 13170
12652 17323
12652 19988
12652 14867
4923 10542
4923 12017
4923 8251
4923 9636
9636 19028
9636 10923
9636 10258
9636 14096
9636 17773
9636 13374
4924 14189
4924 6496
4925 12758
4925 14448
12758 18210
15163 19382
15506 15861
15506 19285
4929 10080
4929 10439
16177 19131
13307 19801
13307 15800
13307 16271
13307 14778
17173 18520
5102 19380
5102 16766
4933 16144
4933 12810
4934 12719
4934 12389
4934 5886
4934 17834
4935 7917
4935 14112
4935 6805
4935 15877
4935 16097
16097 18491
13758 14584
13758 13839
10444 19780
8136 8465
8136 10679
8136 16190
8136 16186
11452 13345
16268 19355
16030 18774
15715 17207
7942 16050
10934 13283
10934 14906
15576 18734
4942 8027
4942 8991
4942 17449
4942 19954
17449 19887
4943 12537
4943 16801
4943 11020
4943 17102
9567 9644
9567 17877
4949 15690
4949 12338
12361 18799
19283 19970
12992 19446
4955 9025
4955 5135
4956 18918
4956 14800
4956 6078
4956 15734
4956 6814
16333 19980
16333 18335
16333 19981
4958 18677
4958 10021
4958 15207
4958 15185
4958 17283
4958 15542
10021 19220
10021 11267
10021 18969
15542 16470
4959 7665
4959 5328
4959 7902
4959 5215
4959 11727
4959 6048
7665 12588
7665 10143
7665 17588
7665 16245
5215 15239
5215 13567
5215 13168
5215 19527
9976 11360
9976 17712
9976 13812
7882 8982
7882 18852
7882 10595
4961 9781
4961 11321
4961 13109
4961 8742
4961 6611
4961 16792
11321 14200
4962 15459
4962 19143
4962 11554
4962 19813
4962 5474
4962 16382
4962 19446
4962 6085
15459 17157
15459 16027
5474 13237
5474 19782
15335 16838
8789 15002
8789 10544
8789 16453
4965 18126
4965 5207
4965 7436
4965 8604
4965 17870
4965 18524
8604 17358
8604 11650
8604 14852
6032 9552
6032 9489
6032 16167
6032 6602
6032 15941
6729 8523
6729 15028
6729 17402
4969 13551
4969 9021
4969 5779
4969 9361
13551 15842
11575 16175
11575 11634
15574 17839
15574 19103
15574 19602
4971 7607
4971 17815
4971 10830
4971 6038
4971 12052
10830 12804
4973 6097
4973 9713
4973 12858
4973 7036
4973 18177
4973 15494
12858 15620
12858 18949
12858 19605
7036 15310
7036 16998
4974 18543
4974 19682
4974 13913
7345 16538
16978 19729
13907 16163
13907 17184
4980 8779
4980 11754
4980 17123
10896 19755
6339 17040
6339 8613
4986 13067
4986 18397
13067 16809
5848 12044
5848 6426
5848 8496
5848 10788
5848 13213
5848 13802
5848 15434
4990 7955
4991 10901
4991 19779
4991 12316
17678 19110
7502 19375
4996 11664
4996 18527
4996 7835
4996 6332
4996 17375
4996 19088
4996 6587
4996 6234
4996 10908
10908 19763
10908 15640
14551 18463
4998 7336
4999 8254
4999 16553
4999 15384
4999 19164
5001 9139
5001 9806
5001 17154
5117 12950
5117 11984
5117 9238
5003 13760
5004 15653
5004 13682
5004 14635
15653 17893
6128 10479
6128 19383
5008 11991
5008 12913
5008 13867
5011 17977
5011 14253
5011 16555
5011 18328
5011 10428
5011 13660
14253 17381
10428 14492
10428 17348
5013 12311
5013 15899
12311 18182
9763 17431
9763 11556
5017 13291
5017 13806
5017 13718
13806 19989
13806 14728
13718 17695
13718 19594
5330 5633
5330 9787
5330 13617
5330 10023
5330 17664
5330 12053
5330 12786
7526 18663
7526 9074
7526 19169
7526 17699
5022 13905
5022 18189
5022 10213
5022 19356
5022 15951
10213 19331
10213 11443
10213 18099
10213 11157
5023 8207
5023 7695
5023 13880
13880 19908
5024 9378
5024 11853
5025 7677
5025 19356
7677 8456
7677 13814
7677 7946
7677 19237
7677 17667
13457 17186
13457 15927
17686 19492
17686 18126
8332 11420
8332 19686
5032 15007
5032 7797
5032 19299
5037 10601
10601 16618
10601 16029
5038 13391
5038 15753
5038 6284
5038 15182
13391 13719
15753 16449
5039 19483
5039 19071
10035 10285
5041 6588
5041 13961
10719 14185
10719 13822
5043 19026
5043 15895
17690 19436
17690 18937
5045 6655
5045 15522
5045 11204
5045 18744
6655 8908
8135 15029
8756 9174
8756 10789
5797 16242
5797 18673
5049 16057
5049 17705
5049 14953
5049 18118
17705 17749
17705 19460
5051 16691
5051 10440
15650 19537
12429 13783
12429 17269
12429 12569
12429 17343
5054 15094
5054 16425
5054 17942
5054 7169
5055 13912
5055 8751
5056 15237
9886 15097
5060 9980
6392 14649
6392 17121
5062 8755
5062 18402
5062 14481
5062 19784
5062 16412
8755 11367
8755 9192
6013 15464
6013 18659
6013 6472
13775 19624
13775 17171
19191 19664
19642 19686
5065 15368
5066 12186
5066 7211
12186 16488
12186 14680
7211 8955
7211 18084
5067 5516
5067 13647
5067 7582
5067 18766
5067 15017
5516 12473
5516 15217
5516 18863
5516 5758
5516 9217
7582 14731
15017 16289
15017 18796
5068 15686
5068 13408
5068 15498
5068 8047
5068 16111
15686 17317
15686 18291
15686 17257
11139 13408
11139 16639
5071 17807
5071 6713
5071 5756
5071 17789
6713 11462
6713 8447
6713 18198
6713 14426
6713 10946
17789 19495
17789 18504
5072 19709
5072 10738
5072 6438
5072 10372
5072 7149
10738 19481
10738 12562
10372 16406
7149 8629
7149 9424
7149 10270
7149 18896
7149 16043
13794 15915
5074 19612
5074 9983
5074 17053
5076 6652
12196 18010
5189 18674
12561 13269
12561 15139
12561 12862
5085 5255
5255 18217
5255 8982
5255 18575
5086 19125
5086 17794
5086 17988
5086 6008
5086 7905
5086 5476
5567 16417
5089 7648
5089 10251
5089 10327
5090 19114
5090 10119
5092 15339
5092 12143
5092 5286
5092 9083
15339 15737
12143 18946
12143 14158
5286 5568
5286 7939
5286 6250
5286 16643
9083 11012
9083 16826
5093 5862
5862 19235
5862 17328
5862 18714
7008 13283
7008 15406
7008 9323
12025 17759
12025 13546
7264 18711
5701 18775
5701 17736
5701 14947
5701 10298
5701 12229
5701 9839
5701 16633
5701 19299
7418 17257
7418 17613
7418 15748
7418 18264
5100 16372
5100 17701
5100 15279
5100 17798
16372 19669
16372 16648
15279 15952
15279 15307
16766 18099
5103 9231
5103 5973
5103 9282
5103 16237
5103 8444
5103 19486
9282 13904
9282 17301
9282 19767
8444 13079
8444 11317
8444 12981
5107 10545
5107 7312
5108 17623
5108 15243
5108 8542
5108 12559
15243 16776
12559 19878
5109 17009
5110 14234
5110 18646
5111 16491
5111 5389
5111 15374
5111 18957
5389 18413
5389 18085
15374 16053
15374 17209
15796 18789
15796 17334
15796 18155
11131 12582
12343 17109
14574 17705
14574 15822
5169 11382
5169 18928
5119 14792
5119 12529
5119 18757
5119 8393
5119 13834
8393 15017
8393 15081
8393 12883
13834 14636
13834 15813
13834 18004
5120 9981
5120 19551
5120 18034
5121 19801
5121 18969
5121 12677
5121 9499
5121 5545
5121 10821
5121 8680
8680 10657
8680 17286
5122 19584
5122 17625
6906 16338
6906 16297
6906 15072
6906 10813
6906 8570
5124 9039
5125 7375
5125 10623
5126 8845
5126 5243
5243 16715
5243 15552
5243 5648
17762 18144
17762 19698
10313 10714
11451 13989
11451 18905
11914 13062
10141 15452
10141 17193
10141 19636
10141 16963
15534 16086
15534 17380
5132 7341
5132 12316
5132 11009
5132 10233
5132 19373
11009 12129
11009 11921
11009 12149
11009 14596
8395 14283
8395 19752
5138 19143
5138 10854
5138 13271
5138 8775
5138 13487
10854 13529
10854 16927
13271 19072
13271 16049
5140 19577
5140 14113
5140 19130
19130 19193
7004 15436
7004 15760
5142 17956
5142 15269
5143 15838
5143 11645
5143 11012
5143 15237
15838 16063
11645 19114
11645 17592
11645 16510
11012 12353
5145 8492
5145 5179
5145 16106
5145 8543
5145 16677
8543 19335
8543 11505
18054 18793
8747 10748
8747 9378
8747 18099
8747 16867
8747 11884
8747 13795
5218 18227
5218 14258
5218 14499
5673 19216
5673 7275
8335 10075
14226 17389
14226 14488
14226 15206
14226 18748
5150 19775
5150 8653
5150 19043
5150 11224
5150 6619
8653 19803
12779 16852
5155 7834
5155 14650
14650 17078
14650 15849
5156 17232
5156 10351
5156 18647
5156 9940
17232 18235
18647 18809
12602 18853
12602 18537
7940 18602
5158 5603
5158 18501
5159 6700
5159 18449
5159 18343
5159 10916
5159 8107
5161 19346
5161 14951
14951 15008
5163 12897
5163 6006
5163 15710
5163 15392
5163 17973
12897 15009
15392 16575
15392 16743
5164 7870
16322 18606
10539 19891
11060 17407
11060 13629
5170 14459
5170 6613
6613 12255
6613 9607
6613 18699
6971 18220
6971 8789
6971 15130
6971 15735
9737 13480
9737 15393
5174 14101
12842 14831
11773 19810
11773 17139
18203 18814
5236 10855
9900 19880
12957 16808
8931 14225
8931 18341
8931 12326
8931 18483
7993 8790
7993 15101
7584 13510
7584 16227
7584 19137
7584 12710
7584 17460
7584 18801
13000 19160
13000 18484
8454 9416
8454 18000
8454 19679
8454 16412
5187 14787
5187 16176
5187 10166
5187 8464
5187 17352
10166 17761
10166 14016
10166 12891
5188 14567
5188 10619
10619 18720
10619 11730
10619 19246
10619 17270
10619 16996
10691 16635
8844 9494
8844 12458
8844 17759
8844 15461
6565 15193
6565 19426
10608 18346
10608 13003
9881 12463
9881 17605
5194 17110
5194 17602
5194 18070
9888 10500
9888 18231
9888 19644
9888 11812
12047 16984
6443 7146
8388 15787
8388 15489
8388 18182
15733 16967
15733 17128
15733 15861
15801 17385
12768 19765
12768 13199
13200 18474
13200 14681
13200 16542
13200 13242
13200 18392
8650 15308
16744 17153
14735 19800
5565 12390
5565 9469
5204 6450
5204 11771
5204 19734
5204 10607
6450 8180
9914 13380
9914 13675
9914 18693
9914 19950
9533 14419
9533 10645
10191 17111
6005 16906
6005 10219
6005 10114
6005 9521
11701 16329
11701 16323
5212 11397
5212 6103
6043 9504
6043 16226
6043 11548
6043 6795
6043 16252
13168 14814
10383 15847
10383 14784
10383 14800
10383 15525
10383 15757
14046 16890
5219 16408
5219 19431
5219 11050
5219 10384
16426 16979
9795 17926
9795 14539
9795 16419
9795 10675
9277 15078
9277 11717
9277 13438
9277 13226
8422 14168
8422 19114
8422 19044
5225 13905
5225 7220
5225 11339
7220 7647
7220 10667
11339 11988
11339 17074
14324 16440
14324 16913
14324 18064
9744 12167
9744 15648
9744 10299
9744 10747
9744 16068
9744 13463
9754 11541
18741 18841
18741 19728
16040 16220
16040 18026
11296 19990
11296 11618
13594 17371
5232 18746
5232 9635
5235 17555
5235 16076
5235 7388
5235 12187
5235 12905
10855 13407
10855 15385
7505 17031
7505 15640
8610 14731
10044 13858
10044 19090
5242 12790
5242 15212
5242 7509
5242 6797
12790 19139
12790 19612
12790 17261
11720 13407
11720 19551
11720 16233
11720 19155
10886 17031
5247 13703
5247 10100
5247 15560
5249 17564
5249 5836
5251 14716
5251 6857
5252 8490
5252 17276
5252 16743
5252 11117
5252 19528
5252 10436
17276 17961
10099 13194
10099 18457
14192 15200
14192 15905
14192 18622
14192 16071
15806 16661
16963 18934
18575 19927
5260 7293
7293 7731
11136 13530
11136 12168
11136 16649
12692 14799
12692 14247
12692 18745
7266 7492
7266 12440
7266 12760
13972 15499
6252 6306
6252 16560
6252 8432
6252 18448
5267 5959
5268 16098
5268 11278
5270 19042
5270 6203
5270 6008
6203 13777
6203 18956
7078 9588
7078 12443
6019 8827
6019 6652
6019 11944
6019 12690
6508 18189
6118 11983
6118 16165
6118 11289
6118 18699
5280 19978
5280 19461
5280 8930
5280 10321
10321 15411
10321 11175
10321 12084
5282 18134
5282 11026
5282 9821
9821 10614
9821 11465
5283 18662
5283 15061
16643 17291
16643 17053
16643 17722
16643 17102
9301 11476
9301 12806
7300 7447
7300 19585
9204 13516
9204 18691
5289 13679
5289 9914
5289 15846
5289 19717
5289 12519
15846 16288
12519 15334
12519 18982
5290 11792
5290 5443
5290 15157
5290 12290
11792 16545
5443 12241
5443 6511
5443 9430
15157 18547
15157 18211
12290 17553
9252 12175
9252 15872
9252 18250
5292 18198
7812 9643
7812 10478
9234 14753
9234 16460
9234 16707
9234 17998
17770 19487
12353 14519
5295 13997
5296 15377
8467 12457
8467 10809
5300 11845
5300 11744
5300 15437
5300 13598
5300 16983
11845 14992
11845 17939
15437 19994
15437 17169
10975 19346
10975 19799
13364 19941
13364 14300
13364 17203
8864 10226
8864 16759
10248 13388
5303 10859
5303 11482
5303 12431
5303 10430
5303 16224
10430 14643
12335 15194
12335 19912
5306 14493
5306 8574
5306 18019
14493 18791
14493 17780
14493 16246
14493 18483
6520 15787
6520 17021
5309 11661
5309 7562
11661 14967
11661 19920
11661 12944
5310 18948
18948 19682
16374 18333
5312 11550
5312 14792
17562 18980
5314 14401
12541 16093
12739 17557
12739 19084
12739 15646
9979 12768
14269 16540
9756 15144
9756 17488
9756 10100
10851 11771
10851 14308
10851 15907
5322 14122
5377 16838
7777 16628
7777 15216
7777 19525
9757 12714
9757 16459
14923 17868
12672 15290
12672 18593
12672 13121
12672 19848
12672 12674
12672 17470
12672 19286
12672 15574
12053 19663
12053 19393
12053 15843
12786 13966
12786 14918
11892 18750
9353 19737
9353 12867
9353 18172
9353 14248
9353 12390
7876 18938
7876 12437
6626 17783
6626 12098
6626 17677
6626 15416
5336 10054
5336 5623
10054 10397
10054 11835
5337 15327
5337 8034
14004 14899
12378 14101
12378 19904
13892 17631
13892 14884
13892 17958
10198 13093
14719 17360
14719 16166
11312 12292
11312 16920
11312 18008
12669 18931
12669 16967
11903 18831
5350 7992
5350 18274
5350 5433
5350 16100
5350 11000
11000 12199
11000 17817
11000 18787
9731 10130
9731 18851
9731 11145
9731 12201
13690 16489
13690 16470
13690 14376
10107 17150
15824 16384
5354 11019
5357 15413
5358 17582
5358 13117
5358 6503
5358 19106
13117 17050
13117 15733
5359 16299
5359 7729
5359 7917
5359 13782
5359 9234
5359 13823
5359 19882
10465 17893
10465 13752
10465 19071
16527 18873
13427 13963
8498 9227
8498 17105
6478 18978
6478 19422
6478 7932
9200 17393
9200 18016
9200 16109
9200 13659
5795 11147
5795 17423
5795 13997
5366 6905
5366 18157
6905 7570
6905 9173
6905 16266
6905 10835
6905 7984
6980 12890
5368 18825
5368 6055
5368 14885
5368 17939
5368 13536
6055 10998
14885 19086
5369 6934
5369 5949
5369 5587
5949 14002
5949 12059
5949 13122
5587 5836
5587 14729
5372 10292
5372 8580
5372 5764
5372 10660
5764 14702
5764 9355
10660 11658
10660 12696
8760 11295
8760 18479
8760 16876
17609 19479
17578 17780
5376 9982
5376 13257
5376 13107
9982 18137
9982 12495
5378 14328
7123 9213
12717 16164
5687 5978
5687 19476
11367 17830
11367 16988
5383 9064
5383 7150
5383 16692
9064 17030
5384 11771
5384 16674
5384 5429
5384 10758
5384 16358
5384 14437
5384 14033
5391 8765
5391 6038
11778 12978
12978 13612
5394 15754
5394 13544
5394 8216
13544 18073
13544 14324
8216 10218
8216 10750
5395 7329
5395 12104
5395 18722
5395 15821
10003 11924
10003 17361
17435 19617
6167 17924
6167 14605
6167 10353
6167 19286
6167 14650
7424 17956
7424 14326
7424 15433
7424 9562
7424 12446
14129 17392
12382 15069
12382 19278
12382 18744
19541 19572
6697 8955
6697 14165
6697 13512
5411 17371
15038 18974
15038 16315
8031 13030
8031 15539
5413 5707
12912 15366
9329 17063
9329 12439
12471 16765
12471 14270
12471 12815
8550 14710
8550 13975
8550 19744
8550 9346
13212 17042
13212 18949
5760 11302
5760 10861
5418 9914
5418 5530
5418 9524
5530 11423
5530 10510
5530 12632
5530 17652
9524 11792
9524 10198
9524 17517
9524 17587
9524 11914
5420 10800
5420 13361
5420 15419
5423 7123
5423 15290
7352 13278
5427 6919
5427 8335
5427 18188
12150 14391
8229 8400
8229 18721
8229 10463
16526 16617
5431 8201
5431 14428
8201 15777
8201 10285
9112 9363
5945 14426
5917 17343
5917 15161
5917 18041
14011 16752
17171 17839
5435 18983
5435 17126
5435 13429
5435 18990
6298 14626
6298 17617
6298 7214
6298 7227
6298 7841
5438 16245
5438 10232
5438 6505
18396 19223
15485 16573
15485 19482
15485 17553
15485 16320
15282 19782
15282 19531
15282 17178
14538 18357
14538 18906
14754 19530
14754 15135
8497 9058
8497 10218
8497 15644
8497 15175
5445 15189
5447 16130
5447 7255
5447 19891
5448 15730
5448 14858
5449 12588
5449 19111
5449 11249
11249 17489
11249 12946
12055 16747
12055 18034
5452 18165
5452 12566
5452 16305
5453 16662
5453 7607
16662 16820
16662 18599
5454 17418
5454 12508
5454 12377
15214 17106
15214 15804
12518 14862
12518 13466
5457 5600
5457 19821
5457 8210
5600 8239
5600 18818
5600 13863
5600 7179
5600 15965
5600 9598
8210 8990
8210 13848
8210 17578
8210 15448
10804 12936
10804 17949
10804 11773
10804 13686
14584 19394
6150 19834
6150 19574
6150 17693
6150 16519
15692 19127
5464 12496
5464 14771
5464 10895
5464 12815
12815 19061
5466 6908
5466 6011
5466 19060
5466 14482
6908 16382
13918 17341
6889 14225
6889 17360
6988 13721
6988 7335
15569 16165
5469 15113
5469 8662
5469 19685
5469 8132
5469 7017
8662 8903
8662 11910
8662 19760
8132 13634
8132 8663
8132 10978
8132 10985
5470 6060
5470 11072
5471 9066
5472 12244
5473 19975
5473 12048
5473 13334
12048 19904
12048 12169
12048 14462
13237 18224
13237 19125
14711 15305
5477 19626
5478 12115
5478 14626
5478 18456
14626 17897
14626 15805
5479 17493
5479 7510
5479 9684
9684 9867
9684 15940
5480 11003
5480 5907
5907 11748
7736 19938
7736 11072
7736 11475
5487 19541
16199 18714
16199 18778
15610 16276
5489 18189
5489 19242
8995 9984
8995 15240
5532 19171
5532 11307
5532 13666
5532 19086
5532 15571
5532 10962
5532 9197
5491 17630
5491 16612
5491 11090
5491 19104
5493 7159
5493 12546
5493 8471
7631 11753
16342 18936
5497 14119
5497 13308
5497 7888
5497 14065
5497 6518
5497 7540
13308 14456
13308 17329
13308 15952
14065 19958
7540 11171
7540 17405
7540 13113
7540 19377
5498 6769
6769 15288
5499 7398
5499 14574
5499 10965
5499 7588
5499 18749
5499 7575
7398 12259
7398 8251
16028 17033
16028 18324
5503 8790
5503 11792
5503 10796
8790 13435
8790 13737
8790 13306
10796 16017
10796 13386
12384 14140
12778 14445
6081 13321
6081 10185
12075 19639
12075 18043
7106 13768
7106 19044
7106 8400
5514 16675
5514 18290
5514 11470
16675 19945
11470 12382
11470 18131
11470 18961
10598 12799
10598 14577
10598 13512
10598 13701
11797 11880
11797 15214
5519 13666
13666 17236
13666 17757
7002 15911
7002 17811
7002 12952
7002 10391
5521 18800
5521 12519
5521 9291
5522 11764
15039 18325
7229 9539
7229 15311
5524 12210
5524 18499
5524 8577
5524 19422
5524 11050
9395 10466
9395 16092
9395 14480
13432 15280
12952 19436
12952 15453
12952 18696
13850 15456
7091 14388
7091 17194
7091 12929
7091 18003
11307 17903
11307 14562
19086 19307
15571 19499
15571 17287
15571 18353
10962 13814
10962 12651
9907 13186
9907 10917
9907 16395
7709 12694
10986 13435
10986 16246
5538 11245
7986 12753
7986 16160
7986 12851
8911 12323
8911 16224
12453 13011
12453 13363
15489 18118
15489 19334
15489 15957
5547 17204
5547 18434
5547 7952
7952 15131
7952 14493
7952 13655
5550 16192
5550 19522
5550 11125
13397 13804
13397 18271
11931 19025
11931 16369
5553 7004
5553 15580
5553 19529
5553 9825
9825 11326
5556 10279
5556 13123
5556 10305
13123 15414
10305 16924
10305 11535
5557 8847
5557 8622
5557 6692
5557 17728
8847 18833
8847 11549
6692 16782
6692 10039
6692 9336
6692 14060
9340 14105
9340 15396
14284 14670
5560 14412
5560 12709
5560 5927
5560 15550
5560 7966
5560 15207
12709 12742
12709 18281
5927 6859
5927 12774
5562 15504
5562 18002
5562 12097
5562 13120
5562 16221
16221 17768
6357 8185
5571 6361
5571 15825
5572 13173
5572 9410
5572 6046
5572 15387
5572 9708
12745 16667
5574 8914
5574 19721
5574 11202
5574 18475
5574 12263
11202 18067
11202 11588
11202 17959
12263 14244
13059 18704
13394 19057
13394 16447
6209 12709
6209 14478
6209 19808
12176 19448
8157 17226
7277 11833
5582 14241
12472 15984
12472 16304
5584 8193
5584 9575
5585 15861
12689 18468
5590 13053
5590 17261
5590 6529
5590 10964
5590 5709
5590 8399
10964 18430
10964 18537
10964 14814
5709 6167
5709 17334
5709 10655
5709 9689
5591 15717
5591 17557
5591 9926
5591 17589
5592 19738
5592 18081
5592 10456
5592 17721
5592 18977
5592 10072
5592 19630
5596 15667
5596 14546
5596 19450
5596 11126
19450 19452
19450 19819
11126 14069
11126 17741
11126 16916
11126 16404
5597 10889
5597 13717
5597 19016
13717 16957
13717 17941
5598 18000
9598 16326
9598 11797
9598 12529
9598 10069
9598 11964
16173 19026
16173 18956
7462 11170
5605 7213
5605 6584
5605 19837
5605 6006
7213 19520
7213 8270
6584 7965
6584 10157
5609 6886
5609 12339
6886 18666
6886 10429
5610 12260
5610 13319
5610 7514
5610 16452
5612 16933
5612 14061
16933 17545
16933 17379
10677 15502
10677 15810
5614 13061
5614 18330
5614 19477
5614 16821
5615 13377
5615 16452
5965 14194
5965 10464
12297 19179
12297 14783
12297 14766
9475 10372
9475 19886
12041 16467
12041 18474
12041 17359
9954 15927
9954 14721
16318 18118
5620 12000
5620 18302
5620 17986
5620 19554
5622 15351
5622 16761
5622 9622
5622 17147
5622 7662
15351 15786
15351 16798
16761 19193
5628 7225
5628 6483
5628 6181
6181 7160
6181 9267
6181 8542
16500 19035
14845 19898
14845 17062
7416 17512
7416 16642
6780 16226
6780 15819
12958 18696
12958 18438
14314 17234
5635 10369
5635 19176
5768 19257
5768 7905
7703 12565
13159 15622
13159 15954
13159 17237
5637 9296
5637 11055
9296 14231
9296 12862
11407 18576
11407 18689
8853 11545
8853 10306
8853 16873
5643 10460
5643 19692
5643 11580
10460 14539
10460 12662
5646 15034
5646 19128
5646 9862
5646 7069
5646 13612
5646 5840
13612 18286
13612 19295
5840 15866
5840 6884
5840 11805
9541 15334
5649 15904
5649 7164
5649 16289
7164 9205
16289 17827
16289 18883
13716 15967
13716 15346
13716 17000
5706 7187
5706 7304
5656 17276
13470 18184
13470 15627
12434 18966
12434 18864
12643 14568
12643 13969
12643 15661
8720 15068
8720 12183
5660 8227
5660 6384
5660 7400
5660 7492
8227 11070
8227 17555
8227 11529
8227 15051
8227 11682
7492 10063
7492 8200
15300 17203
15300 15371
15955 18650
5665 12139
5665 6904
5665 10412
5665 15333
5665 17583
5666 5967
5666 18153
5666 16228
5666 16804
13795 18345
5668 10363
5668 17457
5668 9668
13048 19172
13048 13602
5675 14104
5675 19054
5676 19234
5676 13088
5676 7265
5677 15046
5677 18543
7747 8172
5680 9901
5680 12926
5680 18782
5680 6087
5680 12543
12926 17665
5681 19887
15062 16406
15062 16697
11563 14294
11563 16385
11563 19307
6321 19957
6321 13531
6321 19435
5686 19263
5686 7871
5686 15867
5686 12665
5686 18766
5978 17480
5978 11722
5978 12930
5978 8283
5978 19450
5978 10783
5689 14887
14887 15553
14887 17793
5690 17762
5690 7323
5690 10064
5690 9321
15012 16450
8259 19650
8259 18344
8259 8751
8259 9559
7640 14145
7640 16079
7640 9092
9952 19017
9952 14687
11395 13747
8293 10595
11980 19343
11980 16388
9431 14373
12229 12324
12229 15941
11201 13433
11201 15040
5703 13195
5703 14205
5703 9964
5704 17615
5704 7753
5704 13191
7304 15325
7304 10593
14385 15784
14385 15828
14385 17001
14385 15355
14385 14548
5708 13610
10655 13330
10655 10763
10655 12369
10655 17559
10655 14379
5710 8425
8425 13134
8425 19526
8425 9608
6405 8815
6405 6589
6405 19605
6405 18053
5712 18383
5712 15684
5712 12582
5712 11705
5713 5973
5713 13670
5713 11930
5713 13557
5714 9746
5714 14408
5714 9848
5714 13846
13846 17848
13846 19539
5716 12084
5716 9779
9779 19168
9779 10121
5717 10285
5717 13976
5718 17532
5718 8697
5718 8947
14994 19351
14994 16697
9515 13681
9515 10451
6849 11974
17040 18121
5728 8552
5728 19721
5728 8431
5729 12463
5729 18463
5729 11002
5729 19504
5730 12526
5730 9966
5730 9163
9163 18771
9163 17561
9163 18054
9163 14134
9163 17175
5731 18640
5731 14659
5731 8221
8221 9346
8221 14304
5732 16458
5732 9250
5732 19588
5732 17856
9250 15714
5736 15746
5736 5989
5736 14873
15746 18416
15746 16341
5989 14142
5989 6334
5989 6790
5738 9912
5738 15327
5738 17429
5738 7559
14821 17037
6836 16503
6917 18547
6917 18619
6917 16415
5746 7839
5746 15161
5746 13578
5746 18688
15161 15953
5748 9641
5748 14893
12174 12827
12174 15499
16999 17352
16999 18202
5754 9672
5754 15549
9672 14257
12523 13533
12523 14769
6487 11435
7521 18870
7521 17541
14891 19872
15380 15924
15380 19738
11698 13989
11698 14232
7690 10720
7690 19128
7690 12175
11045 18068
14702 17143
5767 12212
5769 8438
5769 12339
5769 10797
10808 11656
10416 13883
10416 19734
10416 16283
10416 14612
5772 10250
5772 18164
5772 19659
5772 17339
5773 9107
5776 7590
5776 19779
5776 7013
7013 18873
19202 19345
5778 17392
5778 17761
5778 12569
5781 7606
5782 7455
5782 19653
5782 16808
5782 14704
7455 16390
7455 18580
14346 16621
14346 16068
5786 7532
5786 14556
5786 17013
5788 10679
5788 7363
10679 18673
10679 15197
17518 17896
7618 19739
7618 12532
7618 19126
5791 8780
5791 11749
5791 18401
11749 17539
5792 6768
5792 8096
5792 12452
5794 7495
5794 11650
5794 18809
10634 15767
10634 14296
10634 17915
5799 9003
5799 8695
6651 12223
6651 7685
6651 7158
9961 15161
5802 9943
5802 7076
7076 11386
7076 13687
7076 14261
7076 15362
9784 16617
9784 15132
9784 18932
12432 13040
12432 14206
12432 15171
11376 14368
11376 11491
11376 19833
6082 14172
6082 6477
6082 12968
6082 6901
5809 15726
5809 5988
5810 8022
5810 11564
5810 17318
11564 15026
5812 14481
5812 18648
5812 12117
5812 15401
6129 10866
6129 7247
8479 16742
8479 13054
11528 16003
11528 13486
8118 13842
5816 8586
5816 7454
7454 10110
7454 13742
7454 19735
7454 16742
5817 10354
5817 10072
5817 19022
5817 10484
5817 10410
10484 17682
10484 11173
10484 12659
15222 19914
5819 8314
5819 14147
8185 17635
8185 18430
8185 13629
12199 13602
5822 6264
5822 7317
6264 18258
5823 16542
5823 15163
5823 9241
5823 14521
9241 19298
9241 12133
9241 16549
14521 15338
14521 18820
5825 16794
5825 7282
5825 7091
5825 17367
7282 19497
10628 17151
10628 13507
10628 14502
10628 16336
10628 12571
16259 18274
6365 6769
6365 18511
6365 10895
6365 7914
5827 15784
5827 11503
5827 16648
5827 13653
6479 15786
6479 7899
6479 18467
6479 16133
6479 17252
6824 18975
6824 19839
6824 8240
5830 8646
5830 7365
5830 6729
5831 11115
5831 18270
16714 17923
9237 16380
9237 11715
9237 10420
9237 12360
6871 19205
6871 12352
6871 7755
6880 12445
6880 18791
6880 15571
12987 13691
8541 12320
8541 15681
8541 16253
5843 15295
5843 9386
5843 13235
5843 16048
5843 12229
5843 8479
16048 19382
7632 11509
12932 19882
12932 15774
6426 10036
6426 8542
6426 7361
10788 13511
10788 13351
10788 12895
11191 13979
11191 12150
11191 11934
7457 9512
13602 16039
5857 11777
5857 14139
5857 8287
14139 17278
5858 16881
5858 13227
5858 7283
5858 19689
5858 8512
5858 11080
5858 18680
5858 6646
5858 7908
7283 8086
7283 15599
7908 14405
7908 19819
7908 18549
5859 13067
5860 13870
5860 10394
5860 9526
5860 15733
5860 16657
13870 14745
7488 12414
7488 13447
7488 14067
7488 15791
7488 19638
6541 8730
6541 12976
6541 14628
6541 10652
16309 18665
5864 9483
5864 15314
5864 16887
5864 8528
9483 11458
9483 16308
9483 13739
9870 17457
9870 17087
9870 18215
9870 18375
9870 15344
9870 18288
9870 13414
5868 14800
5868 18554
5868 7619
5868 7117
5868 7819
8504 17937
8504 12564
13514 17461
13514 19625
8086 12331
8086 16552
8086 19209
8086 8530
18823 18839
13230 16133
5879 19207
5879 19970
5879 7253
5879 13730
5879 9502
7253 16610
13730 19833
13730 16386
13730 14737
16143 19838
16143 17935
11943 18645
11943 18960
5883 8555
5883 7278
8555 16406
8555 19059
7278 11310
7278 13968
5885 16570
5885 11187
5885 7940
5885 12680
5885 18847
12680 19557
16127 18308
16127 16160
13876 16053
12503 19205
7286 16110
7286 16372
7286 18799
7286 12022
7286 9683
7286 15469
18870 19761
5897 15413
5897 7890
5898 12590
5898 17789
5898 13063
5898 8424
5898 10854
8424 16541
5899 7638
6395 19229
6395 8117
6395 16972
5903 17336
5904 8263
5904 12244
8265 9047
8265 9075
8265 14153
8265 16871
5906 18042
5906 7286
5906 13234
5906 11623
11748 14800
11748 16949
11748 16021
5909 15876
7449 7843
7449 17760
7449 7588
5913 12992
5913 14673
5913 8000
5914 12211
5914 18446
5914 6839
5914 7960
8281 17346
8281 18890
8281 14767
7840 12913
7840 18184
7840 19078
5920 7760
5920 7146
5920 8615
5921 9979
5921 10246
13199 18445
13199 17267
6881 17530
6881 16548
6881 10015
6881 8563
6881 14803
6881 13929
18577 19163
18577 19992
5925 13933
5925 18264
5925 16943
5925 17643
5925 9500
5925 6417
17643 18525
6859 16832
6859 10538
6859 15884
6859 9729
5928 17033
5928 17229
5928 7105
5928 6243
7105 18624
7105 18169
7105 12304
7105 10348
7105 8777
7105 15465
5930 10614
5930 17303
7175 16207
7175 7314
12943 15403
9299 17137
7956 9574
7956 17949
7956 8509
9998 14014
9998 14837
9998 14741
7896 10264
7896 12071
7896 17459
7896 11803
7896 8866
10123 19731
10123 10450
10123 19169
10123 15698
10123 15923
10123 11583
6723 18682
6723 10556
6723 15662
5937 8312
5937 8267
5937 10556
16673 19594
9215 17914
9215 12628
10089 17411
10089 11034
10089 19965
14426 15144
5946 11627
14263 17355
14263 15731
12059 17962
12059 14989
5950 19592
5950 11453
5950 7425
5950 13878
11453 13123
7425 11732
7425 9037
7425 7597
7425 9883
5952 19823
5953 9780
5953 18824
9780 17187
9780 17995
9780 16250
16654 19447
16654 19228
16654 18574
16654 18986
16654 18246
7501 14280
5960 19707
5960 17629
5960 10832
5960 12786
5961 8644
5961 17862
8644 9203
5962 9754
5962 11279
5962 11803
5962 6352
11279 15661
11803 15669
15329 16702
10907 11750
16764 17489
14032 18457
16991 19660
19835 19954
6183 19851
6183 10880
6183 9779
6183 11375
6183 16702
15261 18364
18114 19027
8718 18049
8718 16730
5975 8266
5975 6410
8266 12592
8266 12437
8266 19793
8266 12102
12930 14997
8283 15108
8283 11811
8283 19758
8283 12274
8283 10215
13282 15153
7397 15423
7397 9332
7397 18936
5980 19223
5980 18252
5980 18516
5980 6556
5980 7069
5980 11033
11033 12728
17993 18544
6334 15551
6334 15636
6334 10857
5991 11546
5991 16482
5994 8549
5994 16625
5994 19975
5994 17649
8549 16046
8549 11660
8549 16797
8063 11848
8063 12646
8063 18965
8063 11420
10737 13121
10737 18593
10737 14195
10737 15618
10737 16364
5997 17865
5998 14151
5998 6242
5998 12095
5998 11321
6242 14518
6242 9741
6242 13550
13744 17669
13744 17791
13744 17479
13744 18132
15820 16445
15820 19332
6000 12111
6000 16455
6000 7876
6000 6879
6000 12940
12111 14543
12111 17499
12111 16558
12111 18457
12111 19162
6003 12304
6003 17264
6003 14758
9455 19884
9455 15875
9455 15696
9455 10866
10219 18512
10219 19650
10219 19709
10114 16815
10114 15254
10114 17915
10114 15256
9521 12436
8197 18228
8197 8356
10316 14424
10316 13104
10316 15122
6009 14612
7037 13616
13259 16801
13259 13644
11679 14314
6017 8647
6020 9000
6020 10253
7227 15616
7227 17915
7227 14642
7227 12646
9844 19002
9844 15350
9844 13526
9844 10490
13588 16774
13588 16161
6026 17855
6026 9588
6028 16064
6028 18840
6029 7607
6029 19929
6029 17246
6029 10969
6029 19536
6029 19798
6029 19070
6031 19040
16167 16376
6033 10025
6033 10509
6035 13949
6035 9171
9171 14425
9171 12164
6037 18626
6037 9856
6037 11760
6037 12829
6037 13044
12094 14110
12094 16991
6040 16926
6040 8548
6040 19686
6040 12660
6041 10411
10411 11242
10411 11529
10411 16312
10411 13562
6042 19097
6042 8464
6042 7648
11548 14645
13002 17689
13002 14805
16438 17745
6047 17564
6047 16990
6047 17082
6047 15587
6047 16271
6047 9844
6047 17644
17082 17854
17082 17813
11043 11754
11043 15761
11043 14384
11043 19501
6050 14944
6050 12675
6050 11761
6050 17792
6050 12938
6050 13647
12675 15004
12675 18736
11761 13976
11761 17228
11761 18584
11761 14853
6052 16018
6052 13879
6052 11112
6052 13286
11112 15826
6763 14765
6763 17418
6763 17385
6763 18580
10998 16382
10998 16231
6056 8457
6056 18816
6056 17044
6056 17943
6056 19749
6056 6357
6056 17144
6057 10054
6057 18156
7180 12778
17683 18047
6062 13032
11703 13842
11703 15250
6064 17588
6064 17617
6955 19734
6955 19920
13675 19786
13675 16723
14275 18960
14275 19081
15044 18563
11978 14822
11978 17635
12135 14715
12135 17347
6317 11504
6069 15959
6069 7518
7518 15443
7518 17352
7518 10558
7518 11277
7518 15380
7085 13902
15961 16272
17851 18764
14003 15746
14003 16676
12968 17396
12968 13836
12968 14027
12327 14118
12327 19146
12327 16822
6084 6787
6084 12231
13719 18465
13719 15339
6086 15891
6086 16362
6088 18597
6088 15421
6088 7327
6088 11337
6088 10225
7108 16017
7108 16388
6092 7634
6092 6781
6092 18304
6092 13366
13937 18561
13937 17902
14171 17083
14171 19082
14171 17255
14171 17292
6095 15458
6095 13996
6095 12541
6095 10499
6095 11623
13996 19558
13996 14241
10499 11100
10361 19333
12919 18284
12919 18418
6098 19713
7357 12483
7357 7382
7357 19885
6559 17578
6559 11810
6559 19571
6280 8773
6280 8065
6104 16786
6105 14138
6105 12953
14138 16046
14138 16532
14138 16725
10501 12850
10501 18181
10501 14322
10845 13959
10845 16241
10845 16154
12904 13160
12904 17544
6107 9938
6107 19881
8477 14496
8477 15759
8477 11025
12379 19688
6110 10886
6110 13651
6111 8398
6111 14495
14495 17277
14495 17856
6112 15069
17042 19712
17042 18455
12221 14282
12221 15906
6116 15294
6116 18226
15294 16496
15294 17404
15294 15593
15294 18789
11782 12056
11782 15234
11983 17635
11983 18402
11983 15822
11983 14310
13785 17585
13785 19068
13785 17558
13785 16655
6123 14432
9133 10363
9133 13008
6125 13007
6125 11063
6125 6672
6125 9146
6125 17726
13007 18201
6672 16300
6672 13759
6672 9670
9146 19399
9146 14320
9146 15350
17726 19384
12401 12527
10866 17323
10866 11349
10866 17268
6130 16043
6130 14092
6130 17740
6130 8216
17740 18809
17740 17834
17740 19473
6132 7056
6132 11705
6132 9202
6132 10698
7056 15281
8413 19172
8413 15154
8413 15979
16946 19723
7858 13948
7858 18709
6138 8572
6138 13319
6164 11484
6164 8223
13855 18653
10972 14009
10972 15126
7728 14552
7728 9275
7728 8831
7728 9347
7728 12246
6143 17344
6143 12882
6143 18921
6143 16461
17344 17997
16461 17282
6144 8217
6144 12255
12255 17571
12255 19826
12073 18170
12073 13612
12073 15016
12073 13969
9930 14248
9930 14561
9930 11924
9930 18767
15937 18634
6147 17295
6147 12931
6147 14582
6147 14452
6148 10697
6148 12818
6148 10770
10697 11711
10697 18125
10770 19942
12499 19655
12499 18689
6152 10376
10376 17634
10376 15987
10376 15514
6154 19164
6154 7892
7892 14869
11538 16662
11538 11724
6157 15375
15375 17646
15375 19525
12007 14669
12007 12997
11205 18146
11205 12549
11205 13055
11205 18374
11205 17991
11796 13079
14820 17937
14820 16760
14820 17473
9131 9353
9131 16625
9131 17445
15823 16881
15823 17460
12509 15910
6163 19600
6163 11417
6163 12148
6163 14289
6163 19157
14289 15310
14289 16916
14289 16962
14289 16173
14778 19090
6841 12912
6841 10783
6654 17368
6654 7614
6654 6731
6654 19139
6654 6969
6174 10103
6174 11731
10103 18623
10103 12796
10103 11039
6175 6929
6175 10011
6175 6180
6175 8360
6175 13331
17323 19742
19510 19809
14358 16288
6326 10182
6326 14916
6326 17911
14180 19934
6190 12484
6190 19150
6190 19382
12484 14287
12484 13244
12527 18977
11001 19065
11001 11999
16965 18413
6197 15708
6197 15565
6197 17543
6198 12093
15000 19702
17443 17591
6202 7604
6202 11069
6202 10982
6202 15722
11069 13278
15722 18945
15722 16938
18956 19206
6204 9952
6204 18389
11494 16862
11494 16939
11494 18264
13437 16705
13437 16766
6208 12899
6208 7472
6208 12123
12899 15836
7472 7842
7472 13435
7472 10409
14478 19717
10496 12018
10496 15389
16741 18395
6218 9796
6218 18843
6218 7085
9796 18926
9796 19396
9796 16465
16133 18803
14121 18853
14121 17509
6855 13234
6855 17103
6855 10168
6855 7184
6225 11758
6225 14436
6225 16474
11758 12247
11758 12984
11758 15365
11758 12209
11758 12606
6227 17379
6227 17393
6228 13985
13985 15192
13985 18763
13018 16734
13018 15840
9655 17940
9655 13536
9655 10552
6232 7653
6232 12320
6235 12020
6235 11211
11211 16844
11211 12283
6237 13321
6237 14995
7065 17696
7065 7977
11596 14392
14925 16348
10397 10703
10397 17030
11675 15663
13550 13889
13550 18676
16012 18059
13279 19490
6246 9028
9028 13892
9028 12936
9028 12177
6247 10114
6247 11039
6247 15084
6247 11325
11039 19360
11039 14258
6248 13848
13848 15453
13848 17536
6251 14057
6251 18152
6306 18975
6306 8335
6306 6638
6306 16688
6306 9837
6306 17428
18448 19873
6253 17872
6257 8633
6257 19197
13447 17663
13877 17847
13877 15058
6260 15566
6260 11369
6260 10352
11369 16080
11369 14502
11369 16359
11369 12467
6265 6826
6265 12416
6265 16615
6265 14047
6265 17144
6265 11851
14047 14631
14047 15944
6268 11200
6268 13192
6268 8144
6268 11397
6268 13046
6271 11485
6271 8575
6271 7559
6379 8158
6379 10846
6379 13733
6379 15488
6379 11825
6273 8107
6274 10533
10533 15199
6275 12415
6275 6521
6275 11099
6275 9431
6521 11709
6276 9308
6276 15098
6276 12359
6278 10099
6279 10566
6279 19752
6279 18879
6457 18941
6457 19358
7950 19056
14660 16520
14660 18090
9955 16589
9955 10810
9955 12086
9955 19454
13571 18164
16769 17717
16769 19548
8108 14088
8108 19556
6292 9172
6294 15393
12746 13844
8328 16718
8328 17678
7001 14953
6297 6984
6297 12342
6299 8903
18144 19058
19033 19740
8525 16255
8525 12735
6638 11134
6638 8807
16688 18282
17428 19473
17428 19114
6307 9013
6307 16107
6308 15510
6308 18037
6309 6337
6309 8577
6309 18820
6309 11721
6310 7868
6311 18498
6311 19951
7020 10276
7020 18773
7020 12805
7020 19564
6314 15502
11504 13035
14573 19634
6322 14336
6322 8178
6322 10088
6322 19223
10088 19094
10088 10851
10088 19327
10088 19816
6323 9353
6323 12390
6323 12508
6323 9576
6323 15428
6323 8156
15428 18261
14763 17600
10182 17697
10182 11535
6327 8327
6327 7652
7652 14672
7652 10201
7652 12402
7652 10095
7652 11145
6342 14837
6342 7379
7417 17548
7417 11065
10409 12888
10409 11109
10409 19223
10409 10531
10409 12710
6335 10606
6335 15207
6335 8951
10606 15601
10606 17834
10606 12309
8613 16295
17143 17705
6345 8432
6345 18781
6345 11173
6345 14286
11173 19868
6348 16622
6348 11195
6348 14685
6348 16824
10876 16741
10071 17627
10071 10470
6434 6945
6434 9334
13534 14406
13534 16936
10586 11142
10586 19030
10586 11337
10586 12301
9428 16727
9428 17384
9428 18368
17720 18116
17720 18677
13409 14694
13409 18537
13409 17899
17668 18190
9835 18664
13328 18084
13328 13744
14522 17651
7914 14471
6366 9967
9967 18445
9967 14428
9967 16021
6367 17984
6367 10256
6367 18587
15520 15935
6373 15340
6373 13991
15340 19561
6374 8272
6374 18044
6374 6831
6376 10592
6376 15762
6376 12854
10592 13504
10592 17921
12854 14256
15330 17656
8158 13589
8158 12501
8158 17358
8158 14996
8158 12578
8158 13640
13733 16634
13733 15736
11432 16804
13750 15858
13750 16376
13750 16953
8816 18704
8816 17714
8816 13756
8816 17361
13092 13643
6751 7491
6751 9345
6751 19630
6388 9875
6388 9332
6388 9335
6389 8515
6389 11756
6389 7914
8515 19361
8515 19951
6390 7542
6390 19412
6390 7462
17121 18620
6393 18797
6393 7043
6393 7687
6393 10923
6393 8879
8117 17371
16972 19810
6397 13097
6397 13109
6397 13114
6398 19638
12124 16453
12124 12801
12124 16643
13041 19184
13041 19307
6402 18500
6402 13807
14242 17803
14242 19933
14242 14892
14242 14305
18029 19697
6407 11708
6407 8628
6407 17921
6407 7253
6408 16771
6409 12323
6409 15525
6409 13240
6643 10028
6643 12231
6411 18773
6411 14745
15089 15849
15089 17188
12371 14365
12371 17417
12371 18906
8890 18965
8890 19546
8890 12199
11855 19090
11855 18845
12141 18563
12141 12288
12141 14484
12141 18795
6420 13395
6420 18111
6422 15259
6422 7829
6422 7147
6422 7153
6422 9210
15259 16696
7829 18820
7829 19386
7153 11323
7153 18157
7153 11630
6425 10678
6425 19660
6425 6430
6425 18804
10678 18341
10678 14907
10678 11503
7361 9604
9743 15522
9743 18653
9743 16269
14085 17849
14085 14526
14085 16228
6428 19155
6428 17854
6429 10202
6429 12814
6429 13808
6429 10055
6429 17237
13808 14549
6432 19303
6432 13329
6432 17168
6432 19309
17168 19195
6708 9932
6708 8729
6708 18702
6708 18844
11146 19695
11146 17400
11146 12124
6441 9505
6441 15311
6441 12868
6442 11148
6442 16399
6442 9727
6442 12949
6442 8754
6442 8213
11148 19375
11148 19695
8213 12692
8213 17999
6444 8388
6444 9631
6444 18170
6444 11759
11759 13815
11759 12402
6448 19705
6448 13417
6448 8488
8488 9184
8488 17587
8488 14190
8488 17026
6449 19896
6449 9961
6451 11840
6451 17078
17078 18855
6456 15996
6456 14823
6456 10742
6456 12344
12344 14737
6459 7111
6459 8613
7111 17363
7111 17670
7111 11080
6465 11173
6465 16290
6465 12409
6465 9614
6465 9689
6465 12714
16290 19503
16290 19576
12409 14868
12409 16331
12409 16258
9614 12690
9614 9711
12714 18177
6466 14890
6466 15123
6466 16660
14890 17656
14890 15365
14890 17372
15554 19932
15554 18495
18235 19523
6476 14282
6476 7562
6476 16344
6476 14279
14279 14837
6480 10140
6480 11996
6480 14588
6480 17706
6480 11191
14588 15980
14588 17950
6481 7901
6481 6738
7901 19923
7901 13425
7901 13803
6482 15317
6482 10760
11435 18073
6488 7771
6488 17160
6488 11940
6488 10082
6488 15619
6490 19128
6490 9693
6490 10824
6490 18063
6490 14509
6491 16036
6491 16651
6491 10836
10836 18780
10836 16804
6493 13579
6493 10521
6493 10104
6493 19663
14074 17735
7977 15472
6495 19219
15645 17097
6986 15637
6986 18269
6986 18302
6986 14186
12252 12742
12252 19449
6507 17067
6507 16033
6507 15759
6507 11485
6507 18144
16033 18360
16033 17153
6509 8179
16528 16879
6635 6712
6635 7275
6635 18202
6513 13907
6513 16251
6513 8505
6513 18070
7826 12608
7826 16420
12907 18666
12907 16123
12907 17557
12907 19390
15090 17198
15090 18088
10472 11471
10472 12675
6525 8857
17814 19326
13197 18986
13197 17131
13525 18012
13525 15486
6537 16330
6537 12132
6537 15145
16903 18518
8730 18563
8730 18882
14628 14694
14628 18738
7072 11785
7072 18557
7072 8244
6544 9481
6544 17380
9481 13517
9824 18982
9824 19091
9824 17470
9824 12423
6548 10186
6548 12772
6548 14236
6548 9489
6548 9404
6550 16667
6550 8531
6550 12050
10921 18920
10921 15471
10921 14799
10921 12999
6924 15241
6924 16805
6924 17597
6924 12509
6555 18928
6555 13250
6555 17901
6557 12108
6557 14574
6557 18238
6557 13066
6558 6940
6558 17754
6558 10772
10772 11997
11932 12775
6562 19810
6562 9744
6562 19329
6563 7619
6563 7342
6563 8650
6563 10451
6563 12316
7342 8559
7342 13866
12155 17213
12155 12860
6567 10190
6568 10448
6568 9546
6568 15711
6568 14781
8503 19311
6570 15940
6572 15140
6572 10045
6572 9822
15140 18327
16644 19531
6574 16566
6574 19211
6574 6734
6574 17296
16566 18127
16566 18348
9783 18870
6966 8158
6966 8500
6966 7129
6579 14178
6579 8487
8487 19972
8487 16603
6580 9641
6580 7030
6582 19755
6582 9318
6582 12384
9318 12968
6583 12384
6583 16366
6583 7492
6583 8198
12468 15364
12468 12685
12468 16285
6591 11333
6591 8794
6591 13256
6595 15512
6595 17163
6595 14977
17163 18105
6597 14176
6597 7015
6597 19591
6599 19644
7186 17098
6603 12455
6603 13468
12455 16039
12455 14742
12455 18249
6607 9334
13809 16466
13246 15886
13246 16243
15051 17258
15051 18150
6614 16348
16348 19442
16348 18971
9646 14944
9646 16506
9646 12455
9646 17173
8106 12419
8106 17896
6618 16054
16054 17902
16054 18571
16054 19748
10853 15848
10853 15416
17783 19027
15416 16124
6627 13469
6627 19966
6627 6657
6627 14322
6627 14191
6627 10224
6657 18441
14883 19609
14883 16344
15644 19416
15644 18005
8296 19549
7125 19307
7125 13540
7125 7935
7125 9026
8554 15453
8554 19989
6634 11955
6634 13986
6634 12207
6634 8752
6636 13634
16785 17370
16785 16872
6641 14474
6641 14735
6641 10454
6641 15169
6730 8144
6730 13139
18483 19690
6649 12682
9377 11143
7685 9338
7685 12290
6653 18456
6653 7341
6653 6892
6892 17144
6892 13090
6892 15190
6892 7073
8908 15411
8908 18272
8908 12757
8908 12974
6659 13991
6660 10681
6660 6834
15921 16099
15126 16338
6664 10997
6664 16951
6666 16577
16577 19081
7988 13423
6669 15211
6669 9929
6669 9165
9929 14292
7028 16073
7028 12161
9557 10774
9557 11352
9557 17554
9557 11228
13842 14597
6678 15028
6678 16110
6678 19098
6681 17266
6681 10371
6681 15171
10371 17170
10371 19894
11816 14039
11816 19904
11294 14748
6683 15163
11314 17625
11314 12380
8005 15212
6686 13946
6686 19338
10150 17026
10150 12229
10150 17118
16852 17023
8340 17870
8340 17938
16711 19505
9336 17267
9336 13441
6693 15597
6693 9618
6693 19589
6694 17517
11527 18645
8084 11755
8084 15186
8084 10344
6701 13487
6701 9622
6701 8771
6701 10193
6701 13867
8771 11106
8771 18767
7663 14614
7663 18810
7663 16419
11370 11550
6703 13259
6703 10178
6703 10452
7762 11696
7762 8742
7762 15831
6706 11548
6706 11970
11671 18554
8375 13038
6878 12564
6878 16840
6878 17754
14086 16146
8447 17265
8447 12498
8447 16057
11979 13306
11979 18451
7683 18245
7683 9605
7683 7970
6715 12368
6715 19598
10131 11061
10131 11178
10131 15500
6718 8056
6718 7240
6718 18279
6718 16861
6718 15553
6718 6722
6719 17336
6719 9180
6719 13067
6721 14587
6721 7443
6721 12637
9144 17133
15662 18883
15662 16363
6724 9430
6724 12461
6724 7286
6725 15271
6732 8001
6732 13323
14939 18244
14939 15859
9453 13100
9453 11604
9453 12082
9453 16733
10779 14955
6737 16835
14547 19406
6743 7383
6743 9519
6743 16589
7609 9285
7609 13423
7609 18481
10347 12879
10347 19836
10347 18338
10347 11036
6748 12794
6748 12864
12794 16269
12794 19727
11104 18670
7491 11712
7491 16414
6752 8296
6752 7006
6752 12137
6758 10766
6758 16505
6758 7349
16505 18960
7349 12959
14334 15745
14334 18242
6766 9835
6766 17987
8202 13863
6773 8411
8411 8593
8411 17871
8411 12887
16278 18150
7209 13873
7209 8528
6788 15463
6793 8364
6793 16707
6793 16446
6793 15319
6793 10811
6794 9312
6794 16401
16401 18081
15666 16849
15666 18870
15666 18681
15666 19404
6796 19337
6796 14683
6796 19351
6796 11068
6796 13415
13818 15823
13818 16038
13818 19021
13818 14492
6800 17116
6800 14084
6800 13220
6800 13244
6800 17197
6800 7804
7804 17573
7804 10219
7804 17048
6803 14291
6803 17717
6803 14561
6803 15717
6803 8568
14561 16390
14561 17140
8705 11421
8705 15425
8705 19295
8705 8794
6808 8142
6808 18712
8142 12660
8142 18428
6809 12021
6809 16237
6810 13883
6810 17023
6810 13774
13883 18487
13883 19197
13883 14038
13774 19509
13774 14915
6811 7993
6811 9327
6811 19764
6811 16756
9327 10107
6812 8195
6812 8100
6812 16083
12809 17110
12809 18756
16755 18312
6815 12649
6815 18263
6815 16085
12649 13066
12649 14344
16085 16709
16085 17738
11347 17108
11347 18996
11347 12434
16857 19800
15830 19285
17886 19390
10932 16105
12164 12867
12164 13735
12164 13718
6837 8646
6837 12456
6838 10724
6838 18460
6838 7988
10571 10645
6845 17902
6845 18565
6845 11302
7474 14600
6847 10683
6847 16543
11974 13614
14970 15888
6853 7025
6853 15561
6853 15952
9292 18805
9292 10325
9292 14647
9292 14079
9292 18050
9292 17384
16832 18271
6860 16682
6860 15810
6860 11324
6860 7885
11324 16961
6861 11540
6861 14221
6861 10610
11540 14683
10610 12947
10610 15074
16419 16905
17917 19454
17917 18768
6866 7095
6866 7448
6869 15515
6869 18730
12352 13024
6873 9753
6877 16844
6877 6950
6877 6974
6877 16045
8563 16450
8563 10417
6882 10702
6882 9894
6882 16968
13763 18201
13763 17270
7259 11224
6888 15104
6888 12716
6888 10091
6891 13839
6891 17570
6891 10784
7073 7757
7073 16198
7073 15294
7073 15409
6893 10985
6893 19728
6893 9836
9836 9938
9836 11310
6894 9221
6895 11896
6896 18961
6896 17980
6896 16608
6898 18377
6898 18551
6898 16388
6898 9983
6898 16593
6898 13103
7570 18741
7570 18490
8570 10330
6910 18293
6910 11531
11256 15664
6914 19910
6914 7995
6915 10158
6915 19305
6915 12485
6916 7885
16511 19550
14980 16193
6921 10539
6922 11900
6922 9031
6922 11528
6922 15326
6922 14440
11900 13042
15326 17053
15326 18742
15326 16927
14440 17929
6923 12659
12659 13548
15241 16176
10058 14633
6926 7345
6926 8600
6926 17802
6926 11356
6926 9016
11356 13825
11356 13364
11356 17241
10169 17338
10169 15332
10349 17689
6930 8114
6930 12857
6930 11493
6930 10660
6930 16491
8114 12707
8114 10122
8114 19038
8114 15327
6932 10757
6932 16395
6932 15167
11875 17281
6936 16327
6936 12209
16327 18475
16327 18044
6937 19543
6937 8830
6937 14183
8830 9375
8830 15640
8830 14156
6938 8393
6942 17337
6942 10141
6942 8225
6944 12005
12005 17040
17444 18534
9711 16863
9711 18629
9711 18800
10494 15471
10494 14429
10494 11423
10494 17840
10494 18748
15417 18415
14089 18546
11870 13196
6958 10362
6958 17809
10362 17916
10362 16761
10362 15201
6960 14107
6960 17277
17277 19582
6962 14975
12936 16657
16510 19576
6965 16611
6965 12653
6965 12203
16611 18974
10390 15264
6968 11930
6968 13358
6968 13490
6968 16495
13358 15943
12531 19661
8441 15311
8441 9026
8159 9340
8159 17365
6977 10358
6977 19602
6977 8431
10358 12832
17933 19848
12890 17808
7717 13733
7717 13626
6983 7273
6983 7686
6983 11468
7273 13150
15637 18038
15637 16449
8878 14968
8878 13059
8878 9978
8878 10547
6991 9505
6991 9382
6992 16505
6992 15079
6992 9544
6995 18421
6995 15175
6995 16414
6995 17767
6995 13125
13837 15428
13837 17784
13837 16813
6998 19843
6998 8710
8322 17995
8322 11988
12867 13283
7010 19808
7011 11840
7011 14721
7011 8545
7012 8784
7012 16633
7012 19770
16183 18957
16183 16869
9059 9409
9059 14425
9059 10374
12443 18100
12443 17193
12443 13539
8865 18843
8865 17028
14361 16604
14361 18249
14361 16812
10658 17368
10658 10982
10658 16847
10658 12455
7023 12365
7023 8614
7023 17104
12819 18904
10345 11429
10345 16714
12458 16180
12458 13757
10978 11154
10978 11119
7027 12438
7027 9775
12438 17334
12438 19301
12438 18539
12438 12674
14633 16460
7031 17083
7031 9326
7031 15183
7031 13785
7031 15504
7031 12824
17083 17368
15183 19975
15183 19477
7033 16637
7033 15318
7033 19985
15318 16733
15318 17368
7034 9034
7034 7767
7035 14811
7035 8152
7035 13410
7035 13494
13410 14682
13410 13427
13410 19875
7045 13951
7045 8635
7045 18638
11573 16290
11573 11952
11573 13430
7047 16388
7047 8576
7047 10324
7047 7856
8576 19635
8576 13980
8576 12465
8576 11001
8576 17999
10324 14230
10324 14495
7050 18257
7051 15656
12580 16504
12580 18434
12580 13054
10819 12334
7055 12436
7055 12860
14507 18817
14507 17946
14507 15487
14507 17817
14507 14889
7059 9636
7059 19777
7063 8834
7063 13461
12929 14635
12929 18841
12929 19239
7067 15932
7067 15498
7067 8366
7067 11145
7912 18156
17211 18757
17211 19006
7071 19751
7071 10919
7071 14427
10919 19507
8244 18654
7074 13514
7074 13607
7074 16236
7074 13942
7074 11737
7074 14143
11737 17418
14143 19063
14143 18671
7077 14233
7077 19138
19138 19671
7079 12305
7079 16633
7079 15686
7079 16322
7724 11856
7724 16840
7724 13346
7724 15105
7081 11197
7081 10601
7081 11688
7081 7248
7081 19389
11197 14382
7248 15408
7248 16423
7248 8382
7087 10742
7087 9308
7087 13285
7087 7467
7087 7275
7088 13556
7088 17830
7088 17744
13556 16616
13556 16163
13556 16162
13556 16422
13556 15684
13556 16121
9667 12887
9805 9925
9805 19548
10792 15684
10792 15566
10792 13268
10792 19533
7094 15190
7094 12170
7094 16967
7094 10456
7094 19109
13560 15059
13560 16578
13560 16015
7097 7921
7097 10928
7097 9875
7097 16550
7104 10122
10348 17319
10348 10757
8777 17803
8777 17681
8777 13702
7110 9502
7110 17867
7112 13059
7112 18702
7112 13322
7114 13646
7114 15882
7115 11447
7115 8932
7115 16163
7115 12196
8932 16265
8932 9077
8932 18837
10560 18095
10560 15536
7119 17776
7119 15279
9213 17483
9213 10837
9213 14820
12267 17462
10940 11716
7130 16309
7130 12036
7130 10058
12036 19263
12036 16228
12036 13270
7131 15074
7132 8486
7132 14212
7132 8393
7132 14698
7132 13341
7132 12487
7132 9367
7133 18568
7133 18141
7133 13438
18141 18705
7134 16389
7134 10718
7134 11866
7134 17484
7134 10633
10718 10949
10718 12509
8989 19440
7138 12780
7138 8507
7138 11659
7139 17678
7139 9762
9762 14707
9762 18995
9762 18663
9762 12027
7142 10674
7142 9958
9958 12794
9958 17975
14532 16375
14532 16261
7237 18767
7237 10521
7237 16355
11440 19155
11440 14793
11440 19291
7145 12778
7145 9614
7145 19327
7145 14925
19327 19457
8629 17173
10075 19710
10075 10622
10075 19095
7152 10691
7152 10142
7152 7418
7152 17576
7155 9745
7155 12239
13047 15291
13047 18786
15889 19345
15889 19212
15889 17574
7161 11986
7161 18386
11986 19655
7162 10734
7162 16478
17587 19449
17587 17731
17587 18153
9585 13492
9585 17666
9418 12290
9432 13399
9432 12168
9432 12373
9432 12046
7171 14417
7172 8702
7172 10709
7172 10599
7172 14795
17719 18229
17719 18648
18459 19354
7182 11179
7182 18924
7182 16897
7183 18298
7183 7620
12572 17193
17400 19455
17995 18634
8585 18670
8585 10083
8585 9952
7191 17723
7191 8598
7191 16641
7192 17515
7193 8352
14344 17776
7432 18414
7432 19885
7195 15550
7195 17650
7195 8018
7195 19079
8018 11029
8018 12039
8018 10003
8018 16795
7198 17236
7198 8922
7201 18016
7201 16130
7201 18302
7201 19883
7208 14717
7208 16915
7208 9893
7208 18888
7208 18307
13873 14455
13873 16473
10667 13348
7221 19857
7221 11404
7221 18403
9174 15143
12022 16158
12022 13938
12022 13273
12022 16639
12022 16016
12646 16586
12646 16215
10267 17217
7234 18876
7234 8388
7235 14526
14526 15274
14526 15739
14526 16557
7731 13412
7731 12329
7241 19506
7241 16248
7241 10486
7246 8537
7246 8478
7246 7788
15408 16218
7250 10845
7250 13559
7250 10249
7250 11948
7250 11318
7250 8205
13559 16742
13559 14160
13559 15090
13559 17543
11948 14887
11318 12626
11318 18846
7258 7639
7258 18555
7258 14385
7639 8609
7639 11992
7263 19493
7263 16692
7267 11421
7267 9083
9472 18967
7378 17518
7270 15389
7272 10248
7274 16614
7274 18615
7274 15896
8848 15798
11310 18282
11449 19627
11449 15923
8685 10564
8685 17463
8685 12050
8439 13721
8439 11756
15599 16081
7284 14929
7284 12201
7284 12033
12201 19092
12201 14156
9179 11784
7290 9914
7294 18947
7294 9195
7294 14917
7294 19012
18947 19951
7295 10154
7295 13049
7295 17771
7295 19863
7296 17153
7296 17789
7296 10078
7297 9038
7297 9690
9038 12200
9038 10088
9038 9100
8406 15124
8406 9576
8406 18339
8406 12370
8406 12953
7447 18877
7447 14109
7305 19696
7305 17064
7305 11454
7305 12564
14732 18552
18612 19752
7308 16983
7308 19463
7308 8933
7308 16341
7308 13488
8933 17601
8933 9411
8933 11851
16341 17894
13087 18445
13087 13337
7310 9644
7310 10745
7310 11966
7310 12775
7310 16323
10745 19249
7313 12684
7313 12407
12684 15126
12684 15760
12684 13522
11242 18257
14622 16528
7315 7848
7315 17858
7848 13286
7848 18504
7848 15664
7848 14796
7848 8625
7848 16572
7848 16351
7848 11927
7316 17986
7316 15444
7316 19702
15444 19895
8899 9960
8899 17567
11178 12390
8876 17730
16049 18915
7321 13628
7321 18313
7321 19791
7725 15384
7725 16088
10184 11731
10184 13339
10184 11676
12567 16913
15127 17571
15127 16800
7325 12302
7325 13344
7325 9915
12302 18973
9915 13903
7326 17631
7326 13836
7326 19159
7326 8427
8427 14208
8427 14392
8427 13053
8427 13065
11681 19326
11681 16174
15202 16472
15202 16575
15202 18225
15202 15267
7331 7965
7332 14515
15466 16661
15466 16857
7334 19096
14693 19897
14693 19965
15788 17555
12205 15132
15628 16057
15628 17310
15628 17333
8559 18935
8559 10743
8559 10330
16538 18188
7346 15319
7346 18021
14083 15574
7351 17958
7351 10135
7353 18209
7353 16306
7353 14742
16306 19457
10413 18379
10413 13600
10413 15345
10413 11725
7382 8483
7382 18344
7382 14256
7382 14502
7359 15485
7360 7878
7360 10609
7362 19165
7366 18412
7366 12005
7366 18822
7368 9270
7368 10903
7369 17016
7369 14007
15092 16873
9047 11543
7371 7532
7371 12293
7372 15832
15698 19582
7374 18497
7374 18060
7376 12325
7376 9123
7376 10134
9123 12656
9123 17711
7377 18093
8831 10228
8831 16905
16375 19371
14256 15794
14256 14282
14256 15158
14256 15986
8386 19011
8386 11977
8386 17595
8386 10067
7385 15405
7385 18475
7385 13485
7386 8403
8403 8627
8883 18146
7391 17842
7391 14031
7391 19288
16913 17900
13156 18438
13156 16497
8064 8260
8064 8634
8064 18749
7404 11890
14020 15930
15769 16451
13424 13704
13424 13536
7407 14171
7407 18656
7407 9001
9495 10823
9495 14293
9495 16308
9495 12907
8520 17486
18414 18451
8665 16163
8665 19995
8665 14071
8665 12766
7413 13020
13020 19634
13020 13548
13020 14272
7414 15179
7414 11599
15179 18338
13685 17032
13685 17829
7968 17719
7597 13525
7597 15067
9347 9849
9347 16338
9347 11370
9347 18091
9347 16504
9347 16339
9347 19192
9347 16372
9347 13403
15822 16927
15822 19456
13347 17545
7431 10050
7431 19750
7433 12938
7433 16295
7433 17718
7433 8233
8233 8583
8233 17795
8233 16613
8233 13011
7434 7680
7434 17666
7434 18148
7434 10184
15507 15942
15507 16843
7437 13204
7437 13184
7437 19402
7437 8447
7441 18797
7441 8869
7441 15688
7441 17179
15688 17274
9366 17641
7444 15806
7444 7542
7444 13435
15521 18216
18776 19738
14109 16723
14109 18068
9569 14733
8385 18269
8385 15068
13742 15494
13742 15475
9512 11743
9512 15352
7461 8489
7461 17454
11170 15009
11170 13309
7463 17938
7466 16815
7466 7615
7466 19297
7615 13848
7468 15915
7468 11960
7468 14253
7468 7755
7468 19734
11960 17599
11960 12971
15056 15255
12110 16381
12110 13548
7842 18260
7842 13324
7473 19977
7473 16387
7473 19924
7473 14689
8698 13291
11129 13614
11129 11937
7477 15032
7477 12007
15032 17177
7479 11104
7479 13388
7479 12830
15773 17470
7483 7539
7483 12789
7483 12205
14629 16384
7486 12021
7486 14128
7486 18357
8494 16615
8494 19712
11712 17177
11712 15590
7503 12680
7503 7808
7504 18156
15640 18818
15640 17681
7508 9385
7508 16047
7511 11277
7511 19226
7511 12557
14268 15490
15443 18990
9706 16255
9706 11990
9706 16047
7522 19594
7522 7852
8370 9692
9074 12717
17699 18358
14760 19317
15634 19967
15634 16446
7531 19737
7531 10466
7531 18819
10466 18453
10466 14603
10466 13934
7533 18599
7533 11746
7534 10729
7534 14317
7534 17133
7534 19389
9572 16646
9572 15924
9572 14766
11171 15690
7541 18767
7541 17640
14643 16214
7543 17939
7543 10648
7545 17945
7545 9969
7545 18606
17945 19167
17945 18874
9969 13563
9969 13830
9236 16174
9236 14408
7548 16368
16368 19966
16368 16551
7554 12551
7554 7752
7554 8111
12551 12887
12551 17844
7556 12476
7556 16983
7556 17465
13521 15296
7568 9730
7561 7626
7561 18446
7561 18657
7563 13646
7563 15847
7563 19880
7565 14276
7565 9468
7565 10389
7565 11436
9468 10860
9468 11968
7566 14484
14484 15184
7571 9340
7571 7811
7811 14253
7811 9389
7811 14550
7811 14775
13101 14999
13101 13780
13101 19618
13101 15514
7573 18727
8089 18195
8089 13311
8089 10621
8089 13712
7576 15311
7576 9168
7577 10321
7577 9277
14967 18102
14731 19146
18244 18638
18244 19128
16227 17784
19641 19798
7586 12545
7586 19075
7586 14424
7589 10970
7589 12877
7589 17369
15528 19059
7591 17080
7591 8189
7592 13698
7592 15097
7592 9294
7592 16827
9294 19067
7593 11748
7593 8111
7593 17923
9104 9663
9104 12673
7595 15178
7595 11310
7595 15287
7595 16637
7595 13098
7598 18088
7598 8956
7598 12545
7598 11932
7598 12519
8110 15092
8110 14492
8110 15874
8110 16281
8110 14855
8110 8160
8709 16489
7601 8542
7601 8038
7601 11708
8038 17685
8038 18745
8038 9729
14464 17491
14464 16876
7611 16189
7611 10585
14177 17226
14177 19048
9909 12935
9909 19410
9909 18867
9909 11674
9909 13889
7617 15392
7617 17375
7617 14282
7617 8610
19126 19916
13186 14628
13186 16376
9090 18322
9090 10522
9090 14662
9090 13404
16260 17077
7629 18826
7629 17130
7633 9639
7633 12110
9639 12004
12869 19087
7636 18005
7637 11120
11842 15387
11842 16749
11842 15138
7642 8539
7642 13046
7643 13330
7643 12056
7643 7926
13330 16640
13330 19165
11331 13918
11331 16254
10187 15008
7649 18759
7649 11797
7651 12318
12402 19497
12402 15637
10095 13534
12744 19820
12744 13300
11879 18930
11879 15875
11879 13027
11879 15244
11879 13189
7658 10246
7660 12529
7660 12290
7660 10744
17520 18852
7666 11846
7667 12171
7667 8148
7668 19415
7668 10341
7668 9760
10341 15344
9760 12069
9760 11909
9917 15642
9917 19482
7671 9542
7671 9917
7671 16105
12160 13022
12160 14691
8456 14628
7946 19041
7679 17746
7679 15588
15588 16401
10160 15824
7684 17692
16134 16755
7688 19836
7688 14535
7688 19966
7689 14023
7689 11327
7691 19124
7691 8428
11961 13680
11961 13674
11961 17496
15366 15447
15366 16136
13315 14102
13315 14157
13315 14240
8811 12394
8811 14848
7700 12072
7700 17276
7700 18164
14937 17290
7707 14082
12694 18618
12694 15034
12694 14706
12694 18356
14697 16997
14697 19697
9429 14231
9429 11973
9429 9807
7715 19448
7715 18105
7720 15836
7720 17594
7720 8493
7720 11783
7720 12602
15836 17313
8493 14978
8493 19285
11783 17752
10046 16696
10046 10568
10046 15194
11856 14185
7727 13838
7727 11909
7727 11639
12633 15612
9776 16704
14727 16454
7737 19909
14833 15705
9852 14023
9852 18394
9852 11540
7745 8683
7745 9600
7746 14182
7746 11553
7746 9175
11553 13224
7748 13732
7748 9186
7748 10971
7748 19078
9186 17791
9186 11845
19078 19767
7749 13348
7749 17534
7749 9408
7749 15597
7749 10841
7749 7843
7749 16230
10841 12964
10841 19537
13413 16607
11227 15138
10960 19898
10960 19860
10960 17928
10960 16650
10960 13124
12837 14808
12837 19210
9927 14595
9927 13078
7756 9159
7756 9511
11677 15641
11696 19652
7768 15030
7768 13690
7768 14545
7768 9157
15030 17541
15030 15445
7773 15662
7773 15122
7774 19824
7774 13848
7774 8219
7776 7877
7776 16481
16481 18043
10877 15736
10877 17581
10877 19810
7779 12440
7779 17849
7779 9058
7779 10480
17849 17958
17849 18516
9058 15106
7780 15691
7780 18925
12074 18512
12074 12778
12074 18164
12074 13924
7786 13108
7790 10776
17309 18820
17309 19787
7796 18755
7796 10091
7796 8925
7796 16821
7796 16464
7796 16490
7800 12465
7800 9744
7800 13056
7800 9962
12465 17600
9962 18522
9962 16463
9962 19312
9962 11940
9962 13249
11571 15779
11571 19672
11571 13648
7803 16965
7803 19115
17573 17710
16918 18401
7883 19144
7816 12403
7816 12022
8453 11030
8453 10617
7822 14275
7822 13276
11577 15065
11577 19908
11577 12734
10446 11241
10446 18552
14878 18920
12608 15616
12608 12746
10676 12228
7830 11678
7830 16566
8737 10546
13725 17461
13725 18235
13725 17680
7836 13798
7838 16139
10826 14993
10528 16373
18260 19019
11357 18119
7845 8572
18504 19267
18504 19188
7850 19101
7850 11419
10798 18313
10798 12141
10798 15246
9014 19582
9014 11746
9014 15440
12732 19185
12732 17581
7854 13486
7854 19986
7854 17103
7854 11805
7854 13924
7854 9024
9024 11023
9024 18700
9024 12182
10403 17167
10403 17172
10403 12991
10403 18946
9132 11835
7861 13285
7861 15251
7863 18219
7863 10827
7863 10674
7863 10095
7863 12819
7863 12610
11794 14886
11794 16841
11794 14109
11794 18846
12028 19615
12028 12121
7865 13614
7865 18975
7867 9457
14870 19923
12934 18570
9989 16950
9989 10536
7873 7896
7873 12125
12125 18224
12125 15583
7874 15784
12437 14325
12437 18448
7879 15790
7879 17378
7880 19196
7880 15809
7880 19538
18852 19913
11206 15770
11206 13505
11206 15070
11206 17426
7887 17573
7887 13885
7887 17258
13885 18780
7894 12677
7894 10766
7895 17939
7895 11517
10264 15654
10264 19810
10176 18637
10176 15446
10176 19151
10176 19825
9791 12674
9791 17765
7903 13688
7903 19699
18952 19279
14131 15726
12989 16938
12989 19379
7913 9510
14471 19553
7915 11357
7915 14684
7915 13038
7915 19625
7915 10734
13038 19490
10235 13486
8248 18760
8248 9998
8248 9765
9986 15655
9986 15050
9986 16767
9986 18516
9986 16304
9986 12479
7925 11645
7925 9652
18683 18837
7929 13766
7929 8496
7929 8124
7929 9330
13766 15088
13766 19448
13766 19943
8124 9478
8124 18120
8124 14127
7934 15019
7937 18035
7937 15470
7937 19535
7937 13759
7937 8967
13236 18696
13236 19378
13236 15726
18602 19054
7945 13141
7945 16868
13141 14827
13141 13184
13141 19080
11798 16659
11798 14639
11798 13212
11798 12387
11798 14271
7949 9026
7949 17178
7949 8971
7949 16830
7949 13100
7954 13413
7954 12085
12085 16788
7957 11219
7957 17496
7957 10356
7957 10921
7958 10178
9222 19735
8460 14694
8460 14119
8460 17038
8460 16331
19511 19826
13243 14072
7973 17727
7973 11664
7974 10977
7976 18562
7976 10792
7976 10604
7976 17683
15472 16098
16160 18358
7991 8755
7991 16658
7991 15194
15101 19924
15101 16386
7998 10454
7998 8258
7998 16527
16335 17377
9085 10177
9085 13918
9085 17065
9085 16310
8750 18518
8002 17480
8006 9398
8006 11338
8006 12424
17155 19870
8015 16822
8015 12081
8015 12669
8015 14479
8015 19015
8015 18628
8017 15149
8017 11880
8017 10501
11880 15496
8025 17428
8025 8215
8025 13877
8025 10265
8025 16326
8028 8486
8028 11520
8028 17144
8028 16800
16282 18255
10629 10694
17685 19615
15236 19833
8043 9086
8043 16604
8043 18737
8046 9123
8046 10065
8046 17494
8048 13393
8048 11826
8052 16206
9619 13223
9619 17021
16135 19800
8061 16031
8260 9039
8260 18664
8260 19458
8260 12485
8070 17917
13517 18522
8072 12163
8072 11898
8072 16514
12163 15426
8076 15210
8076 15069
8076 13693
8076 16123
8076 18050
8076 14387
8079 17552
8079 12002
8079 11711
8079 18787
8079 15940
10007 10820
10007 19090
10007 14123
8081 16889
8081 9541
8081 12698
8081 11185
11185 12899
8085 12888
8085 11734
12888 19207
12888 17195
12888 16666
8530 16738
8530 11721
8530 11271
8530 19391
13311 15235
13712 14133
13712 15535
8091 15493
8091 19812
13008 19448
13008 19750
13008 14535
8094 19736
8094 10454
16617 19026
8103 18531
8103 10212
8103 18207
8104 8598
8104 11006
8105 14362
8105 15454
14362 18756
14362 14406
13327 17565
8115 9775
8115 16758
8115 9458
8116 10027
8116 14208
8116 19760
8116 14324
12383 14180
12383 19164
11804 15065
11804 12666
14501 17725
8127 11440
8128 15331
8128 13434
8128 16096
8128 11758
16096 18090
8129 17244
8129 19198
8129 15873
18719 19660
13175 18127
13175 14791
13175 14735
8663 13477
8663 14829
8663 15257
8663 11362
12448 19148
12448 12696
16304 19425
17950 18839
17950 18749
19212 19961
10668 17110
10668 19122
8155 11434
8155 11287
8155 8976
11287 19430
11287 15011
11287 17624
8976 14911
8976 12886
8162 13292
8162 19043
8162 16250
18855 19610
8167 17035
8167 14663
8167 18942
14663 14866
8168 17375
8168 15369
8171 8508
8171 19004
8171 9885
8171 10183
8171 16048
10183 14578
10183 10473
8173 16408
8173 16742
8176 14443
8176 13454
8176 19403
8177 15465
8177 9562
14415 18222
14415 19853
8182 9981
9315 10382
9315 13048
9315 13321
15774 18970
13629 16526
13629 16298
11946 14995
8190 19295
8190 12452
8190 13142
8190 10896
8191 16916
8191 10735
8191 17395
8191 12888
8191 13374
14549 17178
8356 11858
8356 12097
8356 16119
8356 14767
8356 10842
14920 18024
14920 15501
8203 10606
8203 19698
8203 11655
8204 15548
8204 18365
8204 11949
8889 14755
14645 18274
16214 18007
15448 19831
15448 16324
13385 15491
14210 16910
11326 12118
11326 14147
12522 15305
12522 17656
8220 15556
8220 8914
13133 14900
13133 18056
13133 17370
17270 19550
11070 16866
11070 15163
18721 19027
8234 15815
12142 13822
8241 15775
8241 16571
8241 14393
8243 14866
8243 10957
8243 8949
8243 16625
8243 14913
8243 17420
8243 9055
8247 9492
8250 16676
8250 12634
8250 9482
8250 11171
19315 19341
9987 18246
9987 16708
8252 9293
8252 12503
9293 14726
9293 14678
18892 19526
18892 19043
8257 14167
8257 8473
11795 19733
8261 18641
8261 16852
18963 19851
14153 18285
14153 19662
12592 14020
12592 16113
12102 14135
12102 16678
8274 19174
8274 12867
8274 12361
8274 15511
8274 18051
12965 15460
8279 18854
8279 13717
8279 14782
8280 17746
8280 8940
14767 19859
14767 15807
13471 16216
11743 15385
11743 18753
11743 14397
11743 12885
11743 19292
13264 18745
15422 15943
15422 19654
13481 17041
8299 12532
8299 10534
8299 19590
8300 10930
8300 19217
11182 19543
11182 19234
8303 19521
8308 17501
8308 10447
8308 15298
8311 17014
8311 16135
8311 17696
8311 11200
9918 14995
9918 14069
9918 14724
9918 18132
8316 19124
8316 12027
12027 17644
8318 10754
8318 9955
8319 11753
8319 19680
8319 11577
8324 13856
16882 18135
8712 8810
8333 10941
8333 13943
8333 19068
8333 13532
10941 14203
10941 18783
13532 15269
13532 13776
8334 9249
8334 15691
8336 12684
11491 19685
15841 15936
15841 18092
9750 11544
9750 13429
9750 14567
10240 18284
10240 14552
10240 12705
10582 14437
10582 16279
8346 10208
8346 8501
8346 19550
8346 19054
8346 10890
8346 13786
8347 10615
8347 9542
10615 18132
10504 11669
10504 15407
10547 16842
10547 12049
16119 16626
10842 13837
10842 19635
8361 12212
8361 11995
8361 19979
8361 19741
8361 11826
8361 10360
8361 11902
8362 8488
8362 8425
16530 19800
17203 17430
8369 19254
8369 16992
8369 12768
9692 16858
9692 17367
17189 18976
17641 18839
8374 14253
8374 13084
8374 12339
13084 14393
8376 9377
8376 17293
8376 18318
8376 18494
8377 13651
8377 12379
17090 18432
17090 19164
12883 16388
8381 17224
8381 19129
8381 18735
8381 13986
8381 19586
17224 17971
8384 19868
19868 19875
15081 19238
15081 16792
8394 15579
8394 11113
8394 9964
8397 18867
8397 13542
10605 14814
10605 15297
8627 17149
8627 16938
8404 11148
8404 8958
8958 12643
8958 12337
8958 12388
18339 19757
12370 19477
12370 19134
12370 15685
12370 14765
8408 9283
12887 19698
8415 14173
8415 12289
8415 10610
8415 15967
8415 9567
10979 17605
10979 14233
10979 18899
8417 19750
8420 9895
8420 16371
8420 9762
8420 14021
9895 14332
8423 8723
8423 12056
14392 18182
18973 19831
8430 11822
8430 12200
8430 18762
12200 18516
8437 16667
8440 15033
8440 18480
8440 17554
18480 19608
8442 12486
8442 12456
8442 16461
8442 13854
8442 11811
8442 9238
11317 18567
11317 13201
12981 18719
14997 15732
13208 19211
13208 16014
13208 18278
18159 19275
8452 13994
8452 9543
8459 10729
8459 15654
8459 19809
15654 18904
15654 18241
8466 14301
8466 12542
14301 14545
8470 17605
8470 11964
8470 16818
11964 12721
11964 19222
15407 15850
15407 16441
15407 15823
15407 17745
11448 18551
11448 13738
10867 16127
10867 13668
8620 15665
8620 19372
8620 12999
11838 18101
12018 18645
12018 15789
12018 17332
12018 16179
9184 10906
8491 17559
8491 11499
17398 18893
17398 17952
17105 17689
17937 18920
11919 15138
11919 17145
14188 19513
8511 10398
8511 10426
10398 13827
10398 14097
10426 14463
10426 16713
8513 9454
11820 15471
11820 19092
11820 14809
11820 19989
11820 19111
18588 19372
8517 19649
8517 14525
8517 9771
8517 10124
14525 18456
10124 19814
10124 17334
14259 19052
14259 16230
14259 17335
8519 10280
8519 19559
13661 18099
13661 19157
16255 19623
9584 18399
9584 15173
13625 17315
9392 18709
9392 13923
9392 9458
12442 13085
12442 12739
12693 19001
12693 19372
8538 13337
13337 14273
13337 14744
16807 18029
16807 19047
11505 13327
11505 14534
11505 14752
8546 16672
8546 13442
8546 10999
8546 14057
8546 9542
8547 10555
8547 15392
8547 11612
8547 13353
8547 9025
13975 18700
15591 17832
10743 10790
10743 16478
8905 10373
8905 18772
13764 14052
9193 13098
9193 19930
12630 19149
8578 18262
8578 15802
14303 15498
8582 14175
8582 19375
11391 16240
11391 11413
10083 12410
10692 12870
10692 14129
10692 12219
10692 12232
10286 19948
8594 15622
8594 13586
13586 18154
13586 17837
8595 9064
8595 13169
8599 9917
8599 14760
10350 14258
10350 14095
10350 18471
14852 18637
14852 16878
8605 16640
11095 19089
11095 15780
8608 13585
8612 15054
8612 12585
8612 19467
8612 10507
8612 18574
14316 15812
14316 17193
14316 15543
15382 18022
15382 16255
12999 14738
12999 15206
12999 18918
12408 16578
12408 15811
12408 15133
15761 19112
15761 17483
12791 14008
12791 14190
8626 9057
8626 17132
8626 12199
11607 17175
11607 17884
13533 16629
13533 14813
13533 19891
8640 10518
10518 15260
8641 18759
8641 18924
8641 16187
16103 17786
12087 13005
10425 15570
10425 17715
8657 12483
8657 10360
13453 17611
13453 14667
13453 13591
8659 10908
8659 13743
8659 17257
8659 14107
8659 19895
8659 17411
8659 19218
8659 18370
18370 19297
11362 11411
11362 14985
8672 10848
8672 9327
8672 11369
10848 15260
10848 15936
8673 14909
8676 18614
8676 16473
8676 18856
14300 18490
8678 15304
8678 17301
8679 16152
10657 18752
10657 14627
12770 18381
12770 16571
12770 17131
11511 15145
11511 13573
8688 9767
8688 10976
9767 11008
9767 17460
8692 13094
8692 14356
14356 14856
8693 10530
8693 16819
16819 19321
9130 11329
9130 9895
9130 14756
9130 17299
8703 16804
8703 8775
8703 16923
8704 13321
8704 9645
8707 15076
16489 17534
15227 16967
15227 19526
15227 19120
8711 18928
8810 13834
8810 12879
8810 10981
8714 10859
8714 15792
8714 15512
8719 11450
8719 14240
15106 16315
15106 19361
15106 17265
17812 18318
8728 18913
18563 19484
8732 11769
8732 11764
8732 17717
8732 13360
11769 17524
11769 13491
11769 12259
8733 17367
8734 9755
8734 13968
8734 10191
8734 18688
9755 18466
10546 18253
10546 11640
10546 19324
10546 18922
10546 16265
8738 17753
9278 12625
9278 12267
8743 13061
8743 13559
8743 19166
8743 16639
8743 10447
8743 18851
10491 14005
10491 11685
10491 15247
19566 19645
12430 15669
13284 15885
13284 15807
11292 17098
11292 17065
11292 14164
11295 13850
15546 19289
15546 19772
15546 17550
11127 12410
11127 17875
8763 10041
8763 18408
8763 12536
18408 19086
13919 15848
8768 13711
8768 19194
8769 16284
8769 10614
8769 15163
8769 11313
16284 17425
10374 11087
10374 15767
8799 15191
8799 11621
9051 9658
9051 14166
9051 9852
9051 11174
11293 13903
11293 15623
13830 16197
13830 19583
8791 19203
10010 11385
10010 10977
10010 18693
8802 11317
8802 10572
10572 13231
10572 14437
8803 10424
8803 15072
8803 15349
14169 19827
14169 15394
14169 17573
8809 18208
12394 18326
8812 10833
8812 18464
8812 17838
8812 9116
8822 10221
8822 13581
13581 13623
8823 19663
8823 18606
8826 10098
8826 17917
8829 14452
8829 18092
8838 11127
8838 16104
8838 9005
8840 15248
8840 17952
8842 13261
8842 11045
8842 18372
8842 17283
9494 15884
8849 15082
8851 12940
8851 17267
8851 12681
12513 15900
14671 14758
8858 10094
8858 19298
10094 16453
10094 17285
10094 10867
17028 19092
8868 14456
8868 15516
8868 17773
17773 19893
14637 17168
14637 18373
8872 14688
8872 13027
8872 18739
13027 19327
13027 19695
13027 13711
8873 15192
8874 11732
8874 18047
8874 9267
8874 17782
8877 16851
8877 18992
8877 11973
14968 15668
14968 19839
8885 11413
8885 13609
8885 17642
8885 13504
8885 11359
8886 13115
8892 9089
8892 9239
15168 18933
15168 18985
15168 16244
15168 17252
14091 15081
18486 18732
17225 19571
9960 11628
8904 9936
8904 15481
8904 13371
15481 19549
18772 19081
8907 12163
8907 11468
9592 16877
16291 19473
17300 17766
10079 14636
10079 19354
8927 18201
8927 10293
10293 17942
10293 11067
10293 13270
10293 13287
8928 16013
8928 18046
8928 18075
12326 13629
16265 19889
8935 10272
10274 11957
8938 19581
8938 16213
9697 14870
8954 14496
8954 10535
10535 13716
10535 19474
10535 12225
10535 16327
9507 18382
8964 13985
8964 9836
8964 11007
8964 11450
8964 19199
8966 17072
8966 13125
8966 18331
8966 14286
8970 9873
8970 19922
8973 18210
8973 17715
8973 13807
8974 14692
8974 9277
8974 18286
8974 11969
8974 16387
8974 15884
11969 13909
11969 18748
11969 18297
8979 17276
9782 11675
9782 17298
14686 19590
14686 18381
9942 10326
10441 15348
10441 12672
13507 13997
13507 15984
10300 18785
10300 14132
10300 19270
8993 10920
9002 10956
9417 16185
9417 10561
9004 18090
9004 10894
13124 16783
13124 18026
13124 18576
9007 14377
9007 15796
14231 19080
14106 15281
15440 17483
15440 19735
9018 11165
9018 18115
11165 18683
9027 18148
9027 11822
9027 17783
9027 19126
12177 17546
16770 18022
16770 17781
16319 17127
9036 14415
9036 16027
10255 15889
14889 19765
9040 10177
9041 9350
9049 17742
9049 10720
9049 10406
9630 15454
9630 12746
9630 17392
9630 19620
17821 19312
18834 19067
9056 9875
9062 11495
9062 11664
9062 10180
13552 14932
9065 9764
11625 17026
11625 16807
15638 17307
9071 18074
9071 10063
9072 16247
9072 14627
15829 19783
12973 19151
12973 19032
12973 15311
9082 14234
9082 17348
9082 10638
9082 10675
9082 10894
9082 17765
10675 19835
10675 19103
10675 17060
9087 12479
9087 10404
9087 14309
18322 18900
14662 18224
14662 16927
9091 9271
9091 16706
9271 13384
9094 14806
9094 12715
9094 12357
9094 11709
12715 15608
12715 18858
15605 18479
15605 16351
9101 19425
9101 18871
9101 9784
9101 13847
9101 17176
9101 12781
9110 19604
9110 12790
9110 19783
9111 13580
9111 17217
9111 10425
17217 18307
9363 18994
9363 18208
16870 19937
14631 15386
14631 18696
9121 15901
9121 17608
9126 14845
9126 11606
11606 18387
11606 12659
9127 17763
9127 18463
13294 17669
11835 17960
11835 13093
9134 18520
9134 15470
9137 19251
9137 12605
12605 18873
12605 19737
9365 18506
9365 16793
9365 10043
9143 17471
9145 12001
9145 17117
9150 10150
9152 15609
9152 12986
9153 11138
9156 18675
9156 17669
17050 17960
9564 9976
14734 19580
9161 17575
9161 13183
9161 13502
9164 9780
15272 19985
13667 18887
10001 18249
10001 12562
10001 18222
9178 13870
9442 12637
9442 10743
9442 14501
9188 9272
9188 17434
9188 17208
9853 18825
9853 15356
9530 14172
9530 14488
9530 13702
15764 19546
15764 16064
15572 16859
9211 12298
9211 17069
9211 11269
9211 11144
9211 12295
9211 14484
11144 19627
11144 17261
10019 10794
9220 15149
9220 13524
9223 14547
9223 19754
9223 12995
9223 18719
9224 15859
9224 11871
9226 19483
9226 16850
9226 13973
9226 11683
9226 14163
11683 13211
11683 12490
11508 12676
11508 11838
9232 10727
9232 14835
9232 17246
9232 16572
10727 14168
10727 17473
14753 14852
17998 18933
12360 19007
12360 16759
10540 17148
9240 10090
9240 15027
9242 16298
9242 14446
9243 10928
9243 15491
9243 12054
14849 17739
13656 14000
13656 17649
16072 17165
9256 16176
9256 11061
9256 12741
9260 17075
9260 15746
9260 18293
13864 16981
13864 13877
9263 18405
9263 18190
11266 15768
10087 10576
10087 19042
9273 11223
9273 14597
9273 11897
11717 17149
11717 15067
11717 12062
9758 13350
9281 14275
9281 10748
9284 16676
9284 15721
9284 13856
15594 16553
9287 16641
9287 11339
9287 19127
18173 18460
14376 16696
14376 17094
9303 13948
9303 13975
9303 18581
18581 19753
9307 15877
11074 15098
11074 16437
9310 17850
9310 14419
9311 10094
9311 16396
9311 9340
11843 15197
11843 12179
12439 16635
12621 14655
12785 14964
15857 17235
15857 19475
16101 17449
13441 14552
9344 12850
9348 17670
9351 18234
9354 18385
9354 18202
9354 15436
9359 17068
9359 17214
9359 10055
16620 19032
10043 18809
10043 13272
10043 11613
9369 9375
9371 10151
9371 11345
16837 19849
9380 11572
9380 12935
9380 18405
9383 19729
11163 17086
11163 12825
19832 19874
14480 16148
14480 19463
14480 19601
9397 10609
9397 15899
9397 14395
9399 12802
9399 15556
9399 15998
11653 13544
11653 12125
11653 19902
11653 14708
18932 18952
9405 14894
9405 9872
9405 14446
15201 15935
9412 11243
9412 12992
9412 15320
11243 17621
9414 13908
9414 17769
13908 14907
13908 14750
9419 13055
9419 18431
9419 16344
18431 19421
18431 19588
9421 14209
9421 10697
15986 19669
9439 18849
9440 13294
9440 11713
11713 16129
11713 11783
10597 10618
10597 15281
10597 14598
10597 13064
10597 18678
13290 14840
13290 14457
12082 13712
10911 16125
10911 18051
9461 15617
9461 10047
9466 12378
9466 13254
9466 18051
9466 11438
9473 19744
9473 15018
9473 19327
9473 9684
9473 11497
9473 16001
9476 12455
9476 19467
9476 17765
9476 13132
9477 14565
9484 16988
9484 11744
9484 15221
9484 12722
9491 18450
9491 17521
9491 19011
9491 19004
15675 19177
13074 14277
9506 14650
9506 16817
9506 17819
17819 18863
17819 18081
9514 9993
9514 9641
9514 10461
9516 18081
9516 17341
16454 16880
9527 9753
14329 15317
14329 18313
10645 12829
9534 19692
9534 11836
9534 16069
11836 18497
9537 14660
10948 15829
19842 19971
9851 10637
9851 18726
9851 11732
9851 14783
9549 10678
9549 9807
9555 9888
9555 15793
10765 15394
12136 19832
14733 16425
9570 11429
9570 18190
9570 15290
14766 19489
10427 19441
10427 17192
11519 14118
11519 19494
11519 19866
14580 19223
9581 19702
10258 16853
10258 13562
10258 11729
10694 13821
10694 13833
10694 13319
9903 9932
9903 12857
9903 12162
9903 12740
9601 13600
9601 16975
9601 10304
11935 13457
11935 16593
14223 16071
14223 16313
9610 19348
9610 16180
10040 16159
10040 13225
13223 13631
9626 15503
9626 19324
9629 15808
9629 18610
9629 17205
9629 13973
14096 16731
14096 16259
14096 16061
14096 14184
16719 18837
16719 19412
16719 17370
13577 15843
10552 11965
9656 19226
9656 15479
9656 18090
9657 16924
9657 11867
11867 18360
11867 11868
11867 18499
10925 13533
10925 12017
10925 14869
10925 18524
14797 18447
9661 10505
13035 19941
9666 14344
9666 10577
10577 19528
13402 18364
13402 19064
9675 13180
13180 17100
13180 18605
12250 19763
15244 17619
19276 19473
19276 19470
9682 10824
9682 9994
9682 9839
9682 16530
9695 16188
9695 19734
16188 19021
16188 16854
9696 11795
9699 19747
9699 19897
12914 17675
12321 14883
12321 19192
12321 12400
9995 18277
9995 11346
9995 11510
9995 18308
9718 18065
9723 17083
9723 13232
9723 13694
9734 15237
9734 17789
9734 16608
9734 10387
9734 16284
10387 13846
10387 13188
13480 14041
13463 13930
13463 15223
13463 17874
13463 14197
9748 15257
9748 18856
9748 18905
9751 9837
9751 18972
16459 17427
14202 15413
12069 16774
11008 16948
11008 11429
9769 18694
9769 19370
10273 10587
13843 19412
13843 18848
13843 18282
9793 19277
9793 15096
15096 17892
9794 19675
9794 10935
9794 10499
10935 17998
10935 12808
10935 11320
9799 10087
9799 13591
9799 10650
9799 18044
10650 11872
10650 16488
10650 11672
9802 14788
14788 18545
14788 15000
14788 18724
9803 15591
9803 16109
9803 18370
9804 18840
9804 14606
9804 13148
13148 15018
9813 19415
9813 11071
10938 11287
10938 14176
10938 12358
9823 13798
9823 18307
9823 15104
9826 14582
9826 19423
9826 10728
9826 11844
10728 18812
9833 12957
9833 16950
9833 19205
13738 18976
13738 17417
9840 13037
13526 14614
13526 16304
9846 17953
9846 11591
9846 19833
9846 15777
17953 18575
10637 12989
17268 18518
9859 17653
9859 16095
9859 19035
9860 17854
9863 19228
9863 12052
15164 15621
9890 12960
9890 10713
9890 13305
9890 15259
9890 15876
9890 15479
18215 19347
16618 17346
9876 18533
9876 12845
9876 9978
9880 18573
9880 15909
9880 14469
9880 17515
9889 16798
9889 9965
10713 17163
10713 16086
10713 13830
9898 17550
9898 14753
9898 12327
9898 19180
9898 10965
13735 18416
13889 18707
9921 13240
9921 11294
13380 18073
13380 14741
14069 19328
9919 11113
11916 12246
11916 15625
11817 18454
11817 18100
11817 13263
9941 13546
9941 18950
9944 12718
9944 13486
9944 14164
12718 19829
9953 17704
15927 16656
15927 17019
12086 17346
12086 16244
12086 15707
12086 16276
13249 19678
9968 17850
9968 11539
13563 18731
13563 18317
13563 18785
9972 11018
9974 11658
17712 19951
12495 15937
12495 13128
10536 17734
10536 19854
10536 13844
15938 16662
18277 19875
11346 19222
9996 12220
9996 13435
13459 18698
10375 14874
10375 16016
10014 16209
10022 14011
13858 19881
10733 12078
10733 13395
10733 15495
10026 12691
10026 12804
12804 19741
10032 17648
10032 16566
10032 12236
17600 19720
10037 14920
10037 12598
10042 13537
14864 15580
10052 16846
10052 10398
10059 17371
15908 19212
15908 18831
10336 13011
10336 17636
10061 15860
10061 16149
10062 10279
12620 13636
12620 16304
12620 15651
12620 18249
10470 15091
14372 18638
14372 18456
10076 11844
10081 17156
10081 12962
10081 17502
10081 19276
10081 10322
10081 17378
13076 18266
13076 19135
14956 18995
14956 15218
14956 18351
17285 17870
17285 17938
17285 19769
16246 18830
10161 19269
10161 15889
17386 17887
17386 17814
10113 12453
12294 14612
12294 13998
14038 15835
14038 18279
14038 19039
14038 14299
10125 14751
10125 13546
10125 10658
14751 19851
14751 19727
10126 16370
10126 16898
10126 16631
10127 10462
10127 15373
10127 13297
10129 16718
10129 14096
15500 19785
10132 13462
10132 11306
10132 19695
10132 17047
10133 17261
13222 14718
17052 18787
11394 19648
11394 18673
14922 19233
14922 17535
17338 17789
17338 18757
10170 15511
10170 12849
10170 14366
12849 17500
12849 17071
10171 17356
10171 18980
17818 19659
14618 18445
17427 17978
17697 19699
10192 16771
10194 19565
10195 12021
10195 19402
10195 10842
10196 14867
14867 16323
10199 10327
18259 18322
10203 11907
10203 14279
11907 18549
11907 17709
10206 15647
10209 16149
10211 10614
10214 12119
10217 14985
10217 19992
12609 12832
10223 10387
10223 16266
10231 14488
10231 13166
10231 19017
10234 17164
10234 16965
10234 11709
10237 18515
10237 15801
10241 19101
10241 10407
10243 14935
10243 14862
10244 14910
10244 19102
10244 16040
10252 17156
10257 18276
10257 10789
10257 19555
18276 18700
10262 19503
10262 17558
10262 18978
10587 14339
11957 19624
10297 13817
18946 19756
11013 11115
11013 15343
10309 13702
10311 14493
10311 14216
14216 19700
14216 18056
10714 12637
10315 18383
10315 11694
17492 18737
10328 11701
10328 12975
10328 14466
10328 13275
11859 15917
16411 19598
10339 19971
10339 13607
10340 11377
10340 14998
15652 16977
15652 16686
15652 18208
10364 17295
10365 19632
10365 10731
10731 13631
10367 13318
10368 12276
17170 17972
16576 19227
11087 12940
11087 13972
11087 12475
12663 17612
11210 11395
11210 16994
10385 13697
10385 16104
10385 18731
10395 14505
10395 17126
10396 11309
10400 13464
12444 14289
12444 14393
12444 19339
17172 17407
12556 17681
12556 18413
13726 17834
13726 15621
13726 17162
10685 19356
13869 19535
13869 19323
10431 15309
10431 18671
10431 17535
10431 18645
10431 10565
15309 18359
15309 18431
10433 10770
15608 16939
10457 13087
10457 13644
17223 19092
13755 14617
10471 17305
10481 17357
10481 11198
10481 11685
10482 16893
10482 14457
17682 17824
18676 19670
10487 18989
13815 16814
14005 14732
14005 16735
10493 14519
14519 16337
14429 17213
11561 13932
11561 19317
11561 19971
11100 18342
10511 14139
10515 11994
10516 16821
10516 17244
18239 18936
10523 16271
10523 16298
10523 14167
10525 16404
10525 19711
11869 16134
11869 16155
10553 15770
10553 19081
10569 15461
13231 16489
13231 17465
13231 13261
10575 14179
10575 14471
10581 12790
10581 17462
11142 15105
11142 17420
10589 19338
10589 16948
10589 15399
16523 19295
14924 16411
10613 11656
16919 17262
19246 19577
10620 13651
10620 15404
10620 11147
10620 17361
15557 19060
17151 17437
12341 17633
10636 11351
10649 13434
10649 16353
11872 13740
11872 12828
11872 17246
14709 17164
15338 16926
15338 19924
10665 19154
10665 18008
10665 12827
12827 13085
12827 19449
19122 19199
13964 17399
13964 17910
13964 17133
16564 18811
11358 14911
11358 15395
12870 18748
12870 19443
12870 15010
13821 17734
13821 14500
18603 18888
18603 19644
15235 16353
15235 18811
10701 12232
12126 16104
16201 19966
10708 16605
10708 15728
16605 18086
10712 16480
10712 18735
12742 15658
12742 14567
11097 19467
11097 13833
11097 13649
11097 16178
10725 19247
10725 12569
10726 19897
10749 15920
10749 19489
13121 14493
13121 17357
13121 17839
10741 15980
10746 13565
11779 16778
10752 17703
10752 13424
10761 17863
10761 11442
10761 18281
10761 17739
10761 19977
10761 13233
12761 14961
10799 15699
10802 10966
10802 16254
10803 19048
10807 19091
12469 17757
12469 17706
12469 15843
10814 13588
10814 14223
18462 19272
14993 15698
10829 19853
14278 18746
10839 19615
10839 18249
10839 18013
16241 16716
16241 18145
10849 10941
10850 12050
10850 11204
10850 13377
10850 18334
16927 17478
16927 19278
13407 17287
12173 12575
10858 11432
10858 13492
17012 18394
17012 17272
13853 18421
10881 16272
10883 15331
13239 14682
13239 17437
13239 18593
10891 16465
10897 14329
10897 12835
10897 16561
10897 12066
15627 16406
12878 15196
12878 13339
14880 19234
14880 19285
10929 16513
10929 15166
10933 15880
12266 19744
12266 15364
12266 19281
10951 16526
10951 12918
12754 18586
12754 17764
10958 13706
10958 17128
10963 18204
10963 14115
10963 19099
10963 18700
10963 18555
14115 18646
18899 19064
10984 17919
10984 13422
10987 16757
10987 18865
16757 17144
10993 19312
10993 11653
10993 14281
14596 18154
11014 13000
11017 17763
11017 19917
11017 18982
13495 15482
13495 13835
13495 16516
11028 18643
11028 19166
11035 18437
11035 15286
11035 13040
11035 18982
15858 18912
15858 18433
11062 12865
11062 12497
11081 12461
13736 17129
13736 19779
19306 19492
11086 13808
13430 18333
11092 14523
11092 12070
11096 15828
11096 13586
11096 12585
11096 19249
15949 16360
11110 18773
11110 11710
15826 17338
13473 19217
13473 17021
13473 19209
17741 19883
17741 19522
16649 16856
11141 16204
11141 18480
16294 19427
11149 13300
11149 13605
11149 11221
11167 15977
11167 13523
11167 12100
11177 15850
11177 14088
11177 18931
15781 18383
13564 15142
13564 15943
13564 17908
11190 14448
11190 15586
11190 15336
13979 17895
13979 19394
12575 13105
12575 13251
14639 18281
12264 18039
11196 16620
11196 19283
11588 17787
11588 12830
17959 19724
13505 17141
13505 17214
11632 15443
11215 16682
11215 12447
11215 12675
11215 12951
15138 19286
15138 16275
11240 17420
11240 18252
11248 15211
11248 12030
17008 17506
17008 19488
17008 18842
11255 17528
14099 15816
11263 16989
11263 13699
14868 17464
14868 16358
11270 12352
11270 11902
11270 15804
17029 17837
11273 16734
11273 17510
11282 12233
11285 18883
11288 11439
11439 18701
11439 16400
11303 17718
11303 12039
11303 11519
11303 15327
12380 16858
11322 14907
12172 16128
12172 15516
13862 19098
13862 16869
17976 19747
17976 18164
12003 14454
11334 16098
11334 16106
13728 14579
11344 19788
11344 16611
11344 13348
15125 19679
15125 16084
15797 18271
11354 16034
11354 13697
11411 16644
11411 11471
11365 18175
11365 14926
11365 13633
19539 19833
11373 15376
11374 14730
11374 14580
15563 18127
17603 19935
11387 16966
11390 18354
18576 18577
11415 12419
11415 14033
16376 19994
18073 19139
12012 18631
12012 16864
12012 15079
12012 15607
11456 17949
11456 18378
11456 18255
18255 18795
11460 13101
11461 13491
12792 15310
12792 17373
14901 18906
11472 14479
11474 16646
11474 17749
11474 17670
11474 18890
14570 18869
14570 15040
14570 16399
15703 16918
15703 16936
15703 16801
12482 18957
11500 12258
12258 12910
12258 17162
12258 14302
19238 19361
14981 16229
14981 17046
14981 17368
11518 16313
12490 14843
12490 17215
11532 15909
11532 17993
11532 18824
11532 13033
11668 13639
11668 16039
11668 19404
11724 14943
11724 18463
11724 18069
11547 15744
11547 16803
11555 12153
11555 16482
14337 17477
14337 19874
14337 19470
15026 18406
15026 15671
15026 18610
11574 13143
11574 15899
13143 13886
13143 16759
11634 11825
11634 17950
11634 16043
11578 19381
15630 17814
15630 18281
15630 17014
11590 15430
11590 16885
11593 16207
11593 16612
11595 18084
13187 15303
11616 13800
11617 13575
11622 15439
11626 15024
11626 14669
11638 16543
11638 13010
11638 17749
11638 13357
11641 13353
11641 17179
11641 15865
11641 14277
14960 17079
11662 15984
13262 15136
15672 17163
12014 19439
12014 14955
11689 17164
11691 11955
11691 19488
14272 19425
14272 19752
14272 16928
14272 19327
11700 13581
11700 14489
16567 17116
12062 17809
12190 13711
14943 15907
11739 15235
17876 18780
14954 18922
17228 17549
11763 17553
11763 16427
11885 14464
11885 13802
12367 14402
12367 18580
12367 15402
12367 13103
12399 17141
12993 19119
12993 19918
11780 16455
11780 15196
11780 12192
12192 18346
11781 11990
11786 13202
15958 17693
11813 18513
11813 15107
11813 15362
11814 14283
11814 17811
11814 16934
13969 14768
13969 15250
11819 18517
11827 13792
11827 13483
11827 15515
11827 15445
13483 17855
13483 16033
15445 17886
11831 13899
13899 16182
11837 16968
16402 18453
16402 18713
11854 17569
11854 17644
11854 14558
14558 17856
14558 17640
14558 17986
11868 12423
12828 17330
11878 15606
11878 18444
11883 19882
11883 13463
11895 15190
13974 19947
11905 12297
11908 15945
15322 17395
11928 17598
15988 16077
12894 16859
12894 15328
17538 17676
12629 12725
12629 18915
12629 16821
12971 15376
12971 13963
12971 14534
11962 18567
12840 17472
12121 15106
12121 14869
12121 12776
12121 19079
11967 17993
11967 15497
15139 17976
11972 12762
13824 16569
13824 16907
11993 13915
14298 15063
14298 18109
12008 13767
12011 18379
12011 16813
12011 15565
16813 19854
12015 17059
12015 16416
12016 19777
12016 15884
12034 15442
12034 17548
15016 18394
12076 19744
12076 12867
16276 17794
16276 18039
16276 19596
14187 18051
12091 14606
12091 16093
12099 16582
12099 12315
12099 15787
12315 16244
12107 17101
14529 17595
14529 14547
12776 18698
12776 18725
12130 16247
17062 18913
17062 17739
12181 16072
12191 16759
12206 13923
12230 17107
12998 16225
12998 16435
12998 18637
12998 19941
12998 15686
12998 17670
16363 17644
14302 15622
14302 14823
12261 19004
12261 17614
12275 16612
14801 17006
14801 15274
12279 15465
12279 16200
12279 19374
13606 17098
13606 16798
13606 13820
13606 17484
12284 12944
12284 14191
12284 18838
12285 12736
12287 17151
12287 18629
13622 15909
13998 14039
12314 19405
12314 18352
16280 18877
12525 13314
12525 16626
12347 19784
12347 16641
12347 18355
12347 19853
12350 16510
12351 17278
12351 16190
12364 15515
14402 17781
14402 16833
14402 18216
13982 18584
14365 18060
14365 17006
17417 19332
14125 18838
12395 13921
12412 15669
12412 12803
12412 17546
12413 16748
12413 19636
12413 14271
12413 16759
12426 18676
12435 19126
12451 15295
16285 18419
14270 15249
12500 12911
12500 16330
13466 14875
13466 16798
12528 14957
13172 15496
13172 18270
12530 15910
12530 19745
15230 18470
15230 16669
13269 14099
17307 19447
17307 18294
16113 16268
16113 19424
12616 14563
12725 16300
15612 17139
15612 18318
12650 15530
12650 13500
15530 16552
15530 15603
15749 17455
12990 19657
12990 18457
12990 17952
12990 13568
12990 19600
12990 15800
12712 16203
12727 17031
12727 15104
12729 16136
12729 19214
12729 17725
12731 13457
12731 19746
12731 14522
12738 13930
13930 18629
13930 14727
15646 18243
15646 18956
15879 16806
15388 17564
15388 17275
15371 16304
15371 16030
17639 19374
18756 19902
12831 14154
12831 16505
12853 19876
12856 15860
12859 16764
12859 14046
12861 14642
12866 18483
12866 12933
12866 19591
14036 16409
12874 19701
12874 14336
12874 18491
12881 15750
14555 19064
17544 18043
12908 13386
12908 18730
12908 16071
12909 15800
12909 19571
12909 14869
12909 13998
18418 19598
12924 15714
12925 14028
12925 18988
18320 19090
12937 19015
12956 19044
12956 15092
18438 19963
13638 15113
17396 19624
13316 18660
13316 18962
13310 16326
13004 16904
13009 16594
13009 17964
13013 18766
13013 15769
13016 19672
13019 19696
13019 18369
14370 14877
14370 18911
13045 18514
18786 19867
18786 19355
13051 15535
13051 19046
13058 15225
13058 15921
13073 19193
14239 16342
14239 17841
13082 14364
14364 15280
14364 15475
14364 19686
19414 19535
13129 15735
17370 18471
13135 14068
13140 14020
13140 17994
13140 16081
13886 15888
13872 14933
13872 18070
13154 19872
13154 19859
13155 15402
17751 19549
13165 16125
13167 13727
13181 18211
13193 13791
13203 14709
13203 15319
13209 14557
13209 14696
13209 15139
13210 17466
13210 18837
13289 19521
13704 14667
13704 15576
13241 14599
13252 15636
13252 13451
13265 15868
13267 14907
13267 15237
13288 16099
13288 18200
13298 13878
13298 14648
13298 18965
13301 19285
17329 19800
13312 13580
13325 15881
13326 19859
13326 15729
15577 19289
13383 17433
17433 18837
13401 17864
13401 13784
13401 17470
15198 18543
15198 16520
15198 19741
15198 18954
13420 14910
13420 19443
13420 17611
14485 17332
14485 15781
14485 15482
13439 14504
13455 14914
13455 17961
13455 17428
14875 16163
14875 15032
14875 17877
14560 15820
13499 14619
13499 17896
14619 17640
13506 13839
13865 14568
13776 15965
16629 18192
13538 17285
13538 13726
13549 17744
13549 19897
14932 17244
15059 19498
15059 16149
15059 15883
14933 19365
14933 19146
14199 15834
14199 16357
14199 16097
14199 15326
17304 18503
13596 16448
13641 14555
13641 19222
13652 18945
13652 18564
13652 18943
13654 18516
13654 16292
13672 15985
13672 17484
13676 19141
13707 15004
16796 19415
13751 17871
13751 14344
13762 14075
13762 16937
14915 17678
14915 16665
17585 18983
17585 19686
13789 18814
13789 19147
13799 17662
13799 14601
17662 19235
16038 18695
16038 16124
13826 16124
13832 18647
13832 18354
13832 17369
13841 15735
13860 14671
16053 18206
13881 14079
13881 16602
13881 16508
13917 17673
13917 14884
13931 19853
13931 19578
13931 17891
16779 19012
13939 14425
13939 16458
13940 15187
13941 18929
17702 17939
13978 19699
13992 18978
13992 16272
14019 19550
14042 18076
14048 15877
14048 14370
14048 14513
14058 18192
14062 16540
16955 19228
16955 17385
14184 16560
15853 17734
14162 17654
14162 18466
14162 17724
19513 19766
14305 18121
15231 18517
15490 19164
15249 19096
15249 16826
18859 19804
14290 17871
14290 16981
14311 16656
17234 18040
17234 18851
14319 16084
17477 18391
14374 19135
14374 19943
14374 18929
14386 19458
14389 17839
14389 15464
14389 19314
14389 19291
14846 18499
14846 15428
14433 18252
17885 18170
17885 19044
14468 18951
15585 18958
15487 18618
15274 18654
14537 18796
14537 19784
18796 18832
14586 17289
14586 16958
14589 17676
17676 18573
14610 15241
14611 19346
14611 18361
14621 16841
16520 19558
14723 15272
14723 19252
14723 18715
15864 19048
14761 17249
14773 14784
14773 15598
14776 15439
14780 19643
14780 15295
14780 17071
14785 18850
17382 18406
14838 15447
14841 17619
14861 18251
14861 15279
14865 16432
14888 17874
15480 17623
15480 18321
15480 16668
15501 19980
15501 19506
16194 19244
16194 19558
18525 19107
14963 15246
15357 16882
15003 15821
15003 15100
15013 16382
16732 17098
15048 19658
15052 17785
15095 16301
15155 17088
15165 17874
15165 17537
15170 16935
17805 18475
15935 18686
15935 18035
15205 18015
15205 17965
18015 18557
15209 17260
15209 18886
16218 16505
15431 15716
15457 17585
16320 19952
15517 15757
15519 19698
17679 18587
15545 18929
15604 17713
15604 17251
17256 18759
16156 18484
15624 16096
15639 17276
15682 18140
15682 19559
15700 15803
15741 17948
15751 17152
18909 19295
18909 19708
15827 19348
15827 16097
15844 15908
15844 18212
15869 17393
15869 16204
15869 18301
15869 16581
15869 16196
16806 19074
18310 19252
15887 19723
15914 16284
15995 18733
15995 19042
16010 17446
16010 17853
16168 18934
16645 17089
16042 17350
16058 17408
16058 16573
19424 19868
16184 18886
19805 19993
16277 18350
16350 18711
16365 19845
16476 17023
16502 19209
18117 18877
16598 19525
16598 19271
16609 18883
17947 17984
16663 18056
17438 18261
16689 19900
16825 17969
16834 17954
18959 19472
18590 19623
17027 18407
17057 19947
17091 19478
17095 17754
17161 17338
17284 18899
17302 19296
17577 19572
17577 18209
17596 18395
17632 18129
19076 19247
19076 19977
19076 19440
17756 19338
17778 18649
17778 19746
17779 18106
17790 19263
17801 18997
17801 17997
17846 18011
17873 19529
17930 19666
17930 18038
17930 19700
17981 19043
18006 18535
18113 18630
18183 18537
18199 18872
18233 19877
18296 19129
18509 18641
18758 19726
19062 19695
19083 19483
19471 19565
